# tracer: function
#
# entries-in-buffer/entries-written: 5987/5987   #P:4
#
#                                _-----=> irqs-off/BH-disabled
#                               / _----=> need-resched
#                              | / _---=> hardirq/softirq
#                              || / _--=> preempt-depth
#                              ||| / _-=> migrate-disable
#                              |||| /     delay
#           TASK-PID     CPU#  |||||  TIMESTAMP  FUNCTION
#              | |         |   |||||     |         |
          <idle>-0       [002] dnh.. 19984.603208: sched_wakeup: comm=kworker/u16:0 pid=419 prio=120 target_cpu=002
          <idle>-0       [002] d.... 19984.603284: sched_switch: prev_comm=swapper/2 prev_pid=0 prev_prio=120 prev_state=R ==> next_comm=kworker/u16:0 next_pid=419 next_prio=120
   kworker/u16:0-419     [002] d.... 19984.603370: sched_switch: prev_comm=kworker/u16:0 prev_pid=419 prev_prio=120 prev_state=I ==> next_comm=swapper/2 next_pid=0 next_prio=120
          <idle>-0       [001] dnh.. 19984.603374: sched_wakeup: comm=sudo pid=598 prio=120 target_cpu=001
          <idle>-0       [001] d.... 19984.603460: sched_switch: prev_comm=swapper/1 prev_pid=0 prev_prio=120 prev_state=R ==> next_comm=sudo next_pid=598 next_prio=120
            sudo-598     [001] d.... 19984.604445: sched_switch: prev_comm=sudo prev_pid=598 prev_prio=120 prev_state=S ==> next_comm=swapper/1 next_pid=0 next_prio=120
 clone_process_d-600     [000] ..... 19984.604861: do_exit+0xc/0xa24 <-do_group_exit+0x40/0x8c
 clone_process_d-600     [000] ..... 19984.604881: <stack trace>
 => do_exit+0x10/0xa24
 => do_group_exit+0x40/0x8c
 => pid_child_should_wake+0x0/0x68
 clone_process_d-600     [000] ..... 19984.604911: sched_process_exit: comm=clone_process_d pid=600 prio=120 group_dead=true
 clone_process_d-600     [000] dn... 19984.605581: signal_generate: sig=17 errno=0 code=1 comm=sudo pid=599 grp=1 res=0
 clone_process_d-600     [000] d.... 19984.605618: sched_switch: prev_comm=clone_process_d prev_pid=600 prev_prio=120 prev_state=Z ==> next_comm=swapper/0 next_pid=0 next_prio=120
          <idle>-0       [003] dnh.. 19984.605618: sched_wakeup: comm=sudo pid=599 prio=120 target_cpu=003
          <idle>-0       [003] d.... 19984.605645: sched_switch: prev_comm=swapper/3 prev_pid=0 prev_prio=120 prev_state=R ==> next_comm=sudo next_pid=599 next_prio=120
            sudo-599     [003] d.... 19984.605736: signal_deliver: sig=17 errno=0 code=1 sa_handler=76ef2f51 sa_flags=14000004
            sudo-599     [003] ..... 19984.606886: do_exit+0xc/0xa24 <-do_group_exit+0x40/0x8c
          <idle>-0       [001] dnh.. 19984.606892: sched_wakeup: comm=sudo pid=598 prio=120 target_cpu=001
            sudo-599     [003] ..... 19984.606905: <stack trace>
 => do_exit+0x10/0xa24
 => do_group_exit+0x40/0x8c
 => pid_child_should_wake+0x0/0x68
          <idle>-0       [001] d.... 19984.606921: sched_switch: prev_comm=swapper/1 prev_pid=0 prev_prio=120 prev_state=R ==> next_comm=sudo next_pid=598 next_prio=120
            sudo-599     [003] ..... 19984.606952: sched_process_exit: comm=sudo pid=599 prio=120 group_dead=true
            sudo-599     [003] d.... 19984.607699: signal_generate: sig=1 errno=0 code=128 comm=sudo pid=599 grp=1 res=1
            sudo-599     [003] dn... 19984.607895: signal_generate: sig=17 errno=0 code=1 comm=sudo pid=598 grp=1 res=0
            sudo-599     [003] d.... 19984.607925: sched_switch: prev_comm=sudo prev_pid=599 prev_prio=120 prev_state=Z ==> next_comm=swapper/3 next_pid=0 next_prio=120
            sudo-598     [001] d.... 19984.607946: signal_deliver: sig=17 errno=0 code=1 sa_handler=76ef2f51 sa_flags=14000004
            sudo-598     [001] dn... 19984.609195: sched_wakeup: comm=kworker/1:0 pid=592 prio=120 target_cpu=001
            sudo-598     [001] d.... 19984.609228: sched_switch: prev_comm=sudo prev_pid=598 prev_prio=120 prev_state=R+ ==> next_comm=kworker/1:0 next_pid=592 next_prio=120
     kworker/1:0-592     [001] d.... 19984.609297: sched_switch: prev_comm=kworker/1:0 prev_pid=592 prev_prio=120 prev_state=I ==> next_comm=sudo next_pid=598 next_prio=120
          <idle>-0       [002] dnh.. 19984.611578: sched_wakeup: comm=systemd-logind pid=152 prio=120 target_cpu=002
          <idle>-0       [002] d.... 19984.611603: sched_switch: prev_comm=swapper/2 prev_pid=0 prev_prio=120 prev_state=R ==> next_comm=systemd-logind next_pid=152 next_prio=120
  systemd-logind-152     [002] d.... 19984.613634: sched_switch: prev_comm=systemd-logind prev_pid=152 prev_prio=120 prev_state=S ==> next_comm=swapper/2 next_pid=0 next_prio=120
          <idle>-0       [000] dnh.. 19984.613639: sched_wakeup: comm=systemd-journal pid=114 prio=120 target_cpu=000
          <idle>-0       [000] d.... 19984.613665: sched_switch: prev_comm=swapper/0 prev_pid=0 prev_prio=120 prev_state=R ==> next_comm=systemd-journal next_pid=114 next_prio=120
 systemd-journal-114     [000] d.... 19984.617883: sched_switch: prev_comm=systemd-journal prev_pid=114 prev_prio=120 prev_state=S ==> next_comm=swapper/0 next_pid=0 next_prio=120
          <idle>-0       [003] dns.. 19984.621702: sched_wakeup: comm=rcu_sched pid=15 prio=120 target_cpu=003
          <idle>-0       [003] d.... 19984.621763: sched_switch: prev_comm=swapper/3 prev_pid=0 prev_prio=120 prev_state=R ==> next_comm=rcu_sched next_pid=15 next_prio=120
       rcu_sched-15      [003] d.... 19984.621814: sched_switch: prev_comm=rcu_sched prev_pid=15 prev_prio=120 prev_state=I ==> next_comm=swapper/3 next_pid=0 next_prio=120
            sudo-598     [001] ..... 19984.622816: do_exit+0xc/0xa24 <-do_group_exit+0x40/0x8c
            sudo-598     [001] ..... 19984.622836: <stack trace>
 => do_exit+0x10/0xa24
 => do_group_exit+0x40/0x8c
 => pid_child_should_wake+0x0/0x68
            sudo-598     [001] ..... 19984.622870: sched_process_exit: comm=sudo pid=598 prio=120 group_dead=true
            sudo-598     [001] dn... 19984.623964: signal_generate: sig=17 errno=0 code=1 comm=systemd pid=1 grp=1 res=0
            sudo-598     [001] dn... 19984.623979: signal_generate: sig=17 errno=0 code=1 comm=bash pid=206 grp=1 res=0
          <idle>-0       [003] dnh.. 19984.623999: sched_wakeup: comm=systemd pid=1 prio=120 target_cpu=003
          <idle>-0       [003] d.... 19984.624022: sched_switch: prev_comm=swapper/3 prev_pid=0 prev_prio=120 prev_state=R ==> next_comm=systemd next_pid=1 next_prio=120
            sudo-598     [001] d.... 19984.624029: sched_switch: prev_comm=sudo prev_pid=598 prev_prio=120 prev_state=Z ==> next_comm=swapper/1 next_pid=0 next_prio=120
          <idle>-0       [000] dnh.. 19984.624041: sched_wakeup: comm=bash pid=206 prio=120 target_cpu=000
          <idle>-0       [000] d.... 19984.624072: sched_switch: prev_comm=swapper/0 prev_pid=0 prev_prio=120 prev_state=R ==> next_comm=bash next_pid=206 next_prio=120
            bash-206     [000] d.... 19984.624685: signal_deliver: sig=17 errno=0 code=1 sa_handler=4b56fd sa_flags=14000000
         systemd-1       [003] d.... 19984.626464: sched_switch: prev_comm=systemd prev_pid=1 prev_prio=120 prev_state=S ==> next_comm=swapper/3 next_pid=0 next_prio=120
            bash-206     [000] d.... 19984.626611: sched_switch: prev_comm=bash prev_pid=206 prev_prio=120 prev_state=S ==> next_comm=swapper/0 next_pid=0 next_prio=120
          <idle>-0       [003] dns.. 19984.641746: sched_wakeup: comm=rcu_sched pid=15 prio=120 target_cpu=003
          <idle>-0       [003] d.... 19984.641843: sched_switch: prev_comm=swapper/3 prev_pid=0 prev_prio=120 prev_state=R ==> next_comm=rcu_sched next_pid=15 next_prio=120
       rcu_sched-15      [003] d.... 19984.641930: sched_switch: prev_comm=rcu_sched prev_pid=15 prev_prio=120 prev_state=I ==> next_comm=swapper/3 next_pid=0 next_prio=120
          <idle>-0       [003] dns.. 19984.661768: sched_wakeup: comm=rcu_sched pid=15 prio=120 target_cpu=003
          <idle>-0       [003] d.... 19984.661859: sched_switch: prev_comm=swapper/3 prev_pid=0 prev_prio=120 prev_state=R ==> next_comm=rcu_sched next_pid=15 next_prio=120
       rcu_sched-15      [003] d.... 19984.661940: sched_switch: prev_comm=rcu_sched prev_pid=15 prev_prio=120 prev_state=I ==> next_comm=swapper/3 next_pid=0 next_prio=120
          <idle>-0       [001] dns.. 19984.671717: sched_wakeup: comm=kworker/1:0 pid=592 prio=120 target_cpu=001
          <idle>-0       [001] d.... 19984.671745: sched_switch: prev_comm=swapper/1 prev_pid=0 prev_prio=120 prev_state=R ==> next_comm=kworker/1:0 next_pid=592 next_prio=120
     kworker/1:0-592     [001] d.... 19984.671793: sched_switch: prev_comm=kworker/1:0 prev_pid=592 prev_prio=120 prev_state=I ==> next_comm=swapper/1 next_pid=0 next_prio=120
          <idle>-0       [003] dns.. 19984.681756: sched_wakeup: comm=rcu_sched pid=15 prio=120 target_cpu=003
          <idle>-0       [003] d.... 19984.681838: sched_switch: prev_comm=swapper/3 prev_pid=0 prev_prio=120 prev_state=R ==> next_comm=rcu_sched next_pid=15 next_prio=120
       rcu_sched-15      [003] d.... 19984.681919: sched_switch: prev_comm=rcu_sched prev_pid=15 prev_prio=120 prev_state=I ==> next_comm=swapper/3 next_pid=0 next_prio=120
          <idle>-0       [001] dns.. 19984.701689: sched_wakeup: comm=kworker/1:0 pid=592 prio=120 target_cpu=001
          <idle>-0       [001] d.... 19984.701743: sched_switch: prev_comm=swapper/1 prev_pid=0 prev_prio=120 prev_state=R ==> next_comm=kworker/1:0 next_pid=592 next_prio=120
          <idle>-0       [003] dns.. 19984.701743: sched_wakeup: comm=rcu_sched pid=15 prio=120 target_cpu=003
     kworker/1:0-592     [001] d.... 19984.701794: sched_switch: prev_comm=kworker/1:0 prev_pid=592 prev_prio=120 prev_state=I ==> next_comm=swapper/1 next_pid=0 next_prio=120
          <idle>-0       [003] d.... 19984.701828: sched_switch: prev_comm=swapper/3 prev_pid=0 prev_prio=120 prev_state=R ==> next_comm=rcu_sched next_pid=15 next_prio=120
       rcu_sched-15      [003] d.... 19984.701894: sched_switch: prev_comm=rcu_sched prev_pid=15 prev_prio=120 prev_state=I ==> next_comm=swapper/3 next_pid=0 next_prio=120
          <idle>-0       [003] dns.. 19984.721754: sched_wakeup: comm=rcu_sched pid=15 prio=120 target_cpu=003
          <idle>-0       [003] d.... 19984.721838: sched_switch: prev_comm=swapper/3 prev_pid=0 prev_prio=120 prev_state=R ==> next_comm=rcu_sched next_pid=15 next_prio=120
       rcu_sched-15      [003] d.... 19984.721909: sched_switch: prev_comm=rcu_sched prev_pid=15 prev_prio=120 prev_state=I ==> next_comm=swapper/3 next_pid=0 next_prio=120
          <idle>-0       [003] dns.. 19984.741697: sched_wakeup: comm=rcu_sched pid=15 prio=120 target_cpu=003
          <idle>-0       [001] dnh.. 19984.741750: sched_wakeup: comm=kcompactd0 pid=44 prio=120 target_cpu=001
          <idle>-0       [003] d.... 19984.741760: sched_switch: prev_comm=swapper/3 prev_pid=0 prev_prio=120 prev_state=R ==> next_comm=rcu_sched next_pid=15 next_prio=120
          <idle>-0       [001] d.... 19984.741782: sched_switch: prev_comm=swapper/1 prev_pid=0 prev_prio=120 prev_state=R ==> next_comm=kcompactd0 next_pid=44 next_prio=120
       rcu_sched-15      [003] d.... 19984.741795: sched_switch: prev_comm=rcu_sched prev_pid=15 prev_prio=120 prev_state=I ==> next_comm=swapper/3 next_pid=0 next_prio=120
      kcompactd0-44      [001] d.... 19984.741811: sched_switch: prev_comm=kcompactd0 prev_pid=44 prev_prio=120 prev_state=S ==> next_comm=swapper/1 next_pid=0 next_prio=120
          <idle>-0       [003] dns.. 19984.761752: sched_wakeup: comm=rcu_sched pid=15 prio=120 target_cpu=003
          <idle>-0       [003] d.... 19984.761838: sched_switch: prev_comm=swapper/3 prev_pid=0 prev_prio=120 prev_state=R ==> next_comm=rcu_sched next_pid=15 next_prio=120
       rcu_sched-15      [003] d.... 19984.761896: sched_switch: prev_comm=rcu_sched prev_pid=15 prev_prio=120 prev_state=I ==> next_comm=swapper/3 next_pid=0 next_prio=120
          <idle>-0       [003] dnH.. 19984.771838: sched_wakeup: comm=rcu_sched pid=15 prio=120 target_cpu=003
          <idle>-0       [003] d.... 19984.771925: sched_switch: prev_comm=swapper/3 prev_pid=0 prev_prio=120 prev_state=R ==> next_comm=rcu_sched next_pid=15 next_prio=120
       rcu_sched-15      [003] d.... 19984.771977: sched_switch: prev_comm=rcu_sched prev_pid=15 prev_prio=120 prev_state=I ==> next_comm=swapper/3 next_pid=0 next_prio=120
          <idle>-0       [003] dns.. 19984.791754: sched_wakeup: comm=rcu_sched pid=15 prio=120 target_cpu=003
          <idle>-0       [003] d.... 19984.791838: sched_switch: prev_comm=swapper/3 prev_pid=0 prev_prio=120 prev_state=R ==> next_comm=rcu_sched next_pid=15 next_prio=120
       rcu_sched-15      [003] d.... 19984.791921: sched_switch: prev_comm=rcu_sched prev_pid=15 prev_prio=120 prev_state=I ==> next_comm=swapper/3 next_pid=0 next_prio=120
          <idle>-0       [003] dns.. 19984.811691: sched_wakeup: comm=rcu_sched pid=15 prio=120 target_cpu=003
          <idle>-0       [003] d.... 19984.811735: sched_switch: prev_comm=swapper/3 prev_pid=0 prev_prio=120 prev_state=R ==> next_comm=rcu_sched next_pid=15 next_prio=120
       rcu_sched-15      [003] d.... 19984.811765: sched_switch: prev_comm=rcu_sched prev_pid=15 prev_prio=120 prev_state=I ==> next_comm=swapper/3 next_pid=0 next_prio=120
          <idle>-0       [000] dnh.. 19984.869996: sched_wakeup: comm=systemd-journal pid=114 prio=120 target_cpu=000
          <idle>-0       [000] d.... 19984.870041: sched_switch: prev_comm=swapper/0 prev_pid=0 prev_prio=120 prev_state=R ==> next_comm=systemd-journal next_pid=114 next_prio=120
 systemd-journal-114     [000] d.... 19984.870514: sched_switch: prev_comm=systemd-journal prev_pid=114 prev_prio=120 prev_state=S ==> next_comm=swapper/0 next_pid=0 next_prio=120
          <idle>-0       [001] dns.. 19984.911693: sched_wakeup: comm=kworker/1:0 pid=592 prio=120 target_cpu=001
          <idle>-0       [001] d.... 19984.911772: sched_switch: prev_comm=swapper/1 prev_pid=0 prev_prio=120 prev_state=R ==> next_comm=kworker/1:0 next_pid=592 next_prio=120
     kworker/1:0-592     [001] d.... 19984.911821: sched_switch: prev_comm=kworker/1:0 prev_pid=592 prev_prio=120 prev_state=I ==> next_comm=swapper/1 next_pid=0 next_prio=120
          <idle>-0       [001] dns.. 19984.971696: sched_wakeup: comm=kworker/1:0 pid=592 prio=120 target_cpu=001
          <idle>-0       [001] d.... 19984.971755: sched_switch: prev_comm=swapper/1 prev_pid=0 prev_prio=120 prev_state=R ==> next_comm=kworker/1:0 next_pid=592 next_prio=120
     kworker/1:0-592     [001] d.... 19984.971862: sched_switch: prev_comm=kworker/1:0 prev_pid=592 prev_prio=120 prev_state=I ==> next_comm=swapper/1 next_pid=0 next_prio=120
          <idle>-0       [001] dns.. 19985.121703: sched_wakeup: comm=kworker/1:0 pid=592 prio=120 target_cpu=001
          <idle>-0       [001] d.... 19985.121764: sched_switch: prev_comm=swapper/1 prev_pid=0 prev_prio=120 prev_state=R ==> next_comm=kworker/1:0 next_pid=592 next_prio=120
          <idle>-0       [000] dns.. 19985.121769: sched_wakeup: comm=kworker/0:2 pid=568 prio=120 target_cpu=000
     kworker/1:0-592     [001] d.... 19985.121830: sched_switch: prev_comm=kworker/1:0 prev_pid=592 prev_prio=120 prev_state=I ==> next_comm=swapper/1 next_pid=0 next_prio=120
          <idle>-0       [000] d.... 19985.121893: sched_switch: prev_comm=swapper/0 prev_pid=0 prev_prio=120 prev_state=R ==> next_comm=kworker/0:2 next_pid=568 next_prio=120
     kworker/0:2-568     [000] d.... 19985.122062: sched_switch: prev_comm=kworker/0:2 prev_pid=568 prev_prio=120 prev_state=I ==> next_comm=swapper/0 next_pid=0 next_prio=120
          <idle>-0       [003] dnh.. 19985.122064: sched_wakeup: comm=kworker/3:1 pid=570 prio=120 target_cpu=003
          <idle>-0       [002] dnh.. 19985.122075: sched_wakeup: comm=kworker/2:0 pid=557 prio=120 target_cpu=002
          <idle>-0       [003] d.... 19985.122135: sched_switch: prev_comm=swapper/3 prev_pid=0 prev_prio=120 prev_state=R ==> next_comm=kworker/3:1 next_pid=570 next_prio=120
     kworker/3:1-570     [003] d.... 19985.122230: sched_switch: prev_comm=kworker/3:1 prev_pid=570 prev_prio=120 prev_state=I ==> next_comm=swapper/3 next_pid=0 next_prio=120
          <idle>-0       [002] d.... 19985.122236: sched_switch: prev_comm=swapper/2 prev_pid=0 prev_prio=120 prev_state=R ==> next_comm=kworker/2:0 next_pid=557 next_prio=120
     kworker/2:0-557     [002] d.... 19985.122355: sched_switch: prev_comm=kworker/2:0 prev_pid=557 prev_prio=120 prev_state=I ==> next_comm=swapper/2 next_pid=0 next_prio=120
          <idle>-0       [002] dns.. 19985.131788: sched_wakeup: comm=kworker/u16:0 pid=419 prio=120 target_cpu=002
          <idle>-0       [002] d.... 19985.131878: sched_switch: prev_comm=swapper/2 prev_pid=0 prev_prio=120 prev_state=R ==> next_comm=kworker/u16:0 next_pid=419 next_prio=120
   kworker/u16:0-419     [002] d.... 19985.132120: sched_switch: prev_comm=kworker/u16:0 prev_pid=419 prev_prio=120 prev_state=I ==> next_comm=swapper/2 next_pid=0 next_prio=120
          <idle>-0       [001] dnh.. 19985.251535: sched_wakeup: comm=kworker/1:0 pid=592 prio=120 target_cpu=001
          <idle>-0       [001] d.... 19985.251579: sched_switch: prev_comm=swapper/1 prev_pid=0 prev_prio=120 prev_state=R ==> next_comm=kworker/1:0 next_pid=592 next_prio=120
     kworker/1:0-592     [001] d.... 19985.251765: sched_switch: prev_comm=kworker/1:0 prev_pid=592 prev_prio=120 prev_state=I ==> next_comm=swapper/1 next_pid=0 next_prio=120
          <idle>-0       [003] dnh.. 19985.251788: sched_wakeup: comm=kcompactd0 pid=44 prio=120 target_cpu=003
          <idle>-0       [003] d.... 19985.251857: sched_switch: prev_comm=swapper/3 prev_pid=0 prev_prio=120 prev_state=R ==> next_comm=kcompactd0 next_pid=44 next_prio=120
      kcompactd0-44      [003] d.... 19985.251926: sched_switch: prev_comm=kcompactd0 prev_pid=44 prev_prio=120 prev_state=S ==> next_comm=swapper/3 next_pid=0 next_prio=120
          <idle>-0       [001] dns.. 19985.331696: sched_wakeup: comm=kworker/1:0 pid=592 prio=120 target_cpu=001
          <idle>-0       [001] d.... 19985.331750: sched_switch: prev_comm=swapper/1 prev_pid=0 prev_prio=120 prev_state=R ==> next_comm=kworker/1:0 next_pid=592 next_prio=120
     kworker/1:0-592     [001] d.... 19985.331798: sched_switch: prev_comm=kworker/1:0 prev_pid=592 prev_prio=120 prev_state=I ==> next_comm=swapper/1 next_pid=0 next_prio=120
          <idle>-0       [001] dns.. 19985.541674: sched_wakeup: comm=kworker/1:0 pid=592 prio=120 target_cpu=001
          <idle>-0       [001] d.... 19985.541725: sched_switch: prev_comm=swapper/1 prev_pid=0 prev_prio=120 prev_state=R ==> next_comm=kworker/1:0 next_pid=592 next_prio=120
     kworker/1:0-592     [001] d.... 19985.541771: sched_switch: prev_comm=kworker/1:0 prev_pid=592 prev_prio=120 prev_state=I ==> next_comm=swapper/1 next_pid=0 next_prio=120
          <idle>-0       [001] dns.. 19985.751686: sched_wakeup: comm=kworker/1:0 pid=592 prio=120 target_cpu=001
          <idle>-0       [001] d.... 19985.751741: sched_switch: prev_comm=swapper/1 prev_pid=0 prev_prio=120 prev_state=R ==> next_comm=kworker/1:0 next_pid=592 next_prio=120
     kworker/1:0-592     [001] d.... 19985.751789: sched_switch: prev_comm=kworker/1:0 prev_pid=592 prev_prio=120 prev_state=I ==> next_comm=swapper/1 next_pid=0 next_prio=120
          <idle>-0       [003] dnH.. 19985.761798: sched_wakeup: comm=kcompactd0 pid=44 prio=120 target_cpu=003
          <idle>-0       [003] d.... 19985.761887: sched_switch: prev_comm=swapper/3 prev_pid=0 prev_prio=120 prev_state=R ==> next_comm=kcompactd0 next_pid=44 next_prio=120
      kcompactd0-44      [003] d.... 19985.761961: sched_switch: prev_comm=kcompactd0 prev_pid=44 prev_prio=120 prev_state=S ==> next_comm=swapper/3 next_pid=0 next_prio=120
          <idle>-0       [001] dns.. 19985.961691: sched_wakeup: comm=kworker/1:0 pid=592 prio=120 target_cpu=001
          <idle>-0       [001] d.... 19985.961744: sched_switch: prev_comm=swapper/1 prev_pid=0 prev_prio=120 prev_state=R ==> next_comm=kworker/1:0 next_pid=592 next_prio=120
          <idle>-0       [003] dns.. 19985.961756: sched_wakeup: comm=kworker/3:1 pid=570 prio=120 target_cpu=003
     kworker/1:0-592     [001] d.... 19985.961792: sched_switch: prev_comm=kworker/1:0 prev_pid=592 prev_prio=120 prev_state=I ==> next_comm=swapper/1 next_pid=0 next_prio=120
          <idle>-0       [003] d.... 19985.961855: sched_switch: prev_comm=swapper/3 prev_pid=0 prev_prio=120 prev_state=R ==> next_comm=kworker/3:1 next_pid=570 next_prio=120
     kworker/3:1-570     [003] d.... 19985.961965: sched_switch: prev_comm=kworker/3:1 prev_pid=570 prev_prio=120 prev_state=I ==> next_comm=swapper/3 next_pid=0 next_prio=120
          <idle>-0       [001] dns.. 19986.011687: sched_wakeup: comm=kworker/1:0 pid=592 prio=120 target_cpu=001
          <idle>-0       [001] d.... 19986.011741: sched_switch: prev_comm=swapper/1 prev_pid=0 prev_prio=120 prev_state=R ==> next_comm=kworker/1:0 next_pid=592 next_prio=120
     kworker/1:0-592     [001] d.... 19986.011828: sched_switch: prev_comm=kworker/1:0 prev_pid=592 prev_prio=120 prev_state=I ==> next_comm=swapper/1 next_pid=0 next_prio=120
          <idle>-0       [002] dns.. 19986.021782: sched_wakeup: comm=kworker/2:0 pid=557 prio=120 target_cpu=002
          <idle>-0       [002] d.... 19986.021890: sched_switch: prev_comm=swapper/2 prev_pid=0 prev_prio=120 prev_state=R ==> next_comm=kworker/2:0 next_pid=557 next_prio=120
     kworker/2:0-557     [002] d.... 19986.021973: sched_switch: prev_comm=kworker/2:0 prev_pid=557 prev_prio=120 prev_state=I ==> next_comm=swapper/2 next_pid=0 next_prio=120
          <idle>-0       [001] dns.. 19986.171695: sched_wakeup: comm=kworker/1:0 pid=592 prio=120 target_cpu=001
          <idle>-0       [001] d.... 19986.171754: sched_switch: prev_comm=swapper/1 prev_pid=0 prev_prio=120 prev_state=R ==> next_comm=kworker/1:0 next_pid=592 next_prio=120
          <idle>-0       [000] dns.. 19986.171788: sched_wakeup: comm=kworker/0:2 pid=568 prio=120 target_cpu=000
     kworker/1:0-592     [001] d.... 19986.171804: sched_switch: prev_comm=kworker/1:0 prev_pid=592 prev_prio=120 prev_state=I ==> next_comm=swapper/1 next_pid=0 next_prio=120
          <idle>-0       [000] d.... 19986.171903: sched_switch: prev_comm=swapper/0 prev_pid=0 prev_prio=120 prev_state=R ==> next_comm=kworker/0:2 next_pid=568 next_prio=120
     kworker/0:2-568     [000] d.... 19986.172013: sched_switch: prev_comm=kworker/0:2 prev_pid=568 prev_prio=120 prev_state=I ==> next_comm=swapper/0 next_pid=0 next_prio=120
          <idle>-0       [003] dnH.. 19986.271770: sched_wakeup: comm=kcompactd0 pid=44 prio=120 target_cpu=003
          <idle>-0       [003] d.... 19986.271883: sched_switch: prev_comm=swapper/3 prev_pid=0 prev_prio=120 prev_state=R ==> next_comm=kcompactd0 next_pid=44 next_prio=120
      kcompactd0-44      [003] d.... 19986.271947: sched_switch: prev_comm=kcompactd0 prev_pid=44 prev_prio=120 prev_state=S ==> next_comm=swapper/3 next_pid=0 next_prio=120
          <idle>-0       [001] dns.. 19986.381704: sched_wakeup: comm=kworker/1:0 pid=592 prio=120 target_cpu=001
          <idle>-0       [001] d.... 19986.381783: sched_switch: prev_comm=swapper/1 prev_pid=0 prev_prio=120 prev_state=R ==> next_comm=kworker/1:0 next_pid=592 next_prio=120
     kworker/1:0-592     [001] d.... 19986.381836: sched_switch: prev_comm=kworker/1:0 prev_pid=592 prev_prio=120 prev_state=I ==> next_comm=swapper/1 next_pid=0 next_prio=120
          <idle>-0       [001] dns.. 19986.591722: sched_wakeup: comm=kworker/1:0 pid=592 prio=120 target_cpu=001
          <idle>-0       [001] d.... 19986.591777: sched_switch: prev_comm=swapper/1 prev_pid=0 prev_prio=120 prev_state=R ==> next_comm=kworker/1:0 next_pid=592 next_prio=120
     kworker/1:0-592     [001] d.... 19986.591836: sched_switch: prev_comm=kworker/1:0 prev_pid=592 prev_prio=120 prev_state=I ==> next_comm=swapper/1 next_pid=0 next_prio=120
          <idle>-0       [001] dns.. 19986.651721: sched_wakeup: comm=kworker/1:0 pid=592 prio=120 target_cpu=001
          <idle>-0       [001] d.... 19986.651775: sched_switch: prev_comm=swapper/1 prev_pid=0 prev_prio=120 prev_state=R ==> next_comm=kworker/1:0 next_pid=592 next_prio=120
     kworker/1:0-592     [001] d.h.. 19986.651858: sched_wakeup: comm=kworker/1:0 pid=592 prio=120 target_cpu=001
     kworker/1:0-592     [001] d.... 19986.651942: sched_switch: prev_comm=kworker/1:0 prev_pid=592 prev_prio=120 prev_state=I ==> next_comm=swapper/1 next_pid=0 next_prio=120
          <idle>-0       [003] dnH.. 19986.781801: sched_wakeup: comm=kcompactd0 pid=44 prio=120 target_cpu=003
          <idle>-0       [003] d.... 19986.781892: sched_switch: prev_comm=swapper/3 prev_pid=0 prev_prio=120 prev_state=R ==> next_comm=kcompactd0 next_pid=44 next_prio=120
      kcompactd0-44      [003] d.... 19986.781963: sched_switch: prev_comm=kcompactd0 prev_pid=44 prev_prio=120 prev_state=S ==> next_comm=swapper/3 next_pid=0 next_prio=120
          <idle>-0       [003] dns.. 19986.801705: sched_wakeup: comm=kworker/3:1 pid=570 prio=120 target_cpu=003
          <idle>-0       [003] d.... 19986.801748: sched_switch: prev_comm=swapper/3 prev_pid=0 prev_prio=120 prev_state=R ==> next_comm=kworker/3:1 next_pid=570 next_prio=120
     kworker/3:1-570     [003] d.... 19986.801798: sched_switch: prev_comm=kworker/3:1 prev_pid=570 prev_prio=120 prev_state=I ==> next_comm=swapper/3 next_pid=0 next_prio=120
          <idle>-0       [003] dns.. 19987.011786: sched_wakeup: comm=kworker/3:1 pid=570 prio=120 target_cpu=003
          <idle>-0       [003] d.... 19987.011906: sched_switch: prev_comm=swapper/3 prev_pid=0 prev_prio=120 prev_state=R ==> next_comm=kworker/3:1 next_pid=570 next_prio=120
     kworker/3:1-570     [003] d.... 19987.012060: sched_switch: prev_comm=kworker/3:1 prev_pid=570 prev_prio=120 prev_state=I ==> next_comm=swapper/3 next_pid=0 next_prio=120
          <idle>-0       [001] dns.. 19987.051689: sched_wakeup: comm=kworker/1:0 pid=592 prio=120 target_cpu=001
          <idle>-0       [001] d.... 19987.051758: sched_switch: prev_comm=swapper/1 prev_pid=0 prev_prio=120 prev_state=R ==> next_comm=kworker/1:0 next_pid=592 next_prio=120
     kworker/1:0-592     [001] d.... 19987.051854: sched_switch: prev_comm=kworker/1:0 prev_pid=592 prev_prio=120 prev_state=I ==> next_comm=swapper/1 next_pid=0 next_prio=120
          <idle>-0       [000] dns.. 19987.081787: sched_wakeup: comm=kworker/0:2 pid=568 prio=120 target_cpu=000
          <idle>-0       [000] d.... 19987.081876: sched_switch: prev_comm=swapper/0 prev_pid=0 prev_prio=120 prev_state=R ==> next_comm=kworker/0:2 next_pid=568 next_prio=120
     kworker/0:2-568     [000] d.... 19987.081970: sched_switch: prev_comm=kworker/0:2 prev_pid=568 prev_prio=120 prev_state=I ==> next_comm=swapper/0 next_pid=0 next_prio=120
          <idle>-0       [002] dnH.. 19987.131847: sched_wakeup: comm=kworker/u16:0 pid=419 prio=120 target_cpu=002
          <idle>-0       [002] d.... 19987.131957: sched_switch: prev_comm=swapper/2 prev_pid=0 prev_prio=120 prev_state=R ==> next_comm=kworker/u16:0 next_pid=419 next_prio=120
          <idle>-0       [003] dnh.. 19987.132099: sched_wakeup: comm=kworker/u16:2 pid=49 prio=120 target_cpu=003
          <idle>-0       [003] d.... 19987.132133: sched_switch: prev_comm=swapper/3 prev_pid=0 prev_prio=120 prev_state=R ==> next_comm=kworker/u16:2 next_pid=49 next_prio=120
   kworker/u16:0-419     [002] d.... 19987.132139: sched_switch: prev_comm=kworker/u16:0 prev_pid=419 prev_prio=120 prev_state=I ==> next_comm=swapper/2 next_pid=0 next_prio=120
   kworker/u16:2-49      [003] d.... 19987.132160: sched_switch: prev_comm=kworker/u16:2 prev_pid=49 prev_prio=120 prev_state=I ==> next_comm=swapper/3 next_pid=0 next_prio=120
          <idle>-0       [003] dnH.. 19987.211798: sched_wakeup: comm=kworker/u16:2 pid=49 prio=120 target_cpu=003
          <idle>-0       [003] d.... 19987.211880: sched_switch: prev_comm=swapper/3 prev_pid=0 prev_prio=120 prev_state=R ==> next_comm=kworker/u16:2 next_pid=49 next_prio=120
          <idle>-0       [002] dnh.. 19987.212017: sched_wakeup: comm=kworker/u16:0 pid=419 prio=120 target_cpu=002
          <idle>-0       [002] d.... 19987.212092: sched_switch: prev_comm=swapper/2 prev_pid=0 prev_prio=120 prev_state=R ==> next_comm=kworker/u16:0 next_pid=419 next_prio=120
   kworker/u16:2-49      [003] d.... 19987.212115: sched_switch: prev_comm=kworker/u16:2 prev_pid=49 prev_prio=120 prev_state=I ==> next_comm=swapper/3 next_pid=0 next_prio=120
   kworker/u16:0-419     [002] d.... 19987.212144: sched_switch: prev_comm=kworker/u16:0 prev_pid=419 prev_prio=120 prev_state=I ==> next_comm=swapper/2 next_pid=0 next_prio=120
          <idle>-0       [003] dns.. 19987.221780: sched_wakeup: comm=kworker/3:1 pid=570 prio=120 target_cpu=003
          <idle>-0       [003] d.... 19987.221865: sched_switch: prev_comm=swapper/3 prev_pid=0 prev_prio=120 prev_state=R ==> next_comm=kworker/3:1 next_pid=570 next_prio=120
     kworker/3:1-570     [003] d.... 19987.221954: sched_switch: prev_comm=kworker/3:1 prev_pid=570 prev_prio=120 prev_state=I ==> next_comm=swapper/3 next_pid=0 next_prio=120
          <idle>-0       [003] dns.. 19987.291698: sched_wakeup: comm=kcompactd0 pid=44 prio=120 target_cpu=003
          <idle>-0       [003] d.... 19987.291754: sched_switch: prev_comm=swapper/3 prev_pid=0 prev_prio=120 prev_state=R ==> next_comm=kcompactd0 next_pid=44 next_prio=120
          <idle>-0       [002] dns.. 19987.291758: sched_wakeup: comm=kworker/u16:0 pid=419 prio=120 target_cpu=002
      kcompactd0-44      [003] d.... 19987.291786: sched_switch: prev_comm=kcompactd0 prev_pid=44 prev_prio=120 prev_state=S ==> next_comm=swapper/3 next_pid=0 next_prio=120
          <idle>-0       [002] d.... 19987.291853: sched_switch: prev_comm=swapper/2 prev_pid=0 prev_prio=120 prev_state=R ==> next_comm=kworker/u16:0 next_pid=419 next_prio=120
   kworker/u16:0-419     [002] d.... 19987.291955: sched_switch: prev_comm=kworker/u16:0 prev_pid=419 prev_prio=120 prev_state=I ==> next_comm=swapper/2 next_pid=0 next_prio=120
          <idle>-0       [003] dns.. 19987.431723: sched_wakeup: comm=kworker/3:1 pid=570 prio=120 target_cpu=003
          <idle>-0       [003] d.... 19987.431778: sched_switch: prev_comm=swapper/3 prev_pid=0 prev_prio=120 prev_state=R ==> next_comm=kworker/3:1 next_pid=570 next_prio=120
     kworker/3:1-570     [003] d.... 19987.431835: sched_switch: prev_comm=kworker/3:1 prev_pid=570 prev_prio=120 prev_state=I ==> next_comm=swapper/3 next_pid=0 next_prio=120
          <idle>-0       [003] dns.. 19987.641709: sched_wakeup: comm=kworker/3:1 pid=570 prio=120 target_cpu=003
          <idle>-0       [003] d.... 19987.641764: sched_switch: prev_comm=swapper/3 prev_pid=0 prev_prio=120 prev_state=R ==> next_comm=kworker/3:1 next_pid=570 next_prio=120
     kworker/3:1-570     [003] d.... 19987.641817: sched_switch: prev_comm=kworker/3:1 prev_pid=570 prev_prio=120 prev_state=I ==> next_comm=swapper/3 next_pid=0 next_prio=120
          <idle>-0       [003] dnH.. 19987.801815: sched_wakeup: comm=kcompactd0 pid=44 prio=120 target_cpu=003
          <idle>-0       [003] d.... 19987.801902: sched_switch: prev_comm=swapper/3 prev_pid=0 prev_prio=120 prev_state=R ==> next_comm=kcompactd0 next_pid=44 next_prio=120
      kcompactd0-44      [003] d.... 19987.801979: sched_switch: prev_comm=kcompactd0 prev_pid=44 prev_prio=120 prev_state=S ==> next_comm=swapper/3 next_pid=0 next_prio=120
          <idle>-0       [001] dns.. 19987.851705: sched_wakeup: comm=kworker/1:0 pid=592 prio=120 target_cpu=001
          <idle>-0       [001] d.... 19987.851761: sched_switch: prev_comm=swapper/1 prev_pid=0 prev_prio=120 prev_state=R ==> next_comm=kworker/1:0 next_pid=592 next_prio=120
     kworker/1:0-592     [001] d.... 19987.851820: sched_switch: prev_comm=kworker/1:0 prev_pid=592 prev_prio=120 prev_state=I ==> next_comm=swapper/1 next_pid=0 next_prio=120
          <idle>-0       [001] dns.. 19988.061674: sched_wakeup: comm=kworker/1:0 pid=592 prio=120 target_cpu=001
          <idle>-0       [001] d.... 19988.061743: sched_switch: prev_comm=swapper/1 prev_pid=0 prev_prio=120 prev_state=R ==> next_comm=kworker/1:0 next_pid=592 next_prio=120
     kworker/1:0-592     [001] d.... 19988.061794: sched_switch: prev_comm=kworker/1:0 prev_pid=592 prev_prio=120 prev_state=I ==> next_comm=swapper/1 next_pid=0 next_prio=120
          <idle>-0       [001] dns.. 19988.091686: sched_wakeup: comm=kworker/1:0 pid=592 prio=120 target_cpu=001
          <idle>-0       [001] d.... 19988.091739: sched_switch: prev_comm=swapper/1 prev_pid=0 prev_prio=120 prev_state=R ==> next_comm=kworker/1:0 next_pid=592 next_prio=120
          <idle>-0       [000] dns.. 19988.091755: sched_wakeup: comm=kworker/0:2 pid=568 prio=120 target_cpu=000
     kworker/1:0-592     [001] d.... 19988.091820: sched_switch: prev_comm=kworker/1:0 prev_pid=592 prev_prio=120 prev_state=I ==> next_comm=swapper/1 next_pid=0 next_prio=120
          <idle>-0       [000] d.... 19988.091859: sched_switch: prev_comm=swapper/0 prev_pid=0 prev_prio=120 prev_state=R ==> next_comm=kworker/0:2 next_pid=568 next_prio=120
     kworker/0:2-568     [000] d.... 19988.091953: sched_switch: prev_comm=kworker/0:2 prev_pid=568 prev_prio=120 prev_state=I ==> next_comm=swapper/0 next_pid=0 next_prio=120
          <idle>-0       [002] dns.. 19988.251774: sched_wakeup: comm=kworker/2:0 pid=557 prio=120 target_cpu=002
          <idle>-0       [002] d.... 19988.251866: sched_switch: prev_comm=swapper/2 prev_pid=0 prev_prio=120 prev_state=R ==> next_comm=kworker/2:0 next_pid=557 next_prio=120
     kworker/2:0-557     [002] d.... 19988.251959: sched_switch: prev_comm=kworker/2:0 prev_pid=557 prev_prio=120 prev_state=I ==> next_comm=swapper/2 next_pid=0 next_prio=120
          <idle>-0       [001] dns.. 19988.271685: sched_wakeup: comm=kworker/1:0 pid=592 prio=120 target_cpu=001
          <idle>-0       [001] d.... 19988.271729: sched_switch: prev_comm=swapper/1 prev_pid=0 prev_prio=120 prev_state=R ==> next_comm=kworker/1:0 next_pid=592 next_prio=120
     kworker/1:0-592     [001] d.... 19988.271775: sched_switch: prev_comm=kworker/1:0 prev_pid=592 prev_prio=120 prev_state=I ==> next_comm=swapper/1 next_pid=0 next_prio=120
          <idle>-0       [003] dnH.. 19988.311788: sched_wakeup: comm=kcompactd0 pid=44 prio=120 target_cpu=003
          <idle>-0       [003] dns.. 19988.311852: sched_wakeup: comm=kworker/3:1 pid=570 prio=120 target_cpu=003
          <idle>-0       [003] d.... 19988.311953: sched_switch: prev_comm=swapper/3 prev_pid=0 prev_prio=120 prev_state=R ==> next_comm=kcompactd0 next_pid=44 next_prio=120
      kcompactd0-44      [003] d.... 19988.312023: sched_switch: prev_comm=kcompactd0 prev_pid=44 prev_prio=120 prev_state=S ==> next_comm=kworker/3:1 next_pid=570 next_prio=120
     kworker/3:1-570     [003] d.... 19988.312100: sched_switch: prev_comm=kworker/3:1 prev_pid=570 prev_prio=120 prev_state=I ==> next_comm=swapper/3 next_pid=0 next_prio=120
          <idle>-0       [002] dnh.. 19988.331719: sched_wakeup: comm=jbd2/mmcblk0-8 pid=79 prio=120 target_cpu=002
          <idle>-0       [002] d.... 19988.331757: sched_switch: prev_comm=swapper/2 prev_pid=0 prev_prio=120 prev_state=R ==> next_comm=jbd2/mmcblk0-8 next_pid=79 next_prio=120
  jbd2/mmcblk0-8-79      [002] d.... 19988.341517: sched_switch: prev_comm=jbd2/mmcblk0-8 prev_pid=79 prev_prio=120 prev_state=D ==> next_comm=swapper/2 next_pid=0 next_prio=120
          <idle>-0       [000] dns.. 19988.341624: sched_wakeup: comm=kworker/0:2 pid=568 prio=120 target_cpu=000
          <idle>-0       [000] d.... 19988.341707: sched_switch: prev_comm=swapper/0 prev_pid=0 prev_prio=120 prev_state=R ==> next_comm=kworker/0:2 next_pid=568 next_prio=120
     kworker/0:2-568     [000] d.... 19988.341800: sched_switch: prev_comm=kworker/0:2 prev_pid=568 prev_prio=120 prev_state=I ==> next_comm=swapper/0 next_pid=0 next_prio=120
          <idle>-0       [003] dnh.. 19988.341817: sched_wakeup: comm=irq/113-mmc0 pid=73 prio=49 target_cpu=003
          <idle>-0       [003] d.... 19988.341869: sched_switch: prev_comm=swapper/3 prev_pid=0 prev_prio=120 prev_state=R ==> next_comm=irq/113-mmc0 next_pid=73 next_prio=49
    irq/113-mmc0-73      [003] d.... 19988.341915: sched_wakeup: comm=kworker/3:1H pid=77 prio=100 target_cpu=003
    irq/113-mmc0-73      [003] d.... 19988.341941: sched_switch: prev_comm=irq/113-mmc0 prev_pid=73 prev_prio=49 prev_state=S ==> next_comm=kworker/3:1H next_pid=77 next_prio=100
          <idle>-0       [002] dnh.. 19988.342056: sched_wakeup: comm=jbd2/mmcblk0-8 pid=79 prio=120 target_cpu=002
    kworker/3:1H-77      [003] d.... 19988.342069: sched_switch: prev_comm=kworker/3:1H prev_pid=77 prev_prio=100 prev_state=I ==> next_comm=swapper/3 next_pid=0 next_prio=120
          <idle>-0       [002] d.... 19988.342087: sched_switch: prev_comm=swapper/2 prev_pid=0 prev_prio=120 prev_state=R ==> next_comm=jbd2/mmcblk0-8 next_pid=79 next_prio=120
  jbd2/mmcblk0-8-79      [002] d.... 19988.343051: sched_switch: prev_comm=jbd2/mmcblk0-8 prev_pid=79 prev_prio=120 prev_state=D ==> next_comm=swapper/2 next_pid=0 next_prio=120
          <idle>-0       [001] dns.. 19988.343068: sched_wakeup: comm=kworker/1:0 pid=592 prio=120 target_cpu=001
          <idle>-0       [001] d.... 19988.343116: sched_switch: prev_comm=swapper/1 prev_pid=0 prev_prio=120 prev_state=R ==> next_comm=kworker/1:0 next_pid=592 next_prio=120
     kworker/1:0-592     [001] d.... 19988.343168: sched_switch: prev_comm=kworker/1:0 prev_pid=592 prev_prio=120 prev_state=I ==> next_comm=swapper/1 next_pid=0 next_prio=120
          <idle>-0       [003] dnh.. 19988.343253: sched_wakeup: comm=irq/113-mmc0 pid=73 prio=49 target_cpu=003
          <idle>-0       [003] d.... 19988.343275: sched_switch: prev_comm=swapper/3 prev_pid=0 prev_prio=120 prev_state=R ==> next_comm=irq/113-mmc0 next_pid=73 next_prio=49
    irq/113-mmc0-73      [003] d.... 19988.343311: sched_wakeup: comm=kworker/3:1H pid=77 prio=100 target_cpu=003
    irq/113-mmc0-73      [003] d.... 19988.343333: sched_switch: prev_comm=irq/113-mmc0 prev_pid=73 prev_prio=49 prev_state=S ==> next_comm=kworker/3:1H next_pid=77 next_prio=100
          <idle>-0       [002] dnh.. 19988.343404: sched_wakeup: comm=jbd2/mmcblk0-8 pid=79 prio=120 target_cpu=002
    kworker/3:1H-77      [003] d.... 19988.343415: sched_switch: prev_comm=kworker/3:1H prev_pid=77 prev_prio=100 prev_state=I ==> next_comm=swapper/3 next_pid=0 next_prio=120
          <idle>-0       [002] d.... 19988.343423: sched_switch: prev_comm=swapper/2 prev_pid=0 prev_prio=120 prev_state=R ==> next_comm=jbd2/mmcblk0-8 next_pid=79 next_prio=120
  jbd2/mmcblk0-8-79      [002] d.... 19988.343504: sched_switch: prev_comm=jbd2/mmcblk0-8 prev_pid=79 prev_prio=120 prev_state=S ==> next_comm=swapper/2 next_pid=0 next_prio=120
          <idle>-0       [001] dns.. 19988.481697: sched_wakeup: comm=kworker/1:0 pid=592 prio=120 target_cpu=001
          <idle>-0       [001] d.... 19988.481765: sched_switch: prev_comm=swapper/1 prev_pid=0 prev_prio=120 prev_state=R ==> next_comm=kworker/1:0 next_pid=592 next_prio=120
     kworker/1:0-592     [001] d.... 19988.481825: sched_switch: prev_comm=kworker/1:0 prev_pid=592 prev_prio=120 prev_state=I ==> next_comm=swapper/1 next_pid=0 next_prio=120
          <idle>-0       [001] dns.. 19988.691693: sched_wakeup: comm=kworker/1:0 pid=592 prio=120 target_cpu=001
          <idle>-0       [001] d.... 19988.691752: sched_switch: prev_comm=swapper/1 prev_pid=0 prev_prio=120 prev_state=R ==> next_comm=kworker/1:0 next_pid=592 next_prio=120
     kworker/1:0-592     [001] d.... 19988.691804: sched_switch: prev_comm=kworker/1:0 prev_pid=592 prev_prio=120 prev_state=I ==> next_comm=swapper/1 next_pid=0 next_prio=120
          <idle>-0       [001] dns.. 19988.731678: sched_wakeup: comm=kworker/1:0 pid=592 prio=120 target_cpu=001
          <idle>-0       [001] d.... 19988.731731: sched_switch: prev_comm=swapper/1 prev_pid=0 prev_prio=120 prev_state=R ==> next_comm=kworker/1:0 next_pid=592 next_prio=120
     kworker/1:0-592     [001] d.h.. 19988.731818: sched_wakeup: comm=kworker/1:0 pid=592 prio=120 target_cpu=001
     kworker/1:0-592     [001] d.... 19988.731875: sched_switch: prev_comm=kworker/1:0 prev_pid=592 prev_prio=120 prev_state=I ==> next_comm=swapper/1 next_pid=0 next_prio=120
          <idle>-0       [003] dnH.. 19988.821790: sched_wakeup: comm=kcompactd0 pid=44 prio=120 target_cpu=003
          <idle>-0       [003] d.... 19988.821888: sched_switch: prev_comm=swapper/3 prev_pid=0 prev_prio=120 prev_state=R ==> next_comm=kcompactd0 next_pid=44 next_prio=120
      kcompactd0-44      [003] d.... 19988.821976: sched_switch: prev_comm=kcompactd0 prev_pid=44 prev_prio=120 prev_state=S ==> next_comm=swapper/3 next_pid=0 next_prio=120
          <idle>-0       [001] dns.. 19988.901697: sched_wakeup: comm=kworker/1:0 pid=592 prio=120 target_cpu=001
          <idle>-0       [001] d.... 19988.901751: sched_switch: prev_comm=swapper/1 prev_pid=0 prev_prio=120 prev_state=R ==> next_comm=kworker/1:0 next_pid=592 next_prio=120
     kworker/1:0-592     [001] d.... 19988.901804: sched_switch: prev_comm=kworker/1:0 prev_pid=592 prev_prio=120 prev_state=I ==> next_comm=swapper/1 next_pid=0 next_prio=120
          <idle>-0       [001] dns.. 19988.971700: sched_wakeup: comm=kworker/1:1H pid=78 prio=100 target_cpu=001
          <idle>-0       [001] d.... 19988.971750: sched_switch: prev_comm=swapper/1 prev_pid=0 prev_prio=120 prev_state=R ==> next_comm=kworker/1:1H next_pid=78 next_prio=100
    kworker/1:1H-78      [001] d.... 19988.971791: sched_switch: prev_comm=kworker/1:1H prev_pid=78 prev_prio=100 prev_state=I ==> next_comm=swapper/1 next_pid=0 next_prio=120
          <idle>-0       [001] dns.. 19989.111675: sched_wakeup: comm=kworker/1:0 pid=592 prio=120 target_cpu=001
          <idle>-0       [001] d.... 19989.111729: sched_switch: prev_comm=swapper/1 prev_pid=0 prev_prio=120 prev_state=R ==> next_comm=kworker/1:0 next_pid=592 next_prio=120
          <idle>-0       [000] dns.. 19989.111757: sched_wakeup: comm=kworker/0:2 pid=568 prio=120 target_cpu=000
     kworker/1:0-592     [001] d.... 19989.111778: sched_switch: prev_comm=kworker/1:0 prev_pid=592 prev_prio=120 prev_state=I ==> next_comm=swapper/1 next_pid=0 next_prio=120
          <idle>-0       [000] d.... 19989.111864: sched_switch: prev_comm=swapper/0 prev_pid=0 prev_prio=120 prev_state=R ==> next_comm=kworker/0:2 next_pid=568 next_prio=120
     kworker/0:2-568     [000] d.... 19989.111976: sched_switch: prev_comm=kworker/0:2 prev_pid=568 prev_prio=120 prev_state=I ==> next_comm=swapper/0 next_pid=0 next_prio=120
          <idle>-0       [002] dnh.. 19989.112014: sched_wakeup: comm=kworker/2:0 pid=557 prio=120 target_cpu=002
          <idle>-0       [002] d.... 19989.112087: sched_switch: prev_comm=swapper/2 prev_pid=0 prev_prio=120 prev_state=R ==> next_comm=kworker/2:0 next_pid=557 next_prio=120
     kworker/2:0-557     [002] d.... 19989.112182: sched_switch: prev_comm=kworker/2:0 prev_pid=557 prev_prio=120 prev_state=I ==> next_comm=swapper/2 next_pid=0 next_prio=120
          <idle>-0       [001] dns.. 19989.131679: sched_wakeup: comm=kworker/1:0 pid=592 prio=120 target_cpu=001
          <idle>-0       [001] d.... 19989.131719: sched_switch: prev_comm=swapper/1 prev_pid=0 prev_prio=120 prev_state=R ==> next_comm=kworker/1:0 next_pid=592 next_prio=120
     kworker/1:0-592     [001] d.... 19989.131799: sched_switch: prev_comm=kworker/1:0 prev_pid=592 prev_prio=120 prev_state=I ==> next_comm=swapper/1 next_pid=0 next_prio=120
          <idle>-0       [001] dns.. 19989.321684: sched_wakeup: comm=kworker/1:0 pid=592 prio=120 target_cpu=001
          <idle>-0       [001] d.... 19989.321739: sched_switch: prev_comm=swapper/1 prev_pid=0 prev_prio=120 prev_state=R ==> next_comm=kworker/1:0 next_pid=592 next_prio=120
     kworker/1:0-592     [001] d.... 19989.321790: sched_switch: prev_comm=kworker/1:0 prev_pid=592 prev_prio=120 prev_state=I ==> next_comm=swapper/1 next_pid=0 next_prio=120
          <idle>-0       [003] dnH.. 19989.331786: sched_wakeup: comm=kcompactd0 pid=44 prio=120 target_cpu=003
          <idle>-0       [002] dnh.. 19989.331934: sched_wakeup: comm=kworker/u16:0 pid=419 prio=120 target_cpu=002
          <idle>-0       [003] d.... 19989.331941: sched_switch: prev_comm=swapper/3 prev_pid=0 prev_prio=120 prev_state=R ==> next_comm=kcompactd0 next_pid=44 next_prio=120
          <idle>-0       [002] d.... 19989.331997: sched_switch: prev_comm=swapper/2 prev_pid=0 prev_prio=120 prev_state=R ==> next_comm=kworker/u16:0 next_pid=419 next_prio=120
      kcompactd0-44      [003] d.... 19989.332009: sched_switch: prev_comm=kcompactd0 prev_pid=44 prev_prio=120 prev_state=S ==> next_comm=swapper/3 next_pid=0 next_prio=120
   kworker/u16:0-419     [002] d.... 19989.332081: sched_switch: prev_comm=kworker/u16:0 prev_pid=419 prev_prio=120 prev_state=I ==> next_comm=swapper/2 next_pid=0 next_prio=120
          <idle>-0       [002] dnh.. 19989.451720: sched_wakeup: comm=kworker/u16:0 pid=419 prio=120 target_cpu=002
          <idle>-0       [002] d.... 19989.451761: sched_switch: prev_comm=swapper/2 prev_pid=0 prev_prio=120 prev_state=R ==> next_comm=kworker/u16:0 next_pid=419 next_prio=120
   kworker/u16:0-419     [002] d.... 19989.451831: sched_switch: prev_comm=kworker/u16:0 prev_pid=419 prev_prio=120 prev_state=I ==> next_comm=swapper/2 next_pid=0 next_prio=120
          <idle>-0       [001] dns.. 19989.531676: sched_wakeup: comm=kworker/1:0 pid=592 prio=120 target_cpu=001
          <idle>-0       [001] d.... 19989.531728: sched_switch: prev_comm=swapper/1 prev_pid=0 prev_prio=120 prev_state=R ==> next_comm=kworker/1:0 next_pid=592 next_prio=120
     kworker/1:0-592     [001] d.... 19989.531787: sched_switch: prev_comm=kworker/1:0 prev_pid=592 prev_prio=120 prev_state=I ==> next_comm=swapper/1 next_pid=0 next_prio=120
          <idle>-0       [000] dns.. 19989.661703: sched_wakeup: comm=kworker/0:2 pid=568 prio=120 target_cpu=000
          <idle>-0       [000] d.... 19989.661761: sched_switch: prev_comm=swapper/0 prev_pid=0 prev_prio=120 prev_state=R ==> next_comm=kworker/0:2 next_pid=568 next_prio=120
     kworker/0:2-568     [000] d.... 19989.661800: sched_switch: prev_comm=kworker/0:2 prev_pid=568 prev_prio=120 prev_state=I ==> next_comm=swapper/0 next_pid=0 next_prio=120
          <idle>-0       [002] dnH.. 19989.691859: sched_wakeup: comm=kworker/u16:0 pid=419 prio=120 target_cpu=002
          <idle>-0       [002] d.... 19989.691987: sched_switch: prev_comm=swapper/2 prev_pid=0 prev_prio=120 prev_state=R ==> next_comm=kworker/u16:0 next_pid=419 next_prio=120
   kworker/u16:0-419     [002] d.... 19989.692041: sched_switch: prev_comm=kworker/u16:0 prev_pid=419 prev_prio=120 prev_state=I ==> next_comm=swapper/2 next_pid=0 next_prio=120
          <idle>-0       [001] dns.. 19989.741685: sched_wakeup: comm=kworker/1:0 pid=592 prio=120 target_cpu=001
          <idle>-0       [001] d.... 19989.741742: sched_switch: prev_comm=swapper/1 prev_pid=0 prev_prio=120 prev_state=R ==> next_comm=kworker/1:0 next_pid=592 next_prio=120
     kworker/1:0-592     [001] d.... 19989.741791: sched_switch: prev_comm=kworker/1:0 prev_pid=592 prev_prio=120 prev_state=I ==> next_comm=swapper/1 next_pid=0 next_prio=120
          <idle>-0       [003] dnH.. 19989.841816: sched_wakeup: comm=kcompactd0 pid=44 prio=120 target_cpu=003
          <idle>-0       [003] d.... 19989.841921: sched_switch: prev_comm=swapper/3 prev_pid=0 prev_prio=120 prev_state=R ==> next_comm=kcompactd0 next_pid=44 next_prio=120
      kcompactd0-44      [003] d.... 19989.842003: sched_switch: prev_comm=kcompactd0 prev_pid=44 prev_prio=120 prev_state=S ==> next_comm=swapper/3 next_pid=0 next_prio=120
          <idle>-0       [001] dns.. 19989.951680: sched_wakeup: comm=kworker/1:0 pid=592 prio=120 target_cpu=001
          <idle>-0       [001] d.... 19989.951728: sched_switch: prev_comm=swapper/1 prev_pid=0 prev_prio=120 prev_state=R ==> next_comm=kworker/1:0 next_pid=592 next_prio=120
     kworker/1:0-592     [001] d.... 19989.951774: sched_switch: prev_comm=kworker/1:0 prev_pid=592 prev_prio=120 prev_state=I ==> next_comm=swapper/1 next_pid=0 next_prio=120
          <idle>-0       [002] dns.. 19990.021784: sched_wakeup: comm=kworker/2:0 pid=557 prio=120 target_cpu=002
          <idle>-0       [002] d.... 19990.021890: sched_switch: prev_comm=swapper/2 prev_pid=0 prev_prio=120 prev_state=R ==> next_comm=kworker/2:0 next_pid=557 next_prio=120
     kworker/2:0-557     [002] d.... 19990.021973: sched_switch: prev_comm=kworker/2:0 prev_pid=557 prev_prio=120 prev_state=I ==> next_comm=swapper/2 next_pid=0 next_prio=120
          <idle>-0       [001] dns.. 19990.161714: sched_wakeup: comm=kworker/1:0 pid=592 prio=120 target_cpu=001
          <idle>-0       [001] d.... 19990.161762: sched_switch: prev_comm=swapper/1 prev_pid=0 prev_prio=120 prev_state=R ==> next_comm=kworker/1:0 next_pid=592 next_prio=120
     kworker/1:0-592     [001] d.... 19990.161809: sched_switch: prev_comm=kworker/1:0 prev_pid=592 prev_prio=120 prev_state=I ==> next_comm=swapper/1 next_pid=0 next_prio=120
          <idle>-0       [001] dns.. 19990.171684: sched_wakeup: comm=kworker/1:0 pid=592 prio=120 target_cpu=001
          <idle>-0       [001] d.... 19990.171724: sched_switch: prev_comm=swapper/1 prev_pid=0 prev_prio=120 prev_state=R ==> next_comm=kworker/1:0 next_pid=592 next_prio=120
     kworker/1:0-592     [001] d.... 19990.171804: sched_switch: prev_comm=kworker/1:0 prev_pid=592 prev_prio=120 prev_state=I ==> next_comm=swapper/1 next_pid=0 next_prio=120
          <idle>-0       [003] dnH.. 19990.351785: sched_wakeup: comm=kcompactd0 pid=44 prio=120 target_cpu=003
          <idle>-0       [003] d.... 19990.351896: sched_switch: prev_comm=swapper/3 prev_pid=0 prev_prio=120 prev_state=R ==> next_comm=kcompactd0 next_pid=44 next_prio=120
      kcompactd0-44      [003] d.... 19990.351967: sched_switch: prev_comm=kcompactd0 prev_pid=44 prev_prio=120 prev_state=S ==> next_comm=swapper/3 next_pid=0 next_prio=120
          <idle>-0       [001] dns.. 19990.371675: sched_wakeup: comm=kworker/1:0 pid=592 prio=120 target_cpu=001
          <idle>-0       [001] d.... 19990.371718: sched_switch: prev_comm=swapper/1 prev_pid=0 prev_prio=120 prev_state=R ==> next_comm=kworker/1:0 next_pid=592 next_prio=120
     kworker/1:0-592     [001] d.... 19990.371764: sched_switch: prev_comm=kworker/1:0 prev_pid=592 prev_prio=120 prev_state=I ==> next_comm=swapper/1 next_pid=0 next_prio=120
          <idle>-0       [001] dns.. 19990.581671: sched_wakeup: comm=kworker/1:0 pid=592 prio=120 target_cpu=001
          <idle>-0       [001] d.... 19990.581721: sched_switch: prev_comm=swapper/1 prev_pid=0 prev_prio=120 prev_state=R ==> next_comm=kworker/1:0 next_pid=592 next_prio=120
     kworker/1:0-592     [001] d.... 19990.581768: sched_switch: prev_comm=kworker/1:0 prev_pid=592 prev_prio=120 prev_state=I ==> next_comm=swapper/1 next_pid=0 next_prio=120
          <idle>-0       [000] dns.. 19990.621794: sched_wakeup: comm=kworker/0:2 pid=568 prio=120 target_cpu=000
          <idle>-0       [000] d.... 19990.621892: sched_switch: prev_comm=swapper/0 prev_pid=0 prev_prio=120 prev_state=R ==> next_comm=kworker/0:2 next_pid=568 next_prio=120
     kworker/0:2-568     [000] d.... 19990.621991: sched_switch: prev_comm=kworker/0:2 prev_pid=568 prev_prio=120 prev_state=I ==> next_comm=swapper/0 next_pid=0 next_prio=120
          <idle>-0       [001] dns.. 19990.791691: sched_wakeup: comm=kworker/1:0 pid=592 prio=120 target_cpu=001
          <idle>-0       [001] d.... 19990.791743: sched_switch: prev_comm=swapper/1 prev_pid=0 prev_prio=120 prev_state=R ==> next_comm=kworker/1:0 next_pid=592 next_prio=120
     kworker/1:0-592     [001] d.... 19990.791788: sched_switch: prev_comm=kworker/1:0 prev_pid=592 prev_prio=120 prev_state=I ==> next_comm=swapper/1 next_pid=0 next_prio=120
          <idle>-0       [001] dns.. 19990.811679: sched_wakeup: comm=kworker/1:0 pid=592 prio=120 target_cpu=001
          <idle>-0       [001] d.... 19990.811714: sched_switch: prev_comm=swapper/1 prev_pid=0 prev_prio=120 prev_state=R ==> next_comm=kworker/1:0 next_pid=592 next_prio=120
     kworker/1:0-592     [001] d.h.. 19990.811800: sched_wakeup: comm=kworker/1:0 pid=592 prio=120 target_cpu=001
     kworker/1:0-592     [001] d.... 19990.811851: sched_switch: prev_comm=kworker/1:0 prev_pid=592 prev_prio=120 prev_state=I ==> next_comm=swapper/1 next_pid=0 next_prio=120
          <idle>-0       [003] dnH.. 19990.861794: sched_wakeup: comm=kcompactd0 pid=44 prio=120 target_cpu=003
          <idle>-0       [003] d.... 19990.861895: sched_switch: prev_comm=swapper/3 prev_pid=0 prev_prio=120 prev_state=R ==> next_comm=kcompactd0 next_pid=44 next_prio=120
      kcompactd0-44      [003] d.... 19990.861974: sched_switch: prev_comm=kcompactd0 prev_pid=44 prev_prio=120 prev_state=S ==> next_comm=swapper/3 next_pid=0 next_prio=120
          <idle>-0       [001] dns.. 19991.001713: sched_wakeup: comm=kworker/1:0 pid=592 prio=120 target_cpu=001
          <idle>-0       [001] d.... 19991.001786: sched_switch: prev_comm=swapper/1 prev_pid=0 prev_prio=120 prev_state=R ==> next_comm=kworker/1:0 next_pid=592 next_prio=120
     kworker/1:0-592     [001] d.... 19991.001851: sched_switch: prev_comm=kworker/1:0 prev_pid=592 prev_prio=120 prev_state=I ==> next_comm=swapper/1 next_pid=0 next_prio=120
          <idle>-0       [001] dns.. 19991.211680: sched_wakeup: comm=kworker/1:0 pid=592 prio=120 target_cpu=001
          <idle>-0       [001] d.... 19991.211752: sched_switch: prev_comm=swapper/1 prev_pid=0 prev_prio=120 prev_state=R ==> next_comm=kworker/1:0 next_pid=592 next_prio=120
     kworker/1:0-592     [001] d.... 19991.211871: sched_switch: prev_comm=kworker/1:0 prev_pid=592 prev_prio=120 prev_state=I ==> next_comm=swapper/1 next_pid=0 next_prio=120
          <idle>-0       [003] dnH.. 19991.371789: sched_wakeup: comm=kcompactd0 pid=44 prio=120 target_cpu=003
          <idle>-0       [003] d.... 19991.371890: sched_switch: prev_comm=swapper/3 prev_pid=0 prev_prio=120 prev_state=R ==> next_comm=kcompactd0 next_pid=44 next_prio=120
      kcompactd0-44      [003] d.... 19991.371966: sched_switch: prev_comm=kcompactd0 prev_pid=44 prev_prio=120 prev_state=S ==> next_comm=swapper/3 next_pid=0 next_prio=120
          <idle>-0       [001] dns.. 19991.421681: sched_wakeup: comm=kworker/1:0 pid=592 prio=120 target_cpu=001
          <idle>-0       [001] d.... 19991.421745: sched_switch: prev_comm=swapper/1 prev_pid=0 prev_prio=120 prev_state=R ==> next_comm=kworker/1:0 next_pid=592 next_prio=120
     kworker/1:0-592     [001] d.... 19991.421804: sched_switch: prev_comm=kworker/1:0 prev_pid=592 prev_prio=120 prev_state=I ==> next_comm=swapper/1 next_pid=0 next_prio=120
          <idle>-0       [002] dns.. 19991.521769: sched_wakeup: comm=kworker/u16:0 pid=419 prio=120 target_cpu=002
          <idle>-0       [002] d.... 19991.521888: sched_switch: prev_comm=swapper/2 prev_pid=0 prev_prio=120 prev_state=R ==> next_comm=kworker/u16:0 next_pid=419 next_prio=120
   kworker/u16:0-419     [002] d.... 19991.521990: sched_switch: prev_comm=kworker/u16:0 prev_pid=419 prev_prio=120 prev_state=I ==> next_comm=swapper/2 next_pid=0 next_prio=120
          <idle>-0       [001] dns.. 19991.631699: sched_wakeup: comm=kworker/1:0 pid=592 prio=120 target_cpu=001
          <idle>-0       [001] d.... 19991.631759: sched_switch: prev_comm=swapper/1 prev_pid=0 prev_prio=120 prev_state=R ==> next_comm=kworker/1:0 next_pid=592 next_prio=120
     kworker/1:0-592     [001] d.... 19991.631806: sched_switch: prev_comm=kworker/1:0 prev_pid=592 prev_prio=120 prev_state=I ==> next_comm=swapper/1 next_pid=0 next_prio=120
          <idle>-0       [001] dns.. 19991.841703: sched_wakeup: comm=kworker/1:0 pid=592 prio=120 target_cpu=001
          <idle>-0       [001] d.... 19991.841758: sched_switch: prev_comm=swapper/1 prev_pid=0 prev_prio=120 prev_state=R ==> next_comm=kworker/1:0 next_pid=592 next_prio=120
     kworker/1:0-592     [001] d.... 19991.841808: sched_switch: prev_comm=kworker/1:0 prev_pid=592 prev_prio=120 prev_state=I ==> next_comm=swapper/1 next_pid=0 next_prio=120
          <idle>-0       [003] dnH.. 19991.881836: sched_wakeup: comm=kcompactd0 pid=44 prio=120 target_cpu=003
          <idle>-0       [003] d.... 19991.881938: sched_switch: prev_comm=swapper/3 prev_pid=0 prev_prio=120 prev_state=R ==> next_comm=kcompactd0 next_pid=44 next_prio=120
      kcompactd0-44      [003] d.... 19991.882019: sched_switch: prev_comm=kcompactd0 prev_pid=44 prev_prio=120 prev_state=S ==> next_comm=swapper/3 next_pid=0 next_prio=120
          <idle>-0       [001] dns.. 19992.051685: sched_wakeup: comm=kworker/1:0 pid=592 prio=120 target_cpu=001
          <idle>-0       [001] d.... 19992.051738: sched_switch: prev_comm=swapper/1 prev_pid=0 prev_prio=120 prev_state=R ==> next_comm=kworker/1:0 next_pid=592 next_prio=120
     kworker/1:0-592     [001] d.... 19992.051785: sched_switch: prev_comm=kworker/1:0 prev_pid=592 prev_prio=120 prev_state=I ==> next_comm=swapper/1 next_pid=0 next_prio=120
          <idle>-0       [000] dns.. 19992.171790: sched_wakeup: comm=kworker/0:2 pid=568 prio=120 target_cpu=000
          <idle>-0       [002] dnH.. 19992.171806: sched_wakeup: comm=kworker/u16:0 pid=419 prio=120 target_cpu=002
          <idle>-0       [002] d.... 19992.171913: sched_switch: prev_comm=swapper/2 prev_pid=0 prev_prio=120 prev_state=R ==> next_comm=kworker/u16:0 next_pid=419 next_prio=120
          <idle>-0       [000] d.... 19992.171961: sched_switch: prev_comm=swapper/0 prev_pid=0 prev_prio=120 prev_state=R ==> next_comm=kworker/0:2 next_pid=568 next_prio=120
          <idle>-0       [003] dnh.. 19992.172051: sched_wakeup: comm=kworker/u16:2 pid=49 prio=120 target_cpu=003
     kworker/0:2-568     [000] d.... 19992.172055: sched_switch: prev_comm=kworker/0:2 prev_pid=568 prev_prio=120 prev_state=I ==> next_comm=swapper/0 next_pid=0 next_prio=120
          <idle>-0       [003] d.... 19992.172154: sched_switch: prev_comm=swapper/3 prev_pid=0 prev_prio=120 prev_state=R ==> next_comm=kworker/u16:2 next_pid=49 next_prio=120
   kworker/u16:0-419     [002] d.... 19992.172290: sched_switch: prev_comm=kworker/u16:0 prev_pid=419 prev_prio=120 prev_state=I ==> next_comm=swapper/2 next_pid=0 next_prio=120
   kworker/u16:2-49      [003] d.... 19992.172307: sched_switch: prev_comm=kworker/u16:2 prev_pid=49 prev_prio=120 prev_state=I ==> next_comm=swapper/3 next_pid=0 next_prio=120
          <idle>-0       [003] dnh.. 19992.206323: sched_wakeup: comm=cron pid=149 prio=120 target_cpu=003
          <idle>-0       [003] d.... 19992.206459: sched_switch: prev_comm=swapper/3 prev_pid=0 prev_prio=120 prev_state=R ==> next_comm=cron next_pid=149 next_prio=120
            cron-149     [003] d.... 19992.207307: sched_switch: prev_comm=cron prev_pid=149 prev_prio=120 prev_state=S ==> next_comm=swapper/3 next_pid=0 next_prio=120
          <idle>-0       [001] dns.. 19992.251689: sched_wakeup: comm=kworker/1:0 pid=592 prio=120 target_cpu=001
          <idle>-0       [001] d.... 19992.251761: sched_switch: prev_comm=swapper/1 prev_pid=0 prev_prio=120 prev_state=R ==> next_comm=kworker/1:0 next_pid=592 next_prio=120
          <idle>-0       [003] dnH.. 19992.251774: sched_wakeup: comm=kworker/u16:2 pid=49 prio=120 target_cpu=003
     kworker/1:0-592     [001] d.... 19992.251852: sched_switch: prev_comm=kworker/1:0 prev_pid=592 prev_prio=120 prev_state=I ==> next_comm=swapper/1 next_pid=0 next_prio=120
          <idle>-0       [003] d.... 19992.251902: sched_switch: prev_comm=swapper/3 prev_pid=0 prev_prio=120 prev_state=R ==> next_comm=kworker/u16:2 next_pid=49 next_prio=120
          <idle>-0       [002] dnh.. 19992.252036: sched_wakeup: comm=kworker/u16:0 pid=419 prio=120 target_cpu=002
   kworker/u16:2-49      [003] d.... 19992.252049: sched_switch: prev_comm=kworker/u16:2 prev_pid=49 prev_prio=120 prev_state=I ==> next_comm=swapper/3 next_pid=0 next_prio=120
          <idle>-0       [002] d.... 19992.252221: sched_switch: prev_comm=swapper/2 prev_pid=0 prev_prio=120 prev_state=R ==> next_comm=kworker/u16:0 next_pid=419 next_prio=120
   kworker/u16:0-419     [002] d.... 19992.252270: sched_switch: prev_comm=kworker/u16:0 prev_pid=419 prev_prio=120 prev_state=I ==> next_comm=swapper/2 next_pid=0 next_prio=120
          <idle>-0       [001] dns.. 19992.261686: sched_wakeup: comm=kworker/1:0 pid=592 prio=120 target_cpu=001
          <idle>-0       [001] d.... 19992.261724: sched_switch: prev_comm=swapper/1 prev_pid=0 prev_prio=120 prev_state=R ==> next_comm=kworker/1:0 next_pid=592 next_prio=120
     kworker/1:0-592     [001] d.... 19992.261765: sched_switch: prev_comm=kworker/1:0 prev_pid=592 prev_prio=120 prev_state=I ==> next_comm=swapper/1 next_pid=0 next_prio=120
          <idle>-0       [002] dns.. 19992.331773: sched_wakeup: comm=kworker/u16:0 pid=419 prio=120 target_cpu=002
          <idle>-0       [002] d.... 19992.331882: sched_switch: prev_comm=swapper/2 prev_pid=0 prev_prio=120 prev_state=R ==> next_comm=kworker/u16:0 next_pid=419 next_prio=120
   kworker/u16:0-419     [002] d.... 19992.331979: sched_switch: prev_comm=kworker/u16:0 prev_pid=419 prev_prio=120 prev_state=I ==> next_comm=swapper/2 next_pid=0 next_prio=120
          <idle>-0       [003] dnH.. 19992.391823: sched_wakeup: comm=kcompactd0 pid=44 prio=120 target_cpu=003
          <idle>-0       [003] d.... 19992.391921: sched_switch: prev_comm=swapper/3 prev_pid=0 prev_prio=120 prev_state=R ==> next_comm=kcompactd0 next_pid=44 next_prio=120
      kcompactd0-44      [003] d.... 19992.391989: sched_switch: prev_comm=kcompactd0 prev_pid=44 prev_prio=120 prev_state=S ==> next_comm=swapper/3 next_pid=0 next_prio=120
          <idle>-0       [001] dns.. 19992.471699: sched_wakeup: comm=kworker/1:0 pid=592 prio=120 target_cpu=001
          <idle>-0       [001] d.... 19992.471754: sched_switch: prev_comm=swapper/1 prev_pid=0 prev_prio=120 prev_state=R ==> next_comm=kworker/1:0 next_pid=592 next_prio=120
     kworker/1:0-592     [001] d.... 19992.471802: sched_switch: prev_comm=kworker/1:0 prev_pid=592 prev_prio=120 prev_state=I ==> next_comm=swapper/1 next_pid=0 next_prio=120
          <idle>-0       [001] dns.. 19992.681683: sched_wakeup: comm=kworker/1:0 pid=592 prio=120 target_cpu=001
          <idle>-0       [001] d.... 19992.681736: sched_switch: prev_comm=swapper/1 prev_pid=0 prev_prio=120 prev_state=R ==> next_comm=kworker/1:0 next_pid=592 next_prio=120
     kworker/1:0-592     [001] d.... 19992.681783: sched_switch: prev_comm=kworker/1:0 prev_pid=592 prev_prio=120 prev_state=I ==> next_comm=swapper/1 next_pid=0 next_prio=120
          <idle>-0       [001] dns.. 19992.891703: sched_wakeup: comm=kworker/1:0 pid=592 prio=120 target_cpu=001
          <idle>-0       [001] d.... 19992.891758: sched_switch: prev_comm=swapper/1 prev_pid=0 prev_prio=120 prev_state=R ==> next_comm=kworker/1:0 next_pid=592 next_prio=120
     kworker/1:0-592     [001] d.h.. 19992.891840: sched_wakeup: comm=kworker/1:0 pid=592 prio=120 target_cpu=001
     kworker/1:0-592     [001] d.... 19992.891925: sched_switch: prev_comm=kworker/1:0 prev_pid=592 prev_prio=120 prev_state=I ==> next_comm=swapper/1 next_pid=0 next_prio=120
          <idle>-0       [003] dnH.. 19992.901806: sched_wakeup: comm=kcompactd0 pid=44 prio=120 target_cpu=003
          <idle>-0       [003] d.... 19992.901905: sched_switch: prev_comm=swapper/3 prev_pid=0 prev_prio=120 prev_state=R ==> next_comm=kcompactd0 next_pid=44 next_prio=120
      kcompactd0-44      [003] d.... 19992.901989: sched_switch: prev_comm=kcompactd0 prev_pid=44 prev_prio=120 prev_state=S ==> next_comm=swapper/3 next_pid=0 next_prio=120
          <idle>-0       [001] dns.. 19993.101691: sched_wakeup: comm=kworker/1:0 pid=592 prio=120 target_cpu=001
          <idle>-0       [001] d.... 19993.101745: sched_switch: prev_comm=swapper/1 prev_pid=0 prev_prio=120 prev_state=R ==> next_comm=kworker/1:0 next_pid=592 next_prio=120
          <idle>-0       [000] dns.. 19993.101769: sched_wakeup: comm=kworker/0:2 pid=568 prio=120 target_cpu=000
     kworker/1:0-592     [001] d.... 19993.101795: sched_switch: prev_comm=kworker/1:0 prev_pid=592 prev_prio=120 prev_state=I ==> next_comm=swapper/1 next_pid=0 next_prio=120
          <idle>-0       [000] d.... 19993.101883: sched_switch: prev_comm=swapper/0 prev_pid=0 prev_prio=120 prev_state=R ==> next_comm=kworker/0:2 next_pid=568 next_prio=120
     kworker/0:2-568     [000] d.... 19993.101973: sched_switch: prev_comm=kworker/0:2 prev_pid=568 prev_prio=120 prev_state=I ==> next_comm=swapper/0 next_pid=0 next_prio=120
          <idle>-0       [001] dns.. 19993.291701: sched_wakeup: comm=kworker/1:0 pid=592 prio=120 target_cpu=001
          <idle>-0       [001] d.... 19993.291748: sched_switch: prev_comm=swapper/1 prev_pid=0 prev_prio=120 prev_state=R ==> next_comm=kworker/1:0 next_pid=592 next_prio=120
     kworker/1:0-592     [001] d.... 19993.291835: sched_switch: prev_comm=kworker/1:0 prev_pid=592 prev_prio=120 prev_state=I ==> next_comm=swapper/1 next_pid=0 next_prio=120
          <idle>-0       [002] dns.. 19993.291839: sched_wakeup: comm=kworker/2:0 pid=557 prio=120 target_cpu=002
          <idle>-0       [002] d.... 19993.291942: sched_switch: prev_comm=swapper/2 prev_pid=0 prev_prio=120 prev_state=R ==> next_comm=kworker/2:0 next_pid=557 next_prio=120
     kworker/2:0-557     [002] d.... 19993.292023: sched_switch: prev_comm=kworker/2:0 prev_pid=557 prev_prio=120 prev_state=I ==> next_comm=swapper/2 next_pid=0 next_prio=120
          <idle>-0       [001] dns.. 19993.311670: sched_wakeup: comm=kworker/1:0 pid=592 prio=120 target_cpu=001
          <idle>-0       [001] d.... 19993.311705: sched_switch: prev_comm=swapper/1 prev_pid=0 prev_prio=120 prev_state=R ==> next_comm=kworker/1:0 next_pid=592 next_prio=120
     kworker/1:0-592     [001] d.... 19993.311745: sched_switch: prev_comm=kworker/1:0 prev_pid=592 prev_prio=120 prev_state=I ==> next_comm=swapper/1 next_pid=0 next_prio=120
          <idle>-0       [003] dnH.. 19993.411767: sched_wakeup: comm=kcompactd0 pid=44 prio=120 target_cpu=003
          <idle>-0       [003] d.... 19993.411897: sched_switch: prev_comm=swapper/3 prev_pid=0 prev_prio=120 prev_state=R ==> next_comm=kcompactd0 next_pid=44 next_prio=120
      kcompactd0-44      [003] d.... 19993.411977: sched_switch: prev_comm=kcompactd0 prev_pid=44 prev_prio=120 prev_state=S ==> next_comm=swapper/3 next_pid=0 next_prio=120
          <idle>-0       [001] dns.. 19993.521690: sched_wakeup: comm=kworker/1:0 pid=592 prio=120 target_cpu=001
          <idle>-0       [001] d.... 19993.521752: sched_switch: prev_comm=swapper/1 prev_pid=0 prev_prio=120 prev_state=R ==> next_comm=kworker/1:0 next_pid=592 next_prio=120
     kworker/1:0-592     [001] d.... 19993.521797: sched_switch: prev_comm=kworker/1:0 prev_pid=592 prev_prio=120 prev_state=I ==> next_comm=swapper/1 next_pid=0 next_prio=120
          <idle>-0       [001] dns.. 19993.731682: sched_wakeup: comm=kworker/1:0 pid=592 prio=120 target_cpu=001
          <idle>-0       [001] d.... 19993.731734: sched_switch: prev_comm=swapper/1 prev_pid=0 prev_prio=120 prev_state=R ==> next_comm=kworker/1:0 next_pid=592 next_prio=120
     kworker/1:0-592     [001] d.... 19993.731779: sched_switch: prev_comm=kworker/1:0 prev_pid=592 prev_prio=120 prev_state=I ==> next_comm=swapper/1 next_pid=0 next_prio=120
          <idle>-0       [002] dns.. 19993.771794: sched_wakeup: comm=kworker/u16:0 pid=419 prio=120 target_cpu=002
          <idle>-0       [002] d.... 19993.771916: sched_switch: prev_comm=swapper/2 prev_pid=0 prev_prio=120 prev_state=R ==> next_comm=kworker/u16:0 next_pid=419 next_prio=120
   kworker/u16:0-419     [002] d.... 19993.771976: sched_switch: prev_comm=kworker/u16:0 prev_pid=419 prev_prio=120 prev_state=I ==> next_comm=swapper/2 next_pid=0 next_prio=120
          <idle>-0       [003] dnH.. 19993.921880: sched_wakeup: comm=kcompactd0 pid=44 prio=120 target_cpu=003
          <idle>-0       [003] d.... 19993.921999: sched_switch: prev_comm=swapper/3 prev_pid=0 prev_prio=120 prev_state=R ==> next_comm=kcompactd0 next_pid=44 next_prio=120
      kcompactd0-44      [003] d.... 19993.922077: sched_switch: prev_comm=kcompactd0 prev_pid=44 prev_prio=120 prev_state=S ==> next_comm=swapper/3 next_pid=0 next_prio=120
          <idle>-0       [001] dns.. 19993.941696: sched_wakeup: comm=kworker/1:0 pid=592 prio=120 target_cpu=001
          <idle>-0       [001] d.... 19993.941740: sched_switch: prev_comm=swapper/1 prev_pid=0 prev_prio=120 prev_state=R ==> next_comm=kworker/1:0 next_pid=592 next_prio=120
     kworker/1:0-592     [001] d.... 19993.941787: sched_switch: prev_comm=kworker/1:0 prev_pid=592 prev_prio=120 prev_state=I ==> next_comm=swapper/1 next_pid=0 next_prio=120
          <idle>-0       [000] dns.. 19994.091754: sched_wakeup: comm=kworker/0:2 pid=568 prio=120 target_cpu=000
          <idle>-0       [000] d.... 19994.091859: sched_switch: prev_comm=swapper/0 prev_pid=0 prev_prio=120 prev_state=R ==> next_comm=kworker/0:2 next_pid=568 next_prio=120
     kworker/0:2-568     [000] d.... 19994.091955: sched_switch: prev_comm=kworker/0:2 prev_pid=568 prev_prio=120 prev_state=I ==> next_comm=swapper/0 next_pid=0 next_prio=120
          <idle>-0       [001] dns.. 19994.151683: sched_wakeup: comm=kworker/1:0 pid=592 prio=120 target_cpu=001
          <idle>-0       [001] d.... 19994.151735: sched_switch: prev_comm=swapper/1 prev_pid=0 prev_prio=120 prev_state=R ==> next_comm=kworker/1:0 next_pid=592 next_prio=120
     kworker/1:0-592     [001] d.... 19994.151784: sched_switch: prev_comm=kworker/1:0 prev_pid=592 prev_prio=120 prev_state=I ==> next_comm=swapper/1 next_pid=0 next_prio=120
          <idle>-0       [001] dns.. 19994.331681: sched_wakeup: comm=kworker/1:0 pid=592 prio=120 target_cpu=001
          <idle>-0       [001] d.... 19994.331733: sched_switch: prev_comm=swapper/1 prev_pid=0 prev_prio=120 prev_state=R ==> next_comm=kworker/1:0 next_pid=592 next_prio=120
     kworker/1:0-592     [001] d.... 19994.331816: sched_switch: prev_comm=kworker/1:0 prev_pid=592 prev_prio=120 prev_state=I ==> next_comm=swapper/1 next_pid=0 next_prio=120
          <idle>-0       [001] dns.. 19994.361683: sched_wakeup: comm=kworker/1:0 pid=592 prio=120 target_cpu=001
          <idle>-0       [001] d.... 19994.361734: sched_switch: prev_comm=swapper/1 prev_pid=0 prev_prio=120 prev_state=R ==> next_comm=kworker/1:0 next_pid=592 next_prio=120
     kworker/1:0-592     [001] d.... 19994.361775: sched_switch: prev_comm=kworker/1:0 prev_pid=592 prev_prio=120 prev_state=I ==> next_comm=swapper/1 next_pid=0 next_prio=120
          <idle>-0       [003] dns.. 19994.431700: sched_wakeup: comm=kcompactd0 pid=44 prio=120 target_cpu=003
          <idle>-0       [003] dns.. 19994.431726: sched_wakeup: comm=kworker/3:1 pid=570 prio=120 target_cpu=003
          <idle>-0       [003] d.... 19994.431788: sched_switch: prev_comm=swapper/3 prev_pid=0 prev_prio=120 prev_state=R ==> next_comm=kworker/3:1 next_pid=570 next_prio=120
     kworker/3:1-570     [003] d.... 19994.431880: sched_switch: prev_comm=kworker/3:1 prev_pid=570 prev_prio=120 prev_state=I ==> next_comm=swapper/3 next_pid=0 next_prio=120
          <idle>-0       [000] d.... 19994.431948: sched_switch: prev_comm=swapper/0 prev_pid=0 prev_prio=120 prev_state=R ==> next_comm=kcompactd0 next_pid=44 next_prio=120
      kcompactd0-44      [000] d.... 19994.432034: sched_switch: prev_comm=kcompactd0 prev_pid=44 prev_prio=120 prev_state=S ==> next_comm=swapper/0 next_pid=0 next_prio=120
          <idle>-0       [002] dnH.. 19994.491714: sched_wakeup: comm=kworker/u16:0 pid=419 prio=120 target_cpu=002
          <idle>-0       [002] d.... 19994.491768: sched_switch: prev_comm=swapper/2 prev_pid=0 prev_prio=120 prev_state=R ==> next_comm=kworker/u16:0 next_pid=419 next_prio=120
   kworker/u16:0-419     [002] d.... 19994.491840: sched_switch: prev_comm=kworker/u16:0 prev_pid=419 prev_prio=120 prev_state=I ==> next_comm=swapper/2 next_pid=0 next_prio=120
          <idle>-0       [001] dns.. 19994.571690: sched_wakeup: comm=kworker/1:0 pid=592 prio=120 target_cpu=001
          <idle>-0       [001] d.... 19994.571745: sched_switch: prev_comm=swapper/1 prev_pid=0 prev_prio=120 prev_state=R ==> next_comm=kworker/1:0 next_pid=592 next_prio=120
     kworker/1:0-592     [001] d.... 19994.571799: sched_switch: prev_comm=kworker/1:0 prev_pid=592 prev_prio=120 prev_state=I ==> next_comm=swapper/1 next_pid=0 next_prio=120
          <idle>-0       [000] dns.. 19994.761788: sched_wakeup: comm=kworker/0:2 pid=568 prio=120 target_cpu=000
          <idle>-0       [000] d.... 19994.761897: sched_switch: prev_comm=swapper/0 prev_pid=0 prev_prio=120 prev_state=R ==> next_comm=kworker/0:2 next_pid=568 next_prio=120
     kworker/0:2-568     [000] d.... 19994.761974: sched_switch: prev_comm=kworker/0:2 prev_pid=568 prev_prio=120 prev_state=I ==> next_comm=swapper/0 next_pid=0 next_prio=120
          <idle>-0       [001] dns.. 19994.781690: sched_wakeup: comm=kworker/1:0 pid=592 prio=120 target_cpu=001
          <idle>-0       [001] d.... 19994.781737: sched_switch: prev_comm=swapper/1 prev_pid=0 prev_prio=120 prev_state=R ==> next_comm=kworker/1:0 next_pid=592 next_prio=120
     kworker/1:0-592     [001] d.... 19994.781783: sched_switch: prev_comm=kworker/1:0 prev_pid=592 prev_prio=120 prev_state=I ==> next_comm=swapper/1 next_pid=0 next_prio=120
          <idle>-0       [000] dnH.. 19994.941836: sched_wakeup: comm=kcompactd0 pid=44 prio=120 target_cpu=000
          <idle>-0       [000] d.... 19994.941962: sched_switch: prev_comm=swapper/0 prev_pid=0 prev_prio=120 prev_state=R ==> next_comm=kcompactd0 next_pid=44 next_prio=120
      kcompactd0-44      [000] d.... 19994.942039: sched_switch: prev_comm=kcompactd0 prev_pid=44 prev_prio=120 prev_state=S ==> next_comm=swapper/0 next_pid=0 next_prio=120
          <idle>-0       [001] dns.. 19994.971696: sched_wakeup: comm=kworker/1:0 pid=592 prio=120 target_cpu=001
          <idle>-0       [001] d.... 19994.971746: sched_switch: prev_comm=swapper/1 prev_pid=0 prev_prio=120 prev_state=R ==> next_comm=kworker/1:0 next_pid=592 next_prio=120
     kworker/1:0-592     [001] d.h.. 19994.971820: sched_wakeup: comm=kworker/1:0 pid=592 prio=120 target_cpu=001
     kworker/1:0-592     [001] d.... 19994.971891: sched_switch: prev_comm=kworker/1:0 prev_pid=592 prev_prio=120 prev_state=I ==> next_comm=swapper/1 next_pid=0 next_prio=120
          <idle>-0       [001] dns.. 19994.991679: sched_wakeup: comm=kworker/1:0 pid=592 prio=120 target_cpu=001
          <idle>-0       [001] d.... 19994.991715: sched_switch: prev_comm=swapper/1 prev_pid=0 prev_prio=120 prev_state=R ==> next_comm=kworker/1:0 next_pid=592 next_prio=120
     kworker/1:0-592     [001] d.... 19994.991758: sched_switch: prev_comm=kworker/1:0 prev_pid=592 prev_prio=120 prev_state=I ==> next_comm=swapper/1 next_pid=0 next_prio=120
          <idle>-0       [001] dns.. 19995.201686: sched_wakeup: comm=kworker/1:0 pid=592 prio=120 target_cpu=001
          <idle>-0       [001] d.... 19995.201741: sched_switch: prev_comm=swapper/1 prev_pid=0 prev_prio=120 prev_state=R ==> next_comm=kworker/1:0 next_pid=592 next_prio=120
     kworker/1:0-592     [001] d.... 19995.201792: sched_switch: prev_comm=kworker/1:0 prev_pid=592 prev_prio=120 prev_state=I ==> next_comm=swapper/1 next_pid=0 next_prio=120
          <idle>-0       [001] dns.. 19995.371672: sched_wakeup: comm=kworker/1:0 pid=592 prio=120 target_cpu=001
          <idle>-0       [001] d.... 19995.371726: sched_switch: prev_comm=swapper/1 prev_pid=0 prev_prio=120 prev_state=R ==> next_comm=kworker/1:0 next_pid=592 next_prio=120
     kworker/1:0-592     [001] d.... 19995.371815: sched_switch: prev_comm=kworker/1:0 prev_pid=592 prev_prio=120 prev_state=I ==> next_comm=swapper/1 next_pid=0 next_prio=120
          <idle>-0       [001] dns.. 19995.411675: sched_wakeup: comm=kworker/1:0 pid=592 prio=120 target_cpu=001
          <idle>-0       [001] d.... 19995.411724: sched_switch: prev_comm=swapper/1 prev_pid=0 prev_prio=120 prev_state=R ==> next_comm=kworker/1:0 next_pid=592 next_prio=120
     kworker/1:0-592     [001] d.... 19995.411764: sched_switch: prev_comm=kworker/1:0 prev_pid=592 prev_prio=120 prev_state=I ==> next_comm=swapper/1 next_pid=0 next_prio=120
          <idle>-0       [000] dns.. 19995.451766: sched_wakeup: comm=kcompactd0 pid=44 prio=120 target_cpu=000
          <idle>-0       [000] dns.. 19995.451805: sched_wakeup: comm=kworker/0:2 pid=568 prio=120 target_cpu=000
          <idle>-0       [000] d.... 19995.451915: sched_switch: prev_comm=swapper/0 prev_pid=0 prev_prio=120 prev_state=R ==> next_comm=kcompactd0 next_pid=44 next_prio=120
      kcompactd0-44      [000] d.... 19995.451982: sched_switch: prev_comm=kcompactd0 prev_pid=44 prev_prio=120 prev_state=S ==> next_comm=kworker/0:2 next_pid=568 next_prio=120
     kworker/0:2-568     [000] d.... 19995.452064: sched_switch: prev_comm=kworker/0:2 prev_pid=568 prev_prio=120 prev_state=I ==> next_comm=swapper/0 next_pid=0 next_prio=120
          <idle>-0       [001] dns.. 19995.621674: sched_wakeup: comm=kworker/1:0 pid=592 prio=120 target_cpu=001
          <idle>-0       [001] d.... 19995.621727: sched_switch: prev_comm=swapper/1 prev_pid=0 prev_prio=120 prev_state=R ==> next_comm=kworker/1:0 next_pid=592 next_prio=120
     kworker/1:0-592     [001] d.... 19995.621775: sched_switch: prev_comm=kworker/1:0 prev_pid=592 prev_prio=120 prev_state=I ==> next_comm=swapper/1 next_pid=0 next_prio=120
          <idle>-0       [001] dns.. 19995.831694: sched_wakeup: comm=kworker/1:0 pid=592 prio=120 target_cpu=001
          <idle>-0       [001] d.... 19995.831744: sched_switch: prev_comm=swapper/1 prev_pid=0 prev_prio=120 prev_state=R ==> next_comm=kworker/1:0 next_pid=592 next_prio=120
     kworker/1:0-592     [001] d.... 19995.831789: sched_switch: prev_comm=kworker/1:0 prev_pid=592 prev_prio=120 prev_state=I ==> next_comm=swapper/1 next_pid=0 next_prio=120
          <idle>-0       [002] dns.. 19995.881782: sched_wakeup: comm=kworker/u16:0 pid=419 prio=120 target_cpu=002
          <idle>-0       [002] d.... 19995.881895: sched_switch: prev_comm=swapper/2 prev_pid=0 prev_prio=120 prev_state=R ==> next_comm=kworker/u16:0 next_pid=419 next_prio=120
   kworker/u16:0-419     [002] d.... 19995.881991: sched_switch: prev_comm=kworker/u16:0 prev_pid=419 prev_prio=120 prev_state=I ==> next_comm=swapper/2 next_pid=0 next_prio=120
          <idle>-0       [000] dnH.. 19995.961805: sched_wakeup: comm=kcompactd0 pid=44 prio=120 target_cpu=000
          <idle>-0       [000] d.... 19995.961931: sched_switch: prev_comm=swapper/0 prev_pid=0 prev_prio=120 prev_state=R ==> next_comm=kcompactd0 next_pid=44 next_prio=120
      kcompactd0-44      [000] d.... 19995.961995: sched_switch: prev_comm=kcompactd0 prev_pid=44 prev_prio=120 prev_state=S ==> next_comm=swapper/0 next_pid=0 next_prio=120
          <idle>-0       [001] dns.. 19996.041681: sched_wakeup: comm=kworker/1:0 pid=592 prio=120 target_cpu=001
          <idle>-0       [001] d.... 19996.041730: sched_switch: prev_comm=swapper/1 prev_pid=0 prev_prio=120 prev_state=R ==> next_comm=kworker/1:0 next_pid=592 next_prio=120
     kworker/1:0-592     [001] d.... 19996.041779: sched_switch: prev_comm=kworker/1:0 prev_pid=592 prev_prio=120 prev_state=I ==> next_comm=swapper/1 next_pid=0 next_prio=120
          <idle>-0       [001] dns.. 19996.251680: sched_wakeup: comm=kworker/1:0 pid=592 prio=120 target_cpu=001
          <idle>-0       [001] d.... 19996.251730: sched_switch: prev_comm=swapper/1 prev_pid=0 prev_prio=120 prev_state=R ==> next_comm=kworker/1:0 next_pid=592 next_prio=120
     kworker/1:0-592     [001] d.... 19996.251774: sched_switch: prev_comm=kworker/1:0 prev_pid=592 prev_prio=120 prev_state=I ==> next_comm=swapper/1 next_pid=0 next_prio=120
          <idle>-0       [001] dns.. 19996.411692: sched_wakeup: comm=kworker/1:0 pid=592 prio=120 target_cpu=001
          <idle>-0       [001] d.... 19996.411745: sched_switch: prev_comm=swapper/1 prev_pid=0 prev_prio=120 prev_state=R ==> next_comm=kworker/1:0 next_pid=592 next_prio=120
     kworker/1:0-592     [001] d.... 19996.411827: sched_switch: prev_comm=kworker/1:0 prev_pid=592 prev_prio=120 prev_state=I ==> next_comm=swapper/1 next_pid=0 next_prio=120
          <idle>-0       [001] dns.. 19996.461693: sched_wakeup: comm=kworker/1:0 pid=592 prio=120 target_cpu=001
          <idle>-0       [001] d.... 19996.461739: sched_switch: prev_comm=swapper/1 prev_pid=0 prev_prio=120 prev_state=R ==> next_comm=kworker/1:0 next_pid=592 next_prio=120
     kworker/1:0-592     [001] d.... 19996.461782: sched_switch: prev_comm=kworker/1:0 prev_pid=592 prev_prio=120 prev_state=I ==> next_comm=swapper/1 next_pid=0 next_prio=120
          <idle>-0       [000] dnH.. 19996.471788: sched_wakeup: comm=kcompactd0 pid=44 prio=120 target_cpu=000
          <idle>-0       [000] d.... 19996.471882: sched_switch: prev_comm=swapper/0 prev_pid=0 prev_prio=120 prev_state=R ==> next_comm=kcompactd0 next_pid=44 next_prio=120
      kcompactd0-44      [000] d.... 19996.471960: sched_switch: prev_comm=kcompactd0 prev_pid=44 prev_prio=120 prev_state=S ==> next_comm=swapper/0 next_pid=0 next_prio=120
          <idle>-0       [001] dns.. 19996.671693: sched_wakeup: comm=kworker/1:0 pid=592 prio=120 target_cpu=001
          <idle>-0       [001] d.... 19996.671744: sched_switch: prev_comm=swapper/1 prev_pid=0 prev_prio=120 prev_state=R ==> next_comm=kworker/1:0 next_pid=592 next_prio=120
          <idle>-0       [000] dns.. 19996.671780: sched_wakeup: comm=kworker/0:2 pid=568 prio=120 target_cpu=000
     kworker/1:0-592     [001] d.... 19996.671789: sched_switch: prev_comm=kworker/1:0 prev_pid=592 prev_prio=120 prev_state=I ==> next_comm=swapper/1 next_pid=0 next_prio=120
          <idle>-0       [000] d.... 19996.671883: sched_switch: prev_comm=swapper/0 prev_pid=0 prev_prio=120 prev_state=R ==> next_comm=kworker/0:2 next_pid=568 next_prio=120
     kworker/0:2-568     [000] d.... 19996.671955: sched_switch: prev_comm=kworker/0:2 prev_pid=568 prev_prio=120 prev_state=I ==> next_comm=swapper/0 next_pid=0 next_prio=120
          <idle>-0       [001] dns.. 19996.881703: sched_wakeup: comm=kworker/1:0 pid=592 prio=120 target_cpu=001
          <idle>-0       [001] d.... 19996.881758: sched_switch: prev_comm=swapper/1 prev_pid=0 prev_prio=120 prev_state=R ==> next_comm=kworker/1:0 next_pid=592 next_prio=120
     kworker/1:0-592     [001] d.... 19996.881804: sched_switch: prev_comm=kworker/1:0 prev_pid=592 prev_prio=120 prev_state=I ==> next_comm=swapper/1 next_pid=0 next_prio=120
          <idle>-0       [000] dnH.. 19996.981816: sched_wakeup: comm=kcompactd0 pid=44 prio=120 target_cpu=000
          <idle>-0       [000] d.... 19996.981943: sched_switch: prev_comm=swapper/0 prev_pid=0 prev_prio=120 prev_state=R ==> next_comm=kcompactd0 next_pid=44 next_prio=120
      kcompactd0-44      [000] d.... 19996.982014: sched_switch: prev_comm=kcompactd0 prev_pid=44 prev_prio=120 prev_state=S ==> next_comm=swapper/0 next_pid=0 next_prio=120
          <idle>-0       [001] dns.. 19997.051695: sched_wakeup: comm=kworker/1:0 pid=592 prio=120 target_cpu=001
          <idle>-0       [001] d.... 19997.051758: sched_switch: prev_comm=swapper/1 prev_pid=0 prev_prio=120 prev_state=R ==> next_comm=kworker/1:0 next_pid=592 next_prio=120
          <idle>-0       [000] dns.. 19997.051771: sched_wakeup: comm=kworker/0:2 pid=568 prio=120 target_cpu=000
     kworker/1:0-592     [001] d.h.. 19997.051836: sched_wakeup: comm=kworker/1:0 pid=592 prio=120 target_cpu=001
     kworker/1:0-592     [001] d.... 19997.051909: sched_switch: prev_comm=kworker/1:0 prev_pid=592 prev_prio=120 prev_state=I ==> next_comm=swapper/1 next_pid=0 next_prio=120
          <idle>-0       [000] d.... 19997.051936: sched_switch: prev_comm=swapper/0 prev_pid=0 prev_prio=120 prev_state=R ==> next_comm=kworker/0:2 next_pid=568 next_prio=120
     kworker/0:2-568     [000] d.... 19997.052019: sched_switch: prev_comm=kworker/0:2 prev_pid=568 prev_prio=120 prev_state=I ==> next_comm=swapper/0 next_pid=0 next_prio=120
          <idle>-0       [001] dns.. 19997.091687: sched_wakeup: comm=kworker/1:0 pid=592 prio=120 target_cpu=001
          <idle>-0       [001] d.... 19997.091739: sched_switch: prev_comm=swapper/1 prev_pid=0 prev_prio=120 prev_state=R ==> next_comm=kworker/1:0 next_pid=592 next_prio=120
     kworker/1:0-592     [001] d.... 19997.091786: sched_switch: prev_comm=kworker/1:0 prev_pid=592 prev_prio=120 prev_state=I ==> next_comm=swapper/1 next_pid=0 next_prio=120
          <idle>-0       [002] dnH.. 19997.211831: sched_wakeup: comm=kworker/u16:0 pid=419 prio=120 target_cpu=002
          <idle>-0       [002] d.... 19997.211960: sched_switch: prev_comm=swapper/2 prev_pid=0 prev_prio=120 prev_state=R ==> next_comm=kworker/u16:0 next_pid=419 next_prio=120
          <idle>-0       [003] dnh.. 19997.212119: sched_wakeup: comm=kworker/u16:2 pid=49 prio=120 target_cpu=003
   kworker/u16:0-419     [002] d.... 19997.212168: sched_switch: prev_comm=kworker/u16:0 prev_pid=419 prev_prio=120 prev_state=I ==> next_comm=swapper/2 next_pid=0 next_prio=120
          <idle>-0       [003] d.... 19997.212216: sched_switch: prev_comm=swapper/3 prev_pid=0 prev_prio=120 prev_state=R ==> next_comm=kworker/u16:2 next_pid=49 next_prio=120
   kworker/u16:2-49      [003] d.... 19997.212292: sched_switch: prev_comm=kworker/u16:2 prev_pid=49 prev_prio=120 prev_state=I ==> next_comm=swapper/3 next_pid=0 next_prio=120
          <idle>-0       [003] dnH.. 19997.291779: sched_wakeup: comm=kworker/u16:2 pid=49 prio=120 target_cpu=003
          <idle>-0       [003] d.... 19997.291864: sched_switch: prev_comm=swapper/3 prev_pid=0 prev_prio=120 prev_state=R ==> next_comm=kworker/u16:2 next_pid=49 next_prio=120
          <idle>-0       [002] dnh.. 19997.291993: sched_wakeup: comm=kworker/u16:0 pid=419 prio=120 target_cpu=002
          <idle>-0       [002] d.... 19997.292058: sched_switch: prev_comm=swapper/2 prev_pid=0 prev_prio=120 prev_state=R ==> next_comm=kworker/u16:0 next_pid=419 next_prio=120
   kworker/u16:2-49      [003] d.... 19997.292062: sched_switch: prev_comm=kworker/u16:2 prev_pid=49 prev_prio=120 prev_state=I ==> next_comm=swapper/3 next_pid=0 next_prio=120
   kworker/u16:0-419     [002] d.... 19997.292106: sched_switch: prev_comm=kworker/u16:0 prev_pid=419 prev_prio=120 prev_state=I ==> next_comm=swapper/2 next_pid=0 next_prio=120
          <idle>-0       [001] dns.. 19997.301690: sched_wakeup: comm=kworker/1:0 pid=592 prio=120 target_cpu=001
          <idle>-0       [001] d.... 19997.301739: sched_switch: prev_comm=swapper/1 prev_pid=0 prev_prio=120 prev_state=R ==> next_comm=kworker/1:0 next_pid=592 next_prio=120
     kworker/1:0-592     [001] d.... 19997.301789: sched_switch: prev_comm=kworker/1:0 prev_pid=592 prev_prio=120 prev_state=I ==> next_comm=swapper/1 next_pid=0 next_prio=120
          <idle>-0       [002] dnH.. 19997.371781: sched_wakeup: comm=kworker/u16:0 pid=419 prio=120 target_cpu=002
          <idle>-0       [002] d.... 19997.371863: sched_switch: prev_comm=swapper/2 prev_pid=0 prev_prio=120 prev_state=R ==> next_comm=kworker/u16:0 next_pid=419 next_prio=120
   kworker/u16:0-419     [002] d.... 19997.371962: sched_switch: prev_comm=kworker/u16:0 prev_pid=419 prev_prio=120 prev_state=I ==> next_comm=swapper/2 next_pid=0 next_prio=120
          <idle>-0       [001] dns.. 19997.451682: sched_wakeup: comm=kworker/1:0 pid=592 prio=120 target_cpu=001
          <idle>-0       [001] d.... 19997.451740: sched_switch: prev_comm=swapper/1 prev_pid=0 prev_prio=120 prev_state=R ==> next_comm=kworker/1:0 next_pid=592 next_prio=120
     kworker/1:0-592     [001] d.... 19997.451830: sched_switch: prev_comm=kworker/1:0 prev_pid=592 prev_prio=120 prev_state=I ==> next_comm=swapper/1 next_pid=0 next_prio=120
          <idle>-0       [000] dnH.. 19997.491792: sched_wakeup: comm=kcompactd0 pid=44 prio=120 target_cpu=000
          <idle>-0       [000] d.... 19997.491917: sched_switch: prev_comm=swapper/0 prev_pid=0 prev_prio=120 prev_state=R ==> next_comm=kcompactd0 next_pid=44 next_prio=120
      kcompactd0-44      [000] d.... 19997.491981: sched_switch: prev_comm=kcompactd0 prev_pid=44 prev_prio=120 prev_state=S ==> next_comm=swapper/0 next_pid=0 next_prio=120
          <idle>-0       [001] dns.. 19997.511698: sched_wakeup: comm=kworker/1:0 pid=592 prio=120 target_cpu=001
          <idle>-0       [001] d.... 19997.511743: sched_switch: prev_comm=swapper/1 prev_pid=0 prev_prio=120 prev_state=R ==> next_comm=kworker/1:0 next_pid=592 next_prio=120
     kworker/1:0-592     [001] d.... 19997.511789: sched_switch: prev_comm=kworker/1:0 prev_pid=592 prev_prio=120 prev_state=I ==> next_comm=swapper/1 next_pid=0 next_prio=120
          <idle>-0       [001] dns.. 19997.721699: sched_wakeup: comm=kworker/1:0 pid=592 prio=120 target_cpu=001
          <idle>-0       [001] d.... 19997.721766: sched_switch: prev_comm=swapper/1 prev_pid=0 prev_prio=120 prev_state=R ==> next_comm=kworker/1:0 next_pid=592 next_prio=120
     kworker/1:0-592     [001] d.... 19997.721825: sched_switch: prev_comm=kworker/1:0 prev_pid=592 prev_prio=120 prev_state=I ==> next_comm=swapper/1 next_pid=0 next_prio=120
          <idle>-0       [001] dns.. 19997.931716: sched_wakeup: comm=kworker/1:0 pid=592 prio=120 target_cpu=001
          <idle>-0       [001] d.... 19997.931796: sched_switch: prev_comm=swapper/1 prev_pid=0 prev_prio=120 prev_state=R ==> next_comm=kworker/1:0 next_pid=592 next_prio=120
          <idle>-0       [003] dnh.. 19997.931814: sched_wakeup: comm=kworker/u16:0 pid=419 prio=120 target_cpu=003
          <idle>-0       [002] dnH.. 19997.931829: sched_wakeup: comm=jbd2/mmcblk0-8 pid=79 prio=120 target_cpu=002
          <idle>-0       [003] d.... 19997.931867: sched_switch: prev_comm=swapper/3 prev_pid=0 prev_prio=120 prev_state=R ==> next_comm=kworker/u16:0 next_pid=419 next_prio=120
     kworker/1:0-592     [001] d.... 19997.931877: sched_switch: prev_comm=kworker/1:0 prev_pid=592 prev_prio=120 prev_state=I ==> next_comm=swapper/1 next_pid=0 next_prio=120
   kworker/u16:0-419     [003] d.... 19997.931931: sched_switch: prev_comm=kworker/u16:0 prev_pid=419 prev_prio=120 prev_state=I ==> next_comm=swapper/3 next_pid=0 next_prio=120
          <idle>-0       [002] d.... 19997.931943: sched_switch: prev_comm=swapper/2 prev_pid=0 prev_prio=120 prev_state=R ==> next_comm=jbd2/mmcblk0-8 next_pid=79 next_prio=120
  jbd2/mmcblk0-8-79      [002] d.... 19997.934490: sched_switch: prev_comm=jbd2/mmcblk0-8 prev_pid=79 prev_prio=120 prev_state=D ==> next_comm=swapper/2 next_pid=0 next_prio=120
          <idle>-0       [001] dns.. 19997.934507: sched_wakeup: comm=kworker/1:0 pid=592 prio=120 target_cpu=001
          <idle>-0       [001] d.... 19997.934542: sched_switch: prev_comm=swapper/1 prev_pid=0 prev_prio=120 prev_state=R ==> next_comm=kworker/1:0 next_pid=592 next_prio=120
     kworker/1:0-592     [001] d.... 19997.934616: sched_switch: prev_comm=kworker/1:0 prev_pid=592 prev_prio=120 prev_state=I ==> next_comm=swapper/1 next_pid=0 next_prio=120
          <idle>-0       [003] dnh.. 19997.934640: sched_wakeup: comm=irq/113-mmc0 pid=73 prio=49 target_cpu=003
          <idle>-0       [003] d.... 19997.934677: sched_switch: prev_comm=swapper/3 prev_pid=0 prev_prio=120 prev_state=R ==> next_comm=irq/113-mmc0 next_pid=73 next_prio=49
    irq/113-mmc0-73      [003] d.... 19997.934731: sched_wakeup: comm=kworker/3:1H pid=77 prio=100 target_cpu=003
    irq/113-mmc0-73      [003] d.... 19997.934767: sched_switch: prev_comm=irq/113-mmc0 prev_pid=73 prev_prio=49 prev_state=S ==> next_comm=kworker/3:1H next_pid=77 next_prio=100
          <idle>-0       [002] dnh.. 19997.934894: sched_wakeup: comm=jbd2/mmcblk0-8 pid=79 prio=120 target_cpu=002
    kworker/3:1H-77      [003] d.... 19997.934911: sched_switch: prev_comm=kworker/3:1H prev_pid=77 prev_prio=100 prev_state=I ==> next_comm=swapper/3 next_pid=0 next_prio=120
          <idle>-0       [002] d.... 19997.934918: sched_switch: prev_comm=swapper/2 prev_pid=0 prev_prio=120 prev_state=R ==> next_comm=jbd2/mmcblk0-8 next_pid=79 next_prio=120
  jbd2/mmcblk0-8-79      [002] d.... 19997.935981: sched_switch: prev_comm=jbd2/mmcblk0-8 prev_pid=79 prev_prio=120 prev_state=D ==> next_comm=swapper/2 next_pid=0 next_prio=120
          <idle>-0       [003] dns.. 19997.936005: sched_wakeup: comm=kworker/3:1 pid=570 prio=120 target_cpu=003
          <idle>-0       [003] d.... 19997.936037: sched_switch: prev_comm=swapper/3 prev_pid=0 prev_prio=120 prev_state=R ==> next_comm=kworker/3:1 next_pid=570 next_prio=120
     kworker/3:1-570     [003] d.... 19997.936096: sched_switch: prev_comm=kworker/3:1 prev_pid=570 prev_prio=120 prev_state=I ==> next_comm=swapper/3 next_pid=0 next_prio=120
          <idle>-0       [003] dnh.. 19997.936180: sched_wakeup: comm=irq/113-mmc0 pid=73 prio=49 target_cpu=003
          <idle>-0       [003] d.... 19997.936201: sched_switch: prev_comm=swapper/3 prev_pid=0 prev_prio=120 prev_state=R ==> next_comm=irq/113-mmc0 next_pid=73 next_prio=49
    irq/113-mmc0-73      [003] d.... 19997.936237: sched_wakeup: comm=kworker/3:1H pid=77 prio=100 target_cpu=003
    irq/113-mmc0-73      [003] d.... 19997.936254: sched_switch: prev_comm=irq/113-mmc0 prev_pid=73 prev_prio=49 prev_state=S ==> next_comm=kworker/3:1H next_pid=77 next_prio=100
          <idle>-0       [002] dnh.. 19997.936320: sched_wakeup: comm=jbd2/mmcblk0-8 pid=79 prio=120 target_cpu=002
    kworker/3:1H-77      [003] d.... 19997.936324: sched_switch: prev_comm=kworker/3:1H prev_pid=77 prev_prio=100 prev_state=I ==> next_comm=swapper/3 next_pid=0 next_prio=120
          <idle>-0       [002] d.... 19997.936339: sched_switch: prev_comm=swapper/2 prev_pid=0 prev_prio=120 prev_state=R ==> next_comm=jbd2/mmcblk0-8 next_pid=79 next_prio=120
  jbd2/mmcblk0-8-79      [002] d.... 19997.936400: sched_switch: prev_comm=jbd2/mmcblk0-8 prev_pid=79 prev_prio=120 prev_state=S ==> next_comm=swapper/2 next_pid=0 next_prio=120
          <idle>-0       [000] dns.. 19998.001760: sched_wakeup: comm=kcompactd0 pid=44 prio=120 target_cpu=000
          <idle>-0       [000] d.... 19998.001857: sched_switch: prev_comm=swapper/0 prev_pid=0 prev_prio=120 prev_state=R ==> next_comm=kcompactd0 next_pid=44 next_prio=120
      kcompactd0-44      [000] d.... 19998.001927: sched_switch: prev_comm=kcompactd0 prev_pid=44 prev_prio=120 prev_state=S ==> next_comm=swapper/0 next_pid=0 next_prio=120
          <idle>-0       [000] dns.. 19998.141703: sched_wakeup: comm=kworker/0:2 pid=568 prio=120 target_cpu=000
          <idle>-0       [001] dns.. 19998.141709: sched_wakeup: comm=kworker/1:0 pid=592 prio=120 target_cpu=001
          <idle>-0       [000] d.... 19998.141763: sched_switch: prev_comm=swapper/0 prev_pid=0 prev_prio=120 prev_state=R ==> next_comm=kworker/0:2 next_pid=568 next_prio=120
          <idle>-0       [001] d.... 19998.141773: sched_switch: prev_comm=swapper/1 prev_pid=0 prev_prio=120 prev_state=R ==> next_comm=kworker/1:0 next_pid=592 next_prio=120
     kworker/0:2-568     [000] d.... 19998.141820: sched_switch: prev_comm=kworker/0:2 prev_pid=568 prev_prio=120 prev_state=I ==> next_comm=swapper/0 next_pid=0 next_prio=120
     kworker/1:0-592     [001] d.... 19998.141835: sched_switch: prev_comm=kworker/1:0 prev_pid=592 prev_prio=120 prev_state=I ==> next_comm=swapper/1 next_pid=0 next_prio=120
          <idle>-0       [002] dnh.. 19998.141886: sched_wakeup: comm=kworker/2:0 pid=557 prio=120 target_cpu=002
          <idle>-0       [002] d.... 19998.141959: sched_switch: prev_comm=swapper/2 prev_pid=0 prev_prio=120 prev_state=R ==> next_comm=kworker/2:0 next_pid=557 next_prio=120
     kworker/2:0-557     [002] d.... 19998.142145: sched_switch: prev_comm=kworker/2:0 prev_pid=557 prev_prio=120 prev_state=I ==> next_comm=swapper/2 next_pid=0 next_prio=120
          <idle>-0       [001] dns.. 19998.351707: sched_wakeup: comm=kworker/1:0 pid=592 prio=120 target_cpu=001
          <idle>-0       [002] dns.. 19998.351756: sched_wakeup: comm=kworker/2:0 pid=557 prio=120 target_cpu=002
          <idle>-0       [001] d.... 19998.351772: sched_switch: prev_comm=swapper/1 prev_pid=0 prev_prio=120 prev_state=R ==> next_comm=kworker/1:0 next_pid=592 next_prio=120
     kworker/1:0-592     [001] d.... 19998.351829: sched_switch: prev_comm=kworker/1:0 prev_pid=592 prev_prio=120 prev_state=I ==> next_comm=swapper/1 next_pid=0 next_prio=120
          <idle>-0       [002] d.... 19998.351859: sched_switch: prev_comm=swapper/2 prev_pid=0 prev_prio=120 prev_state=R ==> next_comm=kworker/2:0 next_pid=557 next_prio=120
     kworker/2:0-557     [002] d.... 19998.351935: sched_switch: prev_comm=kworker/2:0 prev_pid=557 prev_prio=120 prev_state=I ==> next_comm=swapper/2 next_pid=0 next_prio=120
          <idle>-0       [001] dns.. 19998.491715: sched_wakeup: comm=kworker/1:0 pid=592 prio=120 target_cpu=001
          <idle>-0       [001] d.... 19998.491779: sched_switch: prev_comm=swapper/1 prev_pid=0 prev_prio=120 prev_state=R ==> next_comm=kworker/1:0 next_pid=592 next_prio=120
     kworker/1:0-592     [001] d.... 19998.491882: sched_switch: prev_comm=kworker/1:0 prev_pid=592 prev_prio=120 prev_state=I ==> next_comm=swapper/1 next_pid=0 next_prio=120
          <idle>-0       [000] dnH.. 19998.511796: sched_wakeup: comm=kcompactd0 pid=44 prio=120 target_cpu=000
          <idle>-0       [000] d.... 19998.511915: sched_switch: prev_comm=swapper/0 prev_pid=0 prev_prio=120 prev_state=R ==> next_comm=kcompactd0 next_pid=44 next_prio=120
      kcompactd0-44      [000] d.... 19998.511977: sched_switch: prev_comm=kcompactd0 prev_pid=44 prev_prio=120 prev_state=S ==> next_comm=swapper/0 next_pid=0 next_prio=120
          <idle>-0       [001] dns.. 19998.561688: sched_wakeup: comm=kworker/1:0 pid=592 prio=120 target_cpu=001
          <idle>-0       [001] d.... 19998.561750: sched_switch: prev_comm=swapper/1 prev_pid=0 prev_prio=120 prev_state=R ==> next_comm=kworker/1:0 next_pid=592 next_prio=120
     kworker/1:0-592     [001] d.... 19998.561804: sched_switch: prev_comm=kworker/1:0 prev_pid=592 prev_prio=120 prev_state=I ==> next_comm=swapper/1 next_pid=0 next_prio=120
          <idle>-0       [001] dns.. 19998.771688: sched_wakeup: comm=kworker/1:0 pid=592 prio=120 target_cpu=001
          <idle>-0       [002] dns.. 19998.771694: sched_wakeup: comm=kworker/2:0 pid=557 prio=120 target_cpu=002
          <idle>-0       [002] d.... 19998.771756: sched_switch: prev_comm=swapper/2 prev_pid=0 prev_prio=120 prev_state=R ==> next_comm=kworker/2:0 next_pid=557 next_prio=120
          <idle>-0       [001] d.... 19998.771759: sched_switch: prev_comm=swapper/1 prev_pid=0 prev_prio=120 prev_state=R ==> next_comm=kworker/1:0 next_pid=592 next_prio=120
     kworker/2:0-557     [002] d.... 19998.771797: sched_switch: prev_comm=kworker/2:0 prev_pid=557 prev_prio=120 prev_state=I ==> next_comm=swapper/2 next_pid=0 next_prio=120
     kworker/1:0-592     [001] d.... 19998.771819: sched_switch: prev_comm=kworker/1:0 prev_pid=592 prev_prio=120 prev_state=I ==> next_comm=swapper/1 next_pid=0 next_prio=120
          <idle>-0       [001] dns.. 19998.981740: sched_wakeup: comm=kworker/1:0 pid=592 prio=120 target_cpu=001
          <idle>-0       [002] dns.. 19998.981773: sched_wakeup: comm=kworker/2:0 pid=557 prio=120 target_cpu=002
          <idle>-0       [001] d.... 19998.981807: sched_switch: prev_comm=swapper/1 prev_pid=0 prev_prio=120 prev_state=R ==> next_comm=kworker/1:0 next_pid=592 next_prio=120
          <idle>-0       [002] d.... 19998.981870: sched_switch: prev_comm=swapper/2 prev_pid=0 prev_prio=120 prev_state=R ==> next_comm=kworker/2:0 next_pid=557 next_prio=120
     kworker/1:0-592     [001] d.... 19998.981871: sched_switch: prev_comm=kworker/1:0 prev_pid=592 prev_prio=120 prev_state=I ==> next_comm=swapper/1 next_pid=0 next_prio=120
     kworker/2:0-557     [002] d.... 19998.981953: sched_switch: prev_comm=kworker/2:0 prev_pid=557 prev_prio=120 prev_state=I ==> next_comm=swapper/2 next_pid=0 next_prio=120
          <idle>-0       [000] dnH.. 19999.021761: sched_wakeup: comm=kcompactd0 pid=44 prio=120 target_cpu=000
          <idle>-0       [000] d.... 19999.021869: sched_switch: prev_comm=swapper/0 prev_pid=0 prev_prio=120 prev_state=R ==> next_comm=kcompactd0 next_pid=44 next_prio=120
      kcompactd0-44      [000] d.... 19999.021934: sched_switch: prev_comm=kcompactd0 prev_pid=44 prev_prio=120 prev_state=S ==> next_comm=swapper/0 next_pid=0 next_prio=120
          <idle>-0       [000] dns.. 19999.131698: sched_wakeup: comm=kworker/0:2 pid=568 prio=120 target_cpu=000
          <idle>-0       [001] dns.. 19999.131719: sched_wakeup: comm=kworker/1:0 pid=592 prio=120 target_cpu=001
          <idle>-0       [000] d.... 19999.131755: sched_switch: prev_comm=swapper/0 prev_pid=0 prev_prio=120 prev_state=R ==> next_comm=kworker/0:2 next_pid=568 next_prio=120
          <idle>-0       [001] d.... 19999.131787: sched_switch: prev_comm=swapper/1 prev_pid=0 prev_prio=120 prev_state=R ==> next_comm=kworker/1:0 next_pid=592 next_prio=120
     kworker/0:2-568     [000] d.... 19999.131794: sched_switch: prev_comm=kworker/0:2 prev_pid=568 prev_prio=120 prev_state=I ==> next_comm=swapper/0 next_pid=0 next_prio=120
     kworker/1:0-592     [001] d.h.. 19999.131886: sched_wakeup: comm=kworker/1:0 pid=592 prio=120 target_cpu=001
     kworker/1:0-592     [001] d.... 19999.131949: sched_switch: prev_comm=kworker/1:0 prev_pid=592 prev_prio=120 prev_state=I ==> next_comm=swapper/1 next_pid=0 next_prio=120
          <idle>-0       [001] dns.. 19999.191742: sched_wakeup: comm=kworker/1:0 pid=592 prio=120 target_cpu=001
          <idle>-0       [001] d.... 19999.191810: sched_switch: prev_comm=swapper/1 prev_pid=0 prev_prio=120 prev_state=R ==> next_comm=kworker/1:0 next_pid=592 next_prio=120
     kworker/1:0-592     [001] d.... 19999.191868: sched_switch: prev_comm=kworker/1:0 prev_pid=592 prev_prio=120 prev_state=I ==> next_comm=swapper/1 next_pid=0 next_prio=120
          <idle>-0       [001] dns.. 19999.401725: sched_wakeup: comm=kworker/1:0 pid=592 prio=120 target_cpu=001
          <idle>-0       [001] d.... 19999.401790: sched_switch: prev_comm=swapper/1 prev_pid=0 prev_prio=120 prev_state=R ==> next_comm=kworker/1:0 next_pid=592 next_prio=120
     kworker/1:0-592     [001] d.... 19999.401848: sched_switch: prev_comm=kworker/1:0 prev_pid=592 prev_prio=120 prev_state=I ==> next_comm=swapper/1 next_pid=0 next_prio=120
          <idle>-0       [001] dns.. 19999.531727: sched_wakeup: comm=kworker/1:0 pid=592 prio=120 target_cpu=001
          <idle>-0       [000] dnH.. 19999.531784: sched_wakeup: comm=kcompactd0 pid=44 prio=120 target_cpu=000
          <idle>-0       [003] dnH.. 19999.531795: sched_wakeup: comm=kworker/u16:0 pid=419 prio=120 target_cpu=003
          <idle>-0       [001] d.... 19999.531830: sched_switch: prev_comm=swapper/1 prev_pid=0 prev_prio=120 prev_state=R ==> next_comm=kworker/1:0 next_pid=592 next_prio=120
          <idle>-0       [003] d.... 19999.531860: sched_switch: prev_comm=swapper/3 prev_pid=0 prev_prio=120 prev_state=R ==> next_comm=kworker/u16:0 next_pid=419 next_prio=120
          <idle>-0       [000] d.... 19999.531907: sched_switch: prev_comm=swapper/0 prev_pid=0 prev_prio=120 prev_state=R ==> next_comm=kcompactd0 next_pid=44 next_prio=120
   kworker/u16:0-419     [003] d.... 19999.531958: sched_switch: prev_comm=kworker/u16:0 prev_pid=419 prev_prio=120 prev_state=I ==> next_comm=swapper/3 next_pid=0 next_prio=120
     kworker/1:0-592     [001] d.... 19999.531966: sched_switch: prev_comm=kworker/1:0 prev_pid=592 prev_prio=120 prev_state=I ==> next_comm=swapper/1 next_pid=0 next_prio=120
      kcompactd0-44      [000] d.... 19999.531986: sched_switch: prev_comm=kcompactd0 prev_pid=44 prev_prio=120 prev_state=S ==> next_comm=swapper/0 next_pid=0 next_prio=120
          <idle>-0       [001] dns.. 19999.611697: sched_wakeup: comm=kworker/1:0 pid=592 prio=120 target_cpu=001
          <idle>-0       [001] d.... 19999.611758: sched_switch: prev_comm=swapper/1 prev_pid=0 prev_prio=120 prev_state=R ==> next_comm=kworker/1:0 next_pid=592 next_prio=120
     kworker/1:0-592     [001] d.... 19999.611817: sched_switch: prev_comm=kworker/1:0 prev_pid=592 prev_prio=120 prev_state=I ==> next_comm=swapper/1 next_pid=0 next_prio=120
          <idle>-0       [000] dns.. 19999.771787: sched_wakeup: comm=kworker/0:2 pid=568 prio=120 target_cpu=000
          <idle>-0       [000] d.... 19999.771902: sched_switch: prev_comm=swapper/0 prev_pid=0 prev_prio=120 prev_state=R ==> next_comm=kworker/0:2 next_pid=568 next_prio=120
     kworker/0:2-568     [000] d.... 19999.771974: sched_switch: prev_comm=kworker/0:2 prev_pid=568 prev_prio=120 prev_state=I ==> next_comm=swapper/0 next_pid=0 next_prio=120
          <idle>-0       [001] dns.. 19999.821686: sched_wakeup: comm=kworker/1:0 pid=592 prio=120 target_cpu=001
          <idle>-0       [001] d.... 19999.821749: sched_switch: prev_comm=swapper/1 prev_pid=0 prev_prio=120 prev_state=R ==> next_comm=kworker/1:0 next_pid=592 next_prio=120
     kworker/1:0-592     [001] d.... 19999.821806: sched_switch: prev_comm=kworker/1:0 prev_pid=592 prev_prio=120 prev_state=I ==> next_comm=swapper/1 next_pid=0 next_prio=120
          <idle>-0       [003] dnh.. 19999.880445: sched_wakeup: comm=kworker/u16:0 pid=419 prio=120 target_cpu=003
          <idle>-0       [003] d.... 19999.880489: sched_switch: prev_comm=swapper/3 prev_pid=0 prev_prio=120 prev_state=R ==> next_comm=kworker/u16:0 next_pid=419 next_prio=120
   kworker/u16:0-419     [003] d.... 19999.880567: sched_wakeup: comm=kworker/3:1 pid=570 prio=120 target_cpu=003
   kworker/u16:0-419     [003] d.... 19999.880625: sched_switch: prev_comm=kworker/u16:0 prev_pid=419 prev_prio=120 prev_state=I ==> next_comm=kworker/3:1 next_pid=570 next_prio=120
     kworker/3:1-570     [003] d.... 19999.880695: sched_switch: prev_comm=kworker/3:1 prev_pid=570 prev_prio=120 prev_state=I ==> next_comm=swapper/3 next_pid=0 next_prio=120
          <idle>-0       [000] dnh.. 19999.880716: sched_wakeup: comm=bash pid=206 prio=120 target_cpu=000
          <idle>-0       [000] d.... 19999.880794: sched_switch: prev_comm=swapper/0 prev_pid=0 prev_prio=120 prev_state=R ==> next_comm=bash next_pid=206 next_prio=120
            bash-206     [000] d.... 19999.882444: sched_switch: prev_comm=bash prev_pid=206 prev_prio=120 prev_state=S ==> next_comm=swapper/0 next_pid=0 next_prio=120
          <idle>-0       [003] dns.. 20000.021748: sched_wakeup: comm=kworker/u16:0 pid=419 prio=120 target_cpu=003
          <idle>-0       [003] d.... 20000.021816: sched_switch: prev_comm=swapper/3 prev_pid=0 prev_prio=120 prev_state=R ==> next_comm=kworker/u16:0 next_pid=419 next_prio=120
   kworker/u16:0-419     [003] d.... 20000.021875: sched_switch: prev_comm=kworker/u16:0 prev_pid=419 prev_prio=120 prev_state=I ==> next_comm=swapper/3 next_pid=0 next_prio=120
          <idle>-0       [003] dnh.. 20000.028918: sched_wakeup: comm=kworker/u16:0 pid=419 prio=120 target_cpu=003
          <idle>-0       [003] d.... 20000.028941: sched_switch: prev_comm=swapper/3 prev_pid=0 prev_prio=120 prev_state=R ==> next_comm=kworker/u16:0 next_pid=419 next_prio=120
   kworker/u16:0-419     [003] d.... 20000.029027: sched_switch: prev_comm=kworker/u16:0 prev_pid=419 prev_prio=120 prev_state=I ==> next_comm=swapper/3 next_pid=0 next_prio=120
          <idle>-0       [000] dnh.. 20000.029055: sched_wakeup: comm=bash pid=206 prio=120 target_cpu=000
          <idle>-0       [000] d.... 20000.029155: sched_switch: prev_comm=swapper/0 prev_pid=0 prev_prio=120 prev_state=R ==> next_comm=bash next_pid=206 next_prio=120
            bash-206     [000] d.... 20000.029997: sched_switch: prev_comm=bash prev_pid=206 prev_prio=120 prev_state=S ==> next_comm=swapper/0 next_pid=0 next_prio=120
          <idle>-0       [001] dns.. 20000.031732: sched_wakeup: comm=kworker/1:0 pid=592 prio=120 target_cpu=001
          <idle>-0       [001] d.... 20000.031799: sched_switch: prev_comm=swapper/1 prev_pid=0 prev_prio=120 prev_state=R ==> next_comm=kworker/1:0 next_pid=592 next_prio=120
     kworker/1:0-592     [001] d.... 20000.031861: sched_switch: prev_comm=kworker/1:0 prev_pid=592 prev_prio=120 prev_state=I ==> next_comm=swapper/1 next_pid=0 next_prio=120
          <idle>-0       [000] dns.. 20000.041727: sched_wakeup: comm=kcompactd0 pid=44 prio=120 target_cpu=000
          <idle>-0       [000] d.... 20000.041826: sched_switch: prev_comm=swapper/0 prev_pid=0 prev_prio=120 prev_state=R ==> next_comm=kcompactd0 next_pid=44 next_prio=120
      kcompactd0-44      [000] d.... 20000.041892: sched_switch: prev_comm=kcompactd0 prev_pid=44 prev_prio=120 prev_state=S ==> next_comm=swapper/0 next_pid=0 next_prio=120
          <idle>-0       [001] dns.. 20000.241692: sched_wakeup: comm=kworker/1:0 pid=592 prio=120 target_cpu=001
          <idle>-0       [001] d.... 20000.241758: sched_switch: prev_comm=swapper/1 prev_pid=0 prev_prio=120 prev_state=R ==> next_comm=kworker/1:0 next_pid=592 next_prio=120
          <idle>-0       [000] dns.. 20000.241760: sched_wakeup: comm=kworker/0:2 pid=568 prio=120 target_cpu=000
     kworker/1:0-592     [001] d.... 20000.241816: sched_switch: prev_comm=kworker/1:0 prev_pid=592 prev_prio=120 prev_state=I ==> next_comm=swapper/1 next_pid=0 next_prio=120
          <idle>-0       [000] d.... 20000.241898: sched_switch: prev_comm=swapper/0 prev_pid=0 prev_prio=120 prev_state=R ==> next_comm=kworker/0:2 next_pid=568 next_prio=120
     kworker/0:2-568     [000] d.... 20000.241990: sched_switch: prev_comm=kworker/0:2 prev_pid=568 prev_prio=120 prev_state=I ==> next_comm=swapper/0 next_pid=0 next_prio=120
          <idle>-0       [003] dnh.. 20000.243763: sched_wakeup: comm=kworker/u16:0 pid=419 prio=120 target_cpu=003
          <idle>-0       [003] d.... 20000.243804: sched_switch: prev_comm=swapper/3 prev_pid=0 prev_prio=120 prev_state=R ==> next_comm=kworker/u16:0 next_pid=419 next_prio=120
   kworker/u16:0-419     [003] d.... 20000.243895: sched_switch: prev_comm=kworker/u16:0 prev_pid=419 prev_prio=120 prev_state=I ==> next_comm=swapper/3 next_pid=0 next_prio=120
          <idle>-0       [000] dnh.. 20000.243968: sched_wakeup: comm=bash pid=206 prio=120 target_cpu=000
          <idle>-0       [000] d.... 20000.244017: sched_switch: prev_comm=swapper/0 prev_pid=0 prev_prio=120 prev_state=R ==> next_comm=bash next_pid=206 next_prio=120
            bash-206     [000] d.... 20000.244991: sched_switch: prev_comm=bash prev_pid=206 prev_prio=120 prev_state=S ==> next_comm=swapper/0 next_pid=0 next_prio=120
          <idle>-0       [003] dnh.. 20000.359635: sched_wakeup: comm=kworker/u16:0 pid=419 prio=120 target_cpu=003
          <idle>-0       [003] d.... 20000.359674: sched_switch: prev_comm=swapper/3 prev_pid=0 prev_prio=120 prev_state=R ==> next_comm=kworker/u16:0 next_pid=419 next_prio=120
   kworker/u16:0-419     [003] d.... 20000.359752: sched_switch: prev_comm=kworker/u16:0 prev_pid=419 prev_prio=120 prev_state=I ==> next_comm=swapper/3 next_pid=0 next_prio=120
          <idle>-0       [000] dnh.. 20000.359812: sched_wakeup: comm=bash pid=206 prio=120 target_cpu=000
          <idle>-0       [000] d.... 20000.359880: sched_switch: prev_comm=swapper/0 prev_pid=0 prev_prio=120 prev_state=R ==> next_comm=bash next_pid=206 next_prio=120
            bash-206     [000] d.... 20000.360294: sched_switch: prev_comm=bash prev_pid=206 prev_prio=120 prev_state=S ==> next_comm=swapper/0 next_pid=0 next_prio=120
          <idle>-0       [001] dns.. 20000.451695: sched_wakeup: comm=kworker/1:0 pid=592 prio=120 target_cpu=001
          <idle>-0       [001] d.... 20000.451763: sched_switch: prev_comm=swapper/1 prev_pid=0 prev_prio=120 prev_state=R ==> next_comm=kworker/1:0 next_pid=592 next_prio=120
     kworker/1:0-592     [001] d.... 20000.451824: sched_switch: prev_comm=kworker/1:0 prev_pid=592 prev_prio=120 prev_state=I ==> next_comm=swapper/1 next_pid=0 next_prio=120
          <idle>-0       [003] dnh.. 20000.497953: sched_wakeup: comm=kworker/u16:0 pid=419 prio=120 target_cpu=003
          <idle>-0       [003] d.... 20000.498010: sched_switch: prev_comm=swapper/3 prev_pid=0 prev_prio=120 prev_state=R ==> next_comm=kworker/u16:0 next_pid=419 next_prio=120
   kworker/u16:0-419     [003] d.... 20000.498090: sched_switch: prev_comm=kworker/u16:0 prev_pid=419 prev_prio=120 prev_state=I ==> next_comm=swapper/3 next_pid=0 next_prio=120
          <idle>-0       [000] dnh.. 20000.498231: sched_wakeup: comm=bash pid=206 prio=120 target_cpu=000
          <idle>-0       [000] d.... 20000.498315: sched_switch: prev_comm=swapper/0 prev_pid=0 prev_prio=120 prev_state=R ==> next_comm=bash next_pid=206 next_prio=120
            bash-206     [000] d.... 20000.499047: sched_switch: prev_comm=bash prev_pid=206 prev_prio=120 prev_state=S ==> next_comm=swapper/0 next_pid=0 next_prio=120
          <idle>-0       [000] dnH.. 20000.551745: sched_wakeup: comm=kcompactd0 pid=44 prio=120 target_cpu=000
          <idle>-0       [000] d.... 20000.551873: sched_switch: prev_comm=swapper/0 prev_pid=0 prev_prio=120 prev_state=R ==> next_comm=kcompactd0 next_pid=44 next_prio=120
      kcompactd0-44      [000] d.... 20000.551951: sched_switch: prev_comm=kcompactd0 prev_pid=44 prev_prio=120 prev_state=S ==> next_comm=swapper/0 next_pid=0 next_prio=120
          <idle>-0       [001] dns.. 20000.571686: sched_wakeup: comm=kworker/1:0 pid=592 prio=120 target_cpu=001
          <idle>-0       [001] d.... 20000.571742: sched_switch: prev_comm=swapper/1 prev_pid=0 prev_prio=120 prev_state=R ==> next_comm=kworker/1:0 next_pid=592 next_prio=120
     kworker/1:0-592     [001] d.... 20000.571838: sched_switch: prev_comm=kworker/1:0 prev_pid=592 prev_prio=120 prev_state=I ==> next_comm=swapper/1 next_pid=0 next_prio=120
          <idle>-0       [003] dnh.. 20000.631973: sched_wakeup: comm=kworker/u16:0 pid=419 prio=120 target_cpu=003
          <idle>-0       [003] d.... 20000.632022: sched_switch: prev_comm=swapper/3 prev_pid=0 prev_prio=120 prev_state=R ==> next_comm=kworker/u16:0 next_pid=419 next_prio=120
   kworker/u16:0-419     [003] d.... 20000.632138: sched_switch: prev_comm=kworker/u16:0 prev_pid=419 prev_prio=120 prev_state=I ==> next_comm=swapper/3 next_pid=0 next_prio=120
          <idle>-0       [000] dnh.. 20000.632198: sched_wakeup: comm=bash pid=206 prio=120 target_cpu=000
          <idle>-0       [000] d.... 20000.632281: sched_switch: prev_comm=swapper/0 prev_pid=0 prev_prio=120 prev_state=R ==> next_comm=bash next_pid=206 next_prio=120
            bash-206     [000] d.... 20000.632683: sched_switch: prev_comm=bash prev_pid=206 prev_prio=120 prev_state=S ==> next_comm=swapper/0 next_pid=0 next_prio=120
          <idle>-0       [001] dns.. 20000.661686: sched_wakeup: comm=kworker/1:0 pid=592 prio=120 target_cpu=001
          <idle>-0       [001] d.... 20000.661746: sched_switch: prev_comm=swapper/1 prev_pid=0 prev_prio=120 prev_state=R ==> next_comm=kworker/1:0 next_pid=592 next_prio=120
     kworker/1:0-592     [001] d.... 20000.661802: sched_switch: prev_comm=kworker/1:0 prev_pid=592 prev_prio=120 prev_state=I ==> next_comm=swapper/1 next_pid=0 next_prio=120
          <idle>-0       [003] dnh.. 20000.793719: sched_wakeup: comm=kworker/u16:0 pid=419 prio=120 target_cpu=003
          <idle>-0       [003] d.... 20000.793759: sched_switch: prev_comm=swapper/3 prev_pid=0 prev_prio=120 prev_state=R ==> next_comm=kworker/u16:0 next_pid=419 next_prio=120
   kworker/u16:0-419     [003] d.... 20000.793851: sched_switch: prev_comm=kworker/u16:0 prev_pid=419 prev_prio=120 prev_state=I ==> next_comm=swapper/3 next_pid=0 next_prio=120
          <idle>-0       [000] dnh.. 20000.793929: sched_wakeup: comm=bash pid=206 prio=120 target_cpu=000
          <idle>-0       [000] d.... 20000.794014: sched_switch: prev_comm=swapper/0 prev_pid=0 prev_prio=120 prev_state=R ==> next_comm=bash next_pid=206 next_prio=120
            bash-206     [000] d.... 20000.794689: sched_switch: prev_comm=bash prev_pid=206 prev_prio=120 prev_state=S ==> next_comm=swapper/0 next_pid=0 next_prio=120
          <idle>-0       [000] dns.. 20000.871689: sched_wakeup: comm=kworker/0:2 pid=568 prio=120 target_cpu=000
          <idle>-0       [000] d.... 20000.871758: sched_switch: prev_comm=swapper/0 prev_pid=0 prev_prio=120 prev_state=R ==> next_comm=kworker/0:2 next_pid=568 next_prio=120
     kworker/0:2-568     [000] d.... 20000.871819: sched_switch: prev_comm=kworker/0:2 prev_pid=568 prev_prio=120 prev_state=I ==> next_comm=swapper/0 next_pid=0 next_prio=120
          <idle>-0       [000] dns.. 20001.061698: sched_wakeup: comm=kcompactd0 pid=44 prio=120 target_cpu=000
          <idle>-0       [000] dns.. 20001.061719: sched_wakeup: comm=kworker/0:2 pid=568 prio=120 target_cpu=000
          <idle>-0       [000] d.... 20001.061782: sched_switch: prev_comm=swapper/0 prev_pid=0 prev_prio=120 prev_state=R ==> next_comm=kcompactd0 next_pid=44 next_prio=120
      kcompactd0-44      [000] d.... 20001.061821: sched_switch: prev_comm=kcompactd0 prev_pid=44 prev_prio=120 prev_state=S ==> next_comm=kworker/0:2 next_pid=568 next_prio=120
     kworker/0:2-568     [000] d.... 20001.061862: sched_switch: prev_comm=kworker/0:2 prev_pid=568 prev_prio=120 prev_state=I ==> next_comm=swapper/0 next_pid=0 next_prio=120
          <idle>-0       [000] dns.. 20001.081752: sched_wakeup: comm=kworker/0:2 pid=568 prio=120 target_cpu=000
          <idle>-0       [000] d.... 20001.081843: sched_switch: prev_comm=swapper/0 prev_pid=0 prev_prio=120 prev_state=R ==> next_comm=kworker/0:2 next_pid=568 next_prio=120
     kworker/0:2-568     [000] d.... 20001.081936: sched_switch: prev_comm=kworker/0:2 prev_pid=568 prev_prio=120 prev_state=I ==> next_comm=swapper/0 next_pid=0 next_prio=120
          <idle>-0       [003] dnh.. 20001.097652: sched_wakeup: comm=kworker/u16:0 pid=419 prio=120 target_cpu=003
          <idle>-0       [003] d.... 20001.097704: sched_switch: prev_comm=swapper/3 prev_pid=0 prev_prio=120 prev_state=R ==> next_comm=kworker/u16:0 next_pid=419 next_prio=120
   kworker/u16:0-419     [003] d.... 20001.097783: sched_switch: prev_comm=kworker/u16:0 prev_pid=419 prev_prio=120 prev_state=I ==> next_comm=swapper/3 next_pid=0 next_prio=120
          <idle>-0       [000] dnh.. 20001.097865: sched_wakeup: comm=bash pid=206 prio=120 target_cpu=000
          <idle>-0       [000] d.... 20001.097944: sched_switch: prev_comm=swapper/0 prev_pid=0 prev_prio=120 prev_state=R ==> next_comm=bash next_pid=206 next_prio=120
            bash-206     [000] d.... 20001.098697: sched_switch: prev_comm=bash prev_pid=206 prev_prio=120 prev_state=S ==> next_comm=swapper/0 next_pid=0 next_prio=120
          <idle>-0       [003] dnh.. 20001.186054: sched_wakeup: comm=kworker/u16:0 pid=419 prio=120 target_cpu=003
          <idle>-0       [003] d.... 20001.186102: sched_switch: prev_comm=swapper/3 prev_pid=0 prev_prio=120 prev_state=R ==> next_comm=kworker/u16:0 next_pid=419 next_prio=120
   kworker/u16:0-419     [003] d.... 20001.186172: sched_switch: prev_comm=kworker/u16:0 prev_pid=419 prev_prio=120 prev_state=I ==> next_comm=swapper/3 next_pid=0 next_prio=120
          <idle>-0       [000] dnh.. 20001.186190: sched_wakeup: comm=bash pid=206 prio=120 target_cpu=000
          <idle>-0       [000] d.... 20001.186234: sched_switch: prev_comm=swapper/0 prev_pid=0 prev_prio=120 prev_state=R ==> next_comm=bash next_pid=206 next_prio=120
            bash-206     [000] d.... 20001.187012: sched_switch: prev_comm=bash prev_pid=206 prev_prio=120 prev_state=S ==> next_comm=swapper/0 next_pid=0 next_prio=120
          <idle>-0       [001] dns.. 20001.211703: sched_wakeup: comm=kworker/1:0 pid=592 prio=120 target_cpu=001
          <idle>-0       [001] d.... 20001.211771: sched_switch: prev_comm=swapper/1 prev_pid=0 prev_prio=120 prev_state=R ==> next_comm=kworker/1:0 next_pid=592 next_prio=120
     kworker/1:0-592     [001] d.h.. 20001.211871: sched_wakeup: comm=kworker/1:0 pid=592 prio=120 target_cpu=001
     kworker/1:0-592     [001] d.... 20001.211941: sched_switch: prev_comm=kworker/1:0 prev_pid=592 prev_prio=120 prev_state=I ==> next_comm=swapper/1 next_pid=0 next_prio=120
          <idle>-0       [001] dns.. 20001.291705: sched_wakeup: comm=kworker/1:0 pid=592 prio=120 target_cpu=001
          <idle>-0       [001] d.... 20001.291761: sched_switch: prev_comm=swapper/1 prev_pid=0 prev_prio=120 prev_state=R ==> next_comm=kworker/1:0 next_pid=592 next_prio=120
     kworker/1:0-592     [001] d.... 20001.291819: sched_switch: prev_comm=kworker/1:0 prev_pid=592 prev_prio=120 prev_state=I ==> next_comm=swapper/1 next_pid=0 next_prio=120
          <idle>-0       [003] dnh.. 20001.386898: sched_wakeup: comm=kworker/u16:0 pid=419 prio=120 target_cpu=003
          <idle>-0       [003] d.... 20001.386939: sched_switch: prev_comm=swapper/3 prev_pid=0 prev_prio=120 prev_state=R ==> next_comm=kworker/u16:0 next_pid=419 next_prio=120
   kworker/u16:0-419     [003] d.... 20001.387051: sched_switch: prev_comm=kworker/u16:0 prev_pid=419 prev_prio=120 prev_state=I ==> next_comm=swapper/3 next_pid=0 next_prio=120
          <idle>-0       [000] dnh.. 20001.387118: sched_wakeup: comm=bash pid=206 prio=120 target_cpu=000
          <idle>-0       [000] d.... 20001.387202: sched_switch: prev_comm=swapper/0 prev_pid=0 prev_prio=120 prev_state=R ==> next_comm=bash next_pid=206 next_prio=120
            bash-206     [000] d.... 20001.387955: sched_switch: prev_comm=bash prev_pid=206 prev_prio=120 prev_state=S ==> next_comm=swapper/0 next_pid=0 next_prio=120
          <idle>-0       [001] dns.. 20001.501692: sched_wakeup: comm=kworker/1:0 pid=592 prio=120 target_cpu=001
          <idle>-0       [001] d.... 20001.501755: sched_switch: prev_comm=swapper/1 prev_pid=0 prev_prio=120 prev_state=R ==> next_comm=kworker/1:0 next_pid=592 next_prio=120
     kworker/1:0-592     [001] d.... 20001.501814: sched_switch: prev_comm=kworker/1:0 prev_pid=592 prev_prio=120 prev_state=I ==> next_comm=swapper/1 next_pid=0 next_prio=120
          <idle>-0       [000] dnH.. 20001.571737: sched_wakeup: comm=kcompactd0 pid=44 prio=120 target_cpu=000
          <idle>-0       [000] d.... 20001.571851: sched_switch: prev_comm=swapper/0 prev_pid=0 prev_prio=120 prev_state=R ==> next_comm=kcompactd0 next_pid=44 next_prio=120
      kcompactd0-44      [000] d.... 20001.571928: sched_switch: prev_comm=kcompactd0 prev_pid=44 prev_prio=120 prev_state=S ==> next_comm=swapper/0 next_pid=0 next_prio=120
          <idle>-0       [001] dns.. 20001.611698: sched_wakeup: comm=kworker/1:0 pid=592 prio=120 target_cpu=001
          <idle>-0       [001] d.... 20001.611757: sched_switch: prev_comm=swapper/1 prev_pid=0 prev_prio=120 prev_state=R ==> next_comm=kworker/1:0 next_pid=592 next_prio=120
     kworker/1:0-592     [001] d.... 20001.611855: sched_switch: prev_comm=kworker/1:0 prev_pid=592 prev_prio=120 prev_state=I ==> next_comm=swapper/1 next_pid=0 next_prio=120
          <idle>-0       [003] dnh.. 20001.686892: sched_wakeup: comm=kworker/u16:0 pid=419 prio=120 target_cpu=003
          <idle>-0       [003] d.... 20001.686934: sched_switch: prev_comm=swapper/3 prev_pid=0 prev_prio=120 prev_state=R ==> next_comm=kworker/u16:0 next_pid=419 next_prio=120
   kworker/u16:0-419     [003] d.... 20001.687026: sched_switch: prev_comm=kworker/u16:0 prev_pid=419 prev_prio=120 prev_state=I ==> next_comm=swapper/3 next_pid=0 next_prio=120
          <idle>-0       [000] dnh.. 20001.687057: sched_wakeup: comm=bash pid=206 prio=120 target_cpu=000
          <idle>-0       [000] d.... 20001.687108: sched_switch: prev_comm=swapper/0 prev_pid=0 prev_prio=120 prev_state=R ==> next_comm=bash next_pid=206 next_prio=120
            bash-206     [000] d.... 20001.687539: sched_switch: prev_comm=bash prev_pid=206 prev_prio=120 prev_state=S ==> next_comm=swapper/0 next_pid=0 next_prio=120
          <idle>-0       [001] dns.. 20001.711695: sched_wakeup: comm=kworker/1:0 pid=592 prio=120 target_cpu=001
          <idle>-0       [001] d.... 20001.711759: sched_switch: prev_comm=swapper/1 prev_pid=0 prev_prio=120 prev_state=R ==> next_comm=kworker/1:0 next_pid=592 next_prio=120
     kworker/1:0-592     [001] d.... 20001.711816: sched_switch: prev_comm=kworker/1:0 prev_pid=592 prev_prio=120 prev_state=I ==> next_comm=swapper/1 next_pid=0 next_prio=120
          <idle>-0       [000] dns.. 20001.921685: sched_wakeup: comm=kworker/0:2 pid=568 prio=120 target_cpu=000
          <idle>-0       [000] d.... 20001.921748: sched_switch: prev_comm=swapper/0 prev_pid=0 prev_prio=120 prev_state=R ==> next_comm=kworker/0:2 next_pid=568 next_prio=120
     kworker/0:2-568     [000] d.... 20001.921809: sched_switch: prev_comm=kworker/0:2 prev_pid=568 prev_prio=120 prev_state=I ==> next_comm=swapper/0 next_pid=0 next_prio=120
          <idle>-0       [003] dnh.. 20002.044288: sched_wakeup: comm=kworker/u16:0 pid=419 prio=120 target_cpu=003
          <idle>-0       [003] d.... 20002.044343: sched_switch: prev_comm=swapper/3 prev_pid=0 prev_prio=120 prev_state=R ==> next_comm=kworker/u16:0 next_pid=419 next_prio=120
   kworker/u16:0-419     [003] d.... 20002.044517: sched_switch: prev_comm=kworker/u16:0 prev_pid=419 prev_prio=120 prev_state=I ==> next_comm=swapper/3 next_pid=0 next_prio=120
          <idle>-0       [000] dnh.. 20002.044548: sched_wakeup: comm=bash pid=206 prio=120 target_cpu=000
          <idle>-0       [000] d.... 20002.044639: sched_switch: prev_comm=swapper/0 prev_pid=0 prev_prio=120 prev_state=R ==> next_comm=bash next_pid=206 next_prio=120
            bash-206     [000] d.... 20002.045317: sched_switch: prev_comm=bash prev_pid=206 prev_prio=120 prev_state=S ==> next_comm=swapper/0 next_pid=0 next_prio=120
          <idle>-0       [000] dnH.. 20002.081789: sched_wakeup: comm=kcompactd0 pid=44 prio=120 target_cpu=000
          <idle>-0       [000] d.... 20002.081905: sched_switch: prev_comm=swapper/0 prev_pid=0 prev_prio=120 prev_state=R ==> next_comm=kcompactd0 next_pid=44 next_prio=120
      kcompactd0-44      [000] d.... 20002.081972: sched_switch: prev_comm=kcompactd0 prev_pid=44 prev_prio=120 prev_state=S ==> next_comm=swapper/0 next_pid=0 next_prio=120
          <idle>-0       [000] dns.. 20002.091703: sched_wakeup: comm=kworker/0:2 pid=568 prio=120 target_cpu=000
          <idle>-0       [000] d.... 20002.091752: sched_switch: prev_comm=swapper/0 prev_pid=0 prev_prio=120 prev_state=R ==> next_comm=kworker/0:2 next_pid=568 next_prio=120
     kworker/0:2-568     [000] d.... 20002.091791: sched_switch: prev_comm=kworker/0:2 prev_pid=568 prev_prio=120 prev_state=I ==> next_comm=swapper/0 next_pid=0 next_prio=120
          <idle>-0       [000] dns.. 20002.131695: sched_wakeup: comm=kworker/0:2 pid=568 prio=120 target_cpu=000
          <idle>-0       [000] d.... 20002.131772: sched_switch: prev_comm=swapper/0 prev_pid=0 prev_prio=120 prev_state=R ==> next_comm=kworker/0:2 next_pid=568 next_prio=120
     kworker/0:2-568     [000] d.... 20002.131836: sched_switch: prev_comm=kworker/0:2 prev_pid=568 prev_prio=120 prev_state=I ==> next_comm=swapper/0 next_pid=0 next_prio=120
          <idle>-0       [003] dnh.. 20002.251780: sched_wakeup: comm=kworker/u16:0 pid=419 prio=120 target_cpu=003
          <idle>-0       [003] d.... 20002.251855: sched_switch: prev_comm=swapper/3 prev_pid=0 prev_prio=120 prev_state=R ==> next_comm=kworker/u16:0 next_pid=419 next_prio=120
          <idle>-0       [000] dnh.. 20002.251995: sched_wakeup: comm=kworker/u16:2 pid=49 prio=120 target_cpu=000
          <idle>-0       [000] d.... 20002.252074: sched_switch: prev_comm=swapper/0 prev_pid=0 prev_prio=120 prev_state=R ==> next_comm=kworker/u16:2 next_pid=49 next_prio=120
          <idle>-0       [001] dnh.. 20002.252154: sched_wakeup: comm=kworker/u16:1 pid=465 prio=120 target_cpu=001
          <idle>-0       [001] d.... 20002.252197: sched_switch: prev_comm=swapper/1 prev_pid=0 prev_prio=120 prev_state=R ==> next_comm=kworker/u16:1 next_pid=465 next_prio=120
   kworker/u16:0-419     [003] d.... 20002.252207: sched_switch: prev_comm=kworker/u16:0 prev_pid=419 prev_prio=120 prev_state=I ==> next_comm=swapper/3 next_pid=0 next_prio=120
   kworker/u16:2-49      [000] d.... 20002.252220: sched_switch: prev_comm=kworker/u16:2 prev_pid=49 prev_prio=120 prev_state=I ==> next_comm=swapper/0 next_pid=0 next_prio=120
   kworker/u16:1-465     [001] d.... 20002.252229: sched_switch: prev_comm=kworker/u16:1 prev_pid=465 prev_prio=120 prev_state=I ==> next_comm=swapper/1 next_pid=0 next_prio=120
          <idle>-0       [001] dnh.. 20002.261786: sched_wakeup: comm=kworker/u16:1 pid=465 prio=120 target_cpu=001
          <idle>-0       [001] d.... 20002.261816: sched_switch: prev_comm=swapper/1 prev_pid=0 prev_prio=120 prev_state=R ==> next_comm=kworker/u16:1 next_pid=465 next_prio=120
   kworker/u16:1-465     [001] d.... 20002.261851: sched_switch: prev_comm=kworker/u16:1 prev_pid=465 prev_prio=120 prev_state=I ==> next_comm=swapper/1 next_pid=0 next_prio=120
          <idle>-0       [001] dns.. 20002.331687: sched_wakeup: comm=kworker/u16:1 pid=465 prio=120 target_cpu=001
          <idle>-0       [001] d.... 20002.331746: sched_switch: prev_comm=swapper/1 prev_pid=0 prev_prio=120 prev_state=R ==> next_comm=kworker/u16:1 next_pid=465 next_prio=120
   kworker/u16:1-465     [001] d.... 20002.331836: sched_switch: prev_comm=kworker/u16:1 prev_pid=465 prev_prio=120 prev_state=I ==> next_comm=swapper/1 next_pid=0 next_prio=120
          <idle>-0       [000] dnh.. 20002.331861: sched_wakeup: comm=kworker/u16:2 pid=49 prio=120 target_cpu=000
          <idle>-0       [000] d.... 20002.331931: sched_switch: prev_comm=swapper/0 prev_pid=0 prev_prio=120 prev_state=R ==> next_comm=kworker/u16:2 next_pid=49 next_prio=120
   kworker/u16:2-49      [000] d.... 20002.331982: sched_switch: prev_comm=kworker/u16:2 prev_pid=49 prev_prio=120 prev_state=I ==> next_comm=swapper/0 next_pid=0 next_prio=120
          <idle>-0       [000] dns.. 20002.341764: sched_wakeup: comm=kworker/0:2 pid=568 prio=120 target_cpu=000
          <idle>-0       [000] d.... 20002.341860: sched_switch: prev_comm=swapper/0 prev_pid=0 prev_prio=120 prev_state=R ==> next_comm=kworker/0:2 next_pid=568 next_prio=120
     kworker/0:2-568     [000] d.... 20002.341953: sched_switch: prev_comm=kworker/0:2 prev_pid=568 prev_prio=120 prev_state=I ==> next_comm=swapper/0 next_pid=0 next_prio=120
          <idle>-0       [000] dnH.. 20002.411803: sched_wakeup: comm=kworker/u16:2 pid=49 prio=120 target_cpu=000
          <idle>-0       [000] d.... 20002.411932: sched_switch: prev_comm=swapper/0 prev_pid=0 prev_prio=120 prev_state=R ==> next_comm=kworker/u16:2 next_pid=49 next_prio=120
   kworker/u16:2-49      [000] d.... 20002.412040: sched_switch: prev_comm=kworker/u16:2 prev_pid=49 prev_prio=120 prev_state=I ==> next_comm=swapper/0 next_pid=0 next_prio=120
          <idle>-0       [000] dnh.. 20002.447840: sched_wakeup: comm=kworker/u16:2 pid=49 prio=120 target_cpu=000
          <idle>-0       [000] d.... 20002.447881: sched_switch: prev_comm=swapper/0 prev_pid=0 prev_prio=120 prev_state=R ==> next_comm=kworker/u16:2 next_pid=49 next_prio=120
   kworker/u16:2-49      [000] d.... 20002.447971: sched_switch: prev_comm=kworker/u16:2 prev_pid=49 prev_prio=120 prev_state=I ==> next_comm=swapper/0 next_pid=0 next_prio=120
          <idle>-0       [003] dnh.. 20002.448079: sched_wakeup: comm=bash pid=206 prio=120 target_cpu=003
          <idle>-0       [003] d.... 20002.448153: sched_switch: prev_comm=swapper/3 prev_pid=0 prev_prio=120 prev_state=R ==> next_comm=bash next_pid=206 next_prio=120
            bash-206     [003] d.... 20002.452393: sched_switch: prev_comm=bash prev_pid=206 prev_prio=120 prev_state=S ==> next_comm=swapper/3 next_pid=0 next_prio=120
          <idle>-0       [000] dns.. 20002.551782: sched_wakeup: comm=kworker/0:2 pid=568 prio=120 target_cpu=000
          <idle>-0       [000] d.... 20002.551922: sched_switch: prev_comm=swapper/0 prev_pid=0 prev_prio=120 prev_state=R ==> next_comm=kworker/0:2 next_pid=568 next_prio=120
     kworker/0:2-568     [000] d.... 20002.552032: sched_switch: prev_comm=kworker/0:2 prev_pid=568 prev_prio=120 prev_state=I ==> next_comm=swapper/0 next_pid=0 next_prio=120
          <idle>-0       [000] dns.. 20002.591760: sched_wakeup: comm=kcompactd0 pid=44 prio=120 target_cpu=000
          <idle>-0       [000] d.... 20002.591864: sched_switch: prev_comm=swapper/0 prev_pid=0 prev_prio=120 prev_state=R ==> next_comm=kcompactd0 next_pid=44 next_prio=120
      kcompactd0-44      [000] d.... 20002.591930: sched_switch: prev_comm=kcompactd0 prev_pid=44 prev_prio=120 prev_state=S ==> next_comm=swapper/0 next_pid=0 next_prio=120
          <idle>-0       [001] dns.. 20002.651706: sched_wakeup: comm=kworker/1:0 pid=592 prio=120 target_cpu=001
          <idle>-0       [001] d.... 20002.651779: sched_switch: prev_comm=swapper/1 prev_pid=0 prev_prio=120 prev_state=R ==> next_comm=kworker/1:0 next_pid=592 next_prio=120
     kworker/1:0-592     [001] d.... 20002.651883: sched_switch: prev_comm=kworker/1:0 prev_pid=592 prev_prio=120 prev_state=I ==> next_comm=swapper/1 next_pid=0 next_prio=120
          <idle>-0       [001] dns.. 20002.761707: sched_wakeup: comm=kworker/1:0 pid=592 prio=120 target_cpu=001
          <idle>-0       [001] d.... 20002.761765: sched_switch: prev_comm=swapper/1 prev_pid=0 prev_prio=120 prev_state=R ==> next_comm=kworker/1:0 next_pid=592 next_prio=120
     kworker/1:0-592     [001] d.... 20002.761826: sched_switch: prev_comm=kworker/1:0 prev_pid=592 prev_prio=120 prev_state=I ==> next_comm=swapper/1 next_pid=0 next_prio=120
          <idle>-0       [001] dns.. 20002.971692: sched_wakeup: comm=kworker/1:0 pid=592 prio=120 target_cpu=001
          <idle>-0       [001] d.... 20002.971747: sched_switch: prev_comm=swapper/1 prev_pid=0 prev_prio=120 prev_state=R ==> next_comm=kworker/1:0 next_pid=592 next_prio=120
     kworker/1:0-592     [001] d.... 20002.971794: sched_switch: prev_comm=kworker/1:0 prev_pid=592 prev_prio=120 prev_state=I ==> next_comm=swapper/1 next_pid=0 next_prio=120
          <idle>-0       [003] dnh.. 20003.021793: sched_wakeup: comm=kworker/3:1 pid=570 prio=120 target_cpu=003
          <idle>-0       [003] d.... 20003.021963: sched_switch: prev_comm=swapper/3 prev_pid=0 prev_prio=120 prev_state=R ==> next_comm=kworker/3:1 next_pid=570 next_prio=120
     kworker/3:1-570     [003] d.... 20003.022090: sched_switch: prev_comm=kworker/3:1 prev_pid=570 prev_prio=120 prev_state=I ==> next_comm=swapper/3 next_pid=0 next_prio=120
          <idle>-0       [000] dns.. 20003.051688: sched_wakeup: comm=kworker/0:2 pid=568 prio=120 target_cpu=000
          <idle>-0       [000] d.... 20003.051745: sched_switch: prev_comm=swapper/0 prev_pid=0 prev_prio=120 prev_state=R ==> next_comm=kworker/0:2 next_pid=568 next_prio=120
     kworker/0:2-568     [000] d.... 20003.051805: sched_switch: prev_comm=kworker/0:2 prev_pid=568 prev_prio=120 prev_state=I ==> next_comm=swapper/0 next_pid=0 next_prio=120
          <idle>-0       [003] dnh.. 20003.051842: sched_wakeup: comm=kworker/3:1 pid=570 prio=120 target_cpu=003
          <idle>-0       [003] d.... 20003.051912: sched_switch: prev_comm=swapper/3 prev_pid=0 prev_prio=120 prev_state=R ==> next_comm=kworker/3:1 next_pid=570 next_prio=120
     kworker/3:1-570     [003] d.... 20003.051990: sched_switch: prev_comm=kworker/3:1 prev_pid=570 prev_prio=120 prev_state=I ==> next_comm=swapper/3 next_pid=0 next_prio=120
          <idle>-0       [000] dnH.. 20003.101830: sched_wakeup: comm=kcompactd0 pid=44 prio=120 target_cpu=000
          <idle>-0       [000] d.... 20003.101925: sched_switch: prev_comm=swapper/0 prev_pid=0 prev_prio=120 prev_state=R ==> next_comm=kcompactd0 next_pid=44 next_prio=120
      kcompactd0-44      [000] d.... 20003.101989: sched_switch: prev_comm=kcompactd0 prev_pid=44 prev_prio=120 prev_state=S ==> next_comm=swapper/0 next_pid=0 next_prio=120
          <idle>-0       [001] dns.. 20003.181682: sched_wakeup: comm=kworker/1:0 pid=592 prio=120 target_cpu=001
          <idle>-0       [001] d.... 20003.181738: sched_switch: prev_comm=swapper/1 prev_pid=0 prev_prio=120 prev_state=R ==> next_comm=kworker/1:0 next_pid=592 next_prio=120
     kworker/1:0-592     [001] d.... 20003.181791: sched_switch: prev_comm=kworker/1:0 prev_pid=592 prev_prio=120 prev_state=I ==> next_comm=swapper/1 next_pid=0 next_prio=120
          <idle>-0       [001] dns.. 20003.291687: sched_wakeup: comm=kworker/1:0 pid=592 prio=120 target_cpu=001
          <idle>-0       [001] d.... 20003.291742: sched_switch: prev_comm=swapper/1 prev_pid=0 prev_prio=120 prev_state=R ==> next_comm=kworker/1:0 next_pid=592 next_prio=120
     kworker/1:0-592     [001] d.h.. 20003.291815: sched_wakeup: comm=kworker/1:0 pid=592 prio=120 target_cpu=001
     kworker/1:0-592     [001] d.... 20003.291883: sched_switch: prev_comm=kworker/1:0 prev_pid=592 prev_prio=120 prev_state=I ==> next_comm=swapper/1 next_pid=0 next_prio=120
          <idle>-0       [001] dns.. 20003.391677: sched_wakeup: comm=kworker/1:0 pid=592 prio=120 target_cpu=001
          <idle>-0       [001] d.... 20003.391731: sched_switch: prev_comm=swapper/1 prev_pid=0 prev_prio=120 prev_state=R ==> next_comm=kworker/1:0 next_pid=592 next_prio=120
          <idle>-0       [002] dns.. 20003.391758: sched_wakeup: comm=kworker/2:0 pid=557 prio=120 target_cpu=002
     kworker/1:0-592     [001] d.... 20003.391781: sched_switch: prev_comm=kworker/1:0 prev_pid=592 prev_prio=120 prev_state=I ==> next_comm=swapper/1 next_pid=0 next_prio=120
          <idle>-0       [002] d.... 20003.391864: sched_switch: prev_comm=swapper/2 prev_pid=0 prev_prio=120 prev_state=R ==> next_comm=kworker/2:0 next_pid=557 next_prio=120
     kworker/2:0-557     [002] d.... 20003.391960: sched_switch: prev_comm=kworker/2:0 prev_pid=557 prev_prio=120 prev_state=I ==> next_comm=swapper/2 next_pid=0 next_prio=120
          <idle>-0       [001] dns.. 20003.601705: sched_wakeup: comm=kworker/1:0 pid=592 prio=120 target_cpu=001
          <idle>-0       [001] d.... 20003.601763: sched_switch: prev_comm=swapper/1 prev_pid=0 prev_prio=120 prev_state=R ==> next_comm=kworker/1:0 next_pid=592 next_prio=120
     kworker/1:0-592     [001] d.... 20003.601817: sched_switch: prev_comm=kworker/1:0 prev_pid=592 prev_prio=120 prev_state=I ==> next_comm=swapper/1 next_pid=0 next_prio=120
          <idle>-0       [000] dns.. 20003.611719: sched_wakeup: comm=kcompactd0 pid=44 prio=120 target_cpu=000
          <idle>-0       [000] d.... 20003.611793: sched_switch: prev_comm=swapper/0 prev_pid=0 prev_prio=120 prev_state=R ==> next_comm=kcompactd0 next_pid=44 next_prio=120
      kcompactd0-44      [000] d.... 20003.611837: sched_switch: prev_comm=kcompactd0 prev_pid=44 prev_prio=120 prev_state=S ==> next_comm=swapper/0 next_pid=0 next_prio=120
          <idle>-0       [000] dnh.. 20003.679698: sched_wakeup: comm=kworker/u16:2 pid=49 prio=120 target_cpu=000
          <idle>-0       [000] d.... 20003.679738: sched_switch: prev_comm=swapper/0 prev_pid=0 prev_prio=120 prev_state=R ==> next_comm=kworker/u16:2 next_pid=49 next_prio=120
   kworker/u16:2-49      [000] d.... 20003.679803: sched_wakeup: comm=kworker/0:2 pid=568 prio=120 target_cpu=000
   kworker/u16:2-49      [000] d.... 20003.679852: sched_switch: prev_comm=kworker/u16:2 prev_pid=49 prev_prio=120 prev_state=I ==> next_comm=kworker/0:2 next_pid=568 next_prio=120
     kworker/0:2-568     [000] d.... 20003.679907: sched_switch: prev_comm=kworker/0:2 prev_pid=568 prev_prio=120 prev_state=I ==> next_comm=swapper/0 next_pid=0 next_prio=120
          <idle>-0       [003] dnh.. 20003.679939: sched_wakeup: comm=bash pid=206 prio=120 target_cpu=003
          <idle>-0       [003] d.... 20003.680018: sched_switch: prev_comm=swapper/3 prev_pid=0 prev_prio=120 prev_state=R ==> next_comm=bash next_pid=206 next_prio=120
            bash-206     [003] ..... 20003.681887: sys_clone+0xc/0x9c <-ret_fast_syscall+0x0/0x54
            bash-206     [003] ..... 20003.681917: <stack trace>
 => sys_clone+0x10/0x9c
 => ret_fast_syscall+0x0/0x54
            bash-206     [003] ..... 20003.681923: kernel_clone+0xc/0x388 <-sys_clone+0x78/0x9c
            bash-206     [003] ..... 20003.681929: <stack trace>
 => kernel_clone+0x10/0x388
 => sys_clone+0x78/0x9c
 => ret_fast_syscall+0x0/0x54
            bash-206     [003] ..... 20003.681933: copy_process+0xc/0x16a8 <-kernel_clone+0xac/0x388
            bash-206     [003] ..... 20003.681938: <stack trace>
 => copy_process+0x10/0x16a8
 => kernel_clone+0xac/0x388
 => sys_clone+0x78/0x9c
 => ret_fast_syscall+0x0/0x54
            bash-206     [003] ..... 20003.683043: sched_process_fork: comm=bash pid=206 child_comm=bash child_pid=608
          <idle>-0       [001] d.... 20003.683237: sched_switch: prev_comm=swapper/1 prev_pid=0 prev_prio=120 prev_state=R ==> next_comm=bash next_pid=608 next_prio=120
            bash-206     [003] d.... 20003.684323: sched_switch: prev_comm=bash prev_pid=206 prev_prio=120 prev_state=S ==> next_comm=swapper/3 next_pid=0 next_prio=120
   raspbian_proc-608     [001] dns.. 20003.691808: sched_wakeup: comm=kworker/1:0 pid=592 prio=120 target_cpu=001
   raspbian_proc-608     [001] d.... 20003.691931: sched_switch: prev_comm=raspbian_proc prev_pid=608 prev_prio=120 prev_state=R+ ==> next_comm=kworker/1:0 next_pid=592 next_prio=120
          <idle>-0       [003] dnh.. 20003.691932: sched_wakeup: comm=rcu_sched pid=15 prio=120 target_cpu=003
          <idle>-0       [003] d.... 20003.691968: sched_switch: prev_comm=swapper/3 prev_pid=0 prev_prio=120 prev_state=R ==> next_comm=rcu_sched next_pid=15 next_prio=120
     kworker/1:0-592     [001] d.... 20003.692059: sched_switch: prev_comm=kworker/1:0 prev_pid=592 prev_prio=120 prev_state=I ==> next_comm=raspbian_proc next_pid=608 next_prio=120
       rcu_sched-15      [003] d.... 20003.692081: sched_switch: prev_comm=rcu_sched prev_pid=15 prev_prio=120 prev_state=I ==> next_comm=swapper/3 next_pid=0 next_prio=120
   raspbian_proc-608     [001] d.... 20003.704765: sched_switch: prev_comm=raspbian_proc prev_pid=608 prev_prio=120 prev_state=S ==> next_comm=swapper/1 next_pid=0 next_prio=120
          <idle>-0       [003] dns.. 20003.721668: sched_wakeup: comm=rcu_sched pid=15 prio=120 target_cpu=003
          <idle>-0       [003] d.... 20003.721708: sched_switch: prev_comm=swapper/3 prev_pid=0 prev_prio=120 prev_state=R ==> next_comm=rcu_sched next_pid=15 next_prio=120
       rcu_sched-15      [003] d.... 20003.721751: sched_switch: prev_comm=rcu_sched prev_pid=15 prev_prio=120 prev_state=I ==> next_comm=swapper/3 next_pid=0 next_prio=120
          <idle>-0       [001] dns.. 20003.811691: sched_wakeup: comm=kworker/1:0 pid=592 prio=120 target_cpu=001
          <idle>-0       [001] d.... 20003.811760: sched_switch: prev_comm=swapper/1 prev_pid=0 prev_prio=120 prev_state=R ==> next_comm=kworker/1:0 next_pid=592 next_prio=120
     kworker/1:0-592     [001] d.... 20003.811819: sched_switch: prev_comm=kworker/1:0 prev_pid=592 prev_prio=120 prev_state=I ==> next_comm=swapper/1 next_pid=0 next_prio=120
          <idle>-0       [001] dns.. 20004.021690: sched_wakeup: comm=kworker/1:0 pid=592 prio=120 target_cpu=001
          <idle>-0       [001] d.... 20004.021775: sched_switch: prev_comm=swapper/1 prev_pid=0 prev_prio=120 prev_state=R ==> next_comm=kworker/1:0 next_pid=592 next_prio=120
     kworker/1:0-592     [001] d.... 20004.021831: sched_switch: prev_comm=kworker/1:0 prev_pid=592 prev_prio=120 prev_state=I ==> next_comm=swapper/1 next_pid=0 next_prio=120
          <idle>-0       [003] dns.. 20004.041783: sched_wakeup: comm=kworker/3:1 pid=570 prio=120 target_cpu=003
          <idle>-0       [003] d.... 20004.041896: sched_switch: prev_comm=swapper/3 prev_pid=0 prev_prio=120 prev_state=R ==> next_comm=kworker/3:1 next_pid=570 next_prio=120
     kworker/3:1-570     [003] d.... 20004.041980: sched_switch: prev_comm=kworker/3:1 prev_pid=570 prev_prio=120 prev_state=I ==> next_comm=swapper/3 next_pid=0 next_prio=120
          <idle>-0       [000] dnH.. 20004.121825: sched_wakeup: comm=kcompactd0 pid=44 prio=120 target_cpu=000
          <idle>-0       [000] dns.. 20004.121908: sched_wakeup: comm=kworker/0:2 pid=568 prio=120 target_cpu=000
          <idle>-0       [000] d.... 20004.122000: sched_switch: prev_comm=swapper/0 prev_pid=0 prev_prio=120 prev_state=R ==> next_comm=kworker/0:2 next_pid=568 next_prio=120
          <idle>-0       [001] dnh.. 20004.122089: sched_wakeup: comm=kworker/1:0 pid=592 prio=120 target_cpu=001
     kworker/0:2-568     [000] d.... 20004.122115: sched_switch: prev_comm=kworker/0:2 prev_pid=568 prev_prio=120 prev_state=I ==> next_comm=kcompactd0 next_pid=44 next_prio=120
          <idle>-0       [001] d.... 20004.122127: sched_switch: prev_comm=swapper/1 prev_pid=0 prev_prio=120 prev_state=R ==> next_comm=kworker/1:0 next_pid=592 next_prio=120
     kworker/1:0-592     [001] d.... 20004.122179: sched_switch: prev_comm=kworker/1:0 prev_pid=592 prev_prio=120 prev_state=I ==> next_comm=swapper/1 next_pid=0 next_prio=120
      kcompactd0-44      [000] d.... 20004.122180: sched_switch: prev_comm=kcompactd0 prev_pid=44 prev_prio=120 prev_state=S ==> next_comm=swapper/0 next_pid=0 next_prio=120
          <idle>-0       [001] dns.. 20004.231687: sched_wakeup: comm=kworker/1:0 pid=592 prio=120 target_cpu=001
          <idle>-0       [001] d.... 20004.231745: sched_switch: prev_comm=swapper/1 prev_pid=0 prev_prio=120 prev_state=R ==> next_comm=kworker/1:0 next_pid=592 next_prio=120
          <idle>-0       [000] dnh.. 20004.231762: sched_wakeup: comm=kworker/0:2 pid=568 prio=120 target_cpu=000
     kworker/1:0-592     [001] d.... 20004.231804: sched_switch: prev_comm=kworker/1:0 prev_pid=592 prev_prio=120 prev_state=I ==> next_comm=swapper/1 next_pid=0 next_prio=120
          <idle>-0       [000] d.... 20004.231892: sched_switch: prev_comm=swapper/0 prev_pid=0 prev_prio=120 prev_state=R ==> next_comm=kworker/0:2 next_pid=568 next_prio=120
     kworker/0:2-568     [000] d.... 20004.232004: sched_switch: prev_comm=kworker/0:2 prev_pid=568 prev_prio=120 prev_state=I ==> next_comm=swapper/0 next_pid=0 next_prio=120
          <idle>-0       [001] dns.. 20004.331707: sched_wakeup: comm=kworker/1:1H pid=78 prio=100 target_cpu=001
          <idle>-0       [001] d.... 20004.331763: sched_switch: prev_comm=swapper/1 prev_pid=0 prev_prio=120 prev_state=R ==> next_comm=kworker/1:1H next_pid=78 next_prio=100
          <idle>-0       [000] dnh.. 20004.331778: sched_wakeup: comm=kworker/u16:2 pid=49 prio=120 target_cpu=000
    kworker/1:1H-78      [001] d.... 20004.331809: sched_switch: prev_comm=kworker/1:1H prev_pid=78 prev_prio=100 prev_state=I ==> next_comm=swapper/1 next_pid=0 next_prio=120
          <idle>-0       [000] d.... 20004.331844: sched_switch: prev_comm=swapper/0 prev_pid=0 prev_prio=120 prev_state=R ==> next_comm=kworker/u16:2 next_pid=49 next_prio=120
   kworker/u16:2-49      [000] d.... 20004.331962: sched_switch: prev_comm=kworker/u16:2 prev_pid=49 prev_prio=120 prev_state=I ==> next_comm=swapper/0 next_pid=0 next_prio=120
          <idle>-0       [001] dns.. 20004.441737: sched_wakeup: comm=kworker/1:0 pid=592 prio=120 target_cpu=001
          <idle>-0       [001] d.... 20004.441816: sched_switch: prev_comm=swapper/1 prev_pid=0 prev_prio=120 prev_state=R ==> next_comm=kworker/1:0 next_pid=592 next_prio=120
     kworker/1:0-592     [001] d.... 20004.441903: sched_switch: prev_comm=kworker/1:0 prev_pid=592 prev_prio=120 prev_state=I ==> next_comm=swapper/1 next_pid=0 next_prio=120
          <idle>-0       [000] dnH.. 20004.571803: sched_wakeup: comm=kworker/u16:2 pid=49 prio=120 target_cpu=000
          <idle>-0       [000] d.... 20004.571898: sched_switch: prev_comm=swapper/0 prev_pid=0 prev_prio=120 prev_state=R ==> next_comm=kworker/u16:2 next_pid=49 next_prio=120
   kworker/u16:2-49      [000] d.... 20004.572007: sched_switch: prev_comm=kworker/u16:2 prev_pid=49 prev_prio=120 prev_state=I ==> next_comm=swapper/0 next_pid=0 next_prio=120
          <idle>-0       [000] dnH.. 20004.631770: sched_wakeup: comm=kcompactd0 pid=44 prio=120 target_cpu=000
          <idle>-0       [000] d.... 20004.631871: sched_switch: prev_comm=swapper/0 prev_pid=0 prev_prio=120 prev_state=R ==> next_comm=kcompactd0 next_pid=44 next_prio=120
      kcompactd0-44      [000] d.... 20004.631932: sched_switch: prev_comm=kcompactd0 prev_pid=44 prev_prio=120 prev_state=S ==> next_comm=swapper/0 next_pid=0 next_prio=120
          <idle>-0       [001] dns.. 20004.651690: sched_wakeup: comm=kworker/1:0 pid=592 prio=120 target_cpu=001
          <idle>-0       [001] d.... 20004.651743: sched_switch: prev_comm=swapper/1 prev_pid=0 prev_prio=120 prev_state=R ==> next_comm=kworker/1:0 next_pid=592 next_prio=120
     kworker/1:0-592     [001] d.... 20004.651798: sched_switch: prev_comm=kworker/1:0 prev_pid=592 prev_prio=120 prev_state=I ==> next_comm=swapper/1 next_pid=0 next_prio=120
          <idle>-0       [001] dns.. 20004.731677: sched_wakeup: comm=kworker/1:0 pid=592 prio=120 target_cpu=001
          <idle>-0       [001] d.... 20004.731736: sched_switch: prev_comm=swapper/1 prev_pid=0 prev_prio=120 prev_state=R ==> next_comm=kworker/1:0 next_pid=592 next_prio=120
     kworker/1:0-592     [001] d.... 20004.731823: sched_switch: prev_comm=kworker/1:0 prev_pid=592 prev_prio=120 prev_state=I ==> next_comm=swapper/1 next_pid=0 next_prio=120
          <idle>-0       [001] dns.. 20004.861698: sched_wakeup: comm=kworker/1:0 pid=592 prio=120 target_cpu=001
          <idle>-0       [001] d.... 20004.861759: sched_switch: prev_comm=swapper/1 prev_pid=0 prev_prio=120 prev_state=R ==> next_comm=kworker/1:0 next_pid=592 next_prio=120
     kworker/1:0-592     [001] d.... 20004.861813: sched_switch: prev_comm=kworker/1:0 prev_pid=592 prev_prio=120 prev_state=I ==> next_comm=swapper/1 next_pid=0 next_prio=120
          <idle>-0       [000] dns.. 20004.961785: sched_wakeup: comm=kworker/0:2 pid=568 prio=120 target_cpu=000
          <idle>-0       [000] d.... 20004.961887: sched_switch: prev_comm=swapper/0 prev_pid=0 prev_prio=120 prev_state=R ==> next_comm=kworker/0:2 next_pid=568 next_prio=120
     kworker/0:2-568     [000] d.... 20004.961954: sched_switch: prev_comm=kworker/0:2 prev_pid=568 prev_prio=120 prev_state=I ==> next_comm=swapper/0 next_pid=0 next_prio=120
          <idle>-0       [001] dns.. 20005.061705: sched_wakeup: comm=kworker/1:0 pid=592 prio=120 target_cpu=001
          <idle>-0       [001] d.... 20005.061764: sched_switch: prev_comm=swapper/1 prev_pid=0 prev_prio=120 prev_state=R ==> next_comm=kworker/1:0 next_pid=592 next_prio=120
     kworker/1:0-592     [001] d.... 20005.061809: sched_switch: prev_comm=kworker/1:0 prev_pid=592 prev_prio=120 prev_state=I ==> next_comm=swapper/1 next_pid=0 next_prio=120
          <idle>-0       [001] dns.. 20005.071688: sched_wakeup: comm=kworker/1:0 pid=592 prio=120 target_cpu=001
          <idle>-0       [001] d.... 20005.071731: sched_switch: prev_comm=swapper/1 prev_pid=0 prev_prio=120 prev_state=R ==> next_comm=kworker/1:0 next_pid=592 next_prio=120
          <idle>-0       [000] dns.. 20005.071769: sched_wakeup: comm=kworker/0:2 pid=568 prio=120 target_cpu=000
     kworker/1:0-592     [001] d.... 20005.071776: sched_switch: prev_comm=kworker/1:0 prev_pid=592 prev_prio=120 prev_state=I ==> next_comm=swapper/1 next_pid=0 next_prio=120
          <idle>-0       [000] d.... 20005.071881: sched_switch: prev_comm=swapper/0 prev_pid=0 prev_prio=120 prev_state=R ==> next_comm=kworker/0:2 next_pid=568 next_prio=120
     kworker/0:2-568     [000] d.... 20005.071957: sched_switch: prev_comm=kworker/0:2 prev_pid=568 prev_prio=120 prev_state=I ==> next_comm=swapper/0 next_pid=0 next_prio=120
          <idle>-0       [000] dns.. 20005.141759: sched_wakeup: comm=kcompactd0 pid=44 prio=120 target_cpu=000
          <idle>-0       [000] d.... 20005.141865: sched_switch: prev_comm=swapper/0 prev_pid=0 prev_prio=120 prev_state=R ==> next_comm=kcompactd0 next_pid=44 next_prio=120
      kcompactd0-44      [000] d.... 20005.141930: sched_switch: prev_comm=kcompactd0 prev_pid=44 prev_prio=120 prev_state=S ==> next_comm=swapper/0 next_pid=0 next_prio=120
          <idle>-0       [001] dns.. 20005.281691: sched_wakeup: comm=kworker/1:0 pid=592 prio=120 target_cpu=001
          <idle>-0       [001] d.... 20005.281746: sched_switch: prev_comm=swapper/1 prev_pid=0 prev_prio=120 prev_state=R ==> next_comm=kworker/1:0 next_pid=592 next_prio=120
     kworker/1:0-592     [001] d.... 20005.281801: sched_switch: prev_comm=kworker/1:0 prev_pid=592 prev_prio=120 prev_state=I ==> next_comm=swapper/1 next_pid=0 next_prio=120
          <idle>-0       [001] dns.. 20005.371692: sched_wakeup: comm=kworker/1:0 pid=592 prio=120 target_cpu=001
          <idle>-0       [001] d.... 20005.371749: sched_switch: prev_comm=swapper/1 prev_pid=0 prev_prio=120 prev_state=R ==> next_comm=kworker/1:0 next_pid=592 next_prio=120
     kworker/1:0-592     [001] d.... 20005.371854: sched_switch: prev_comm=kworker/1:0 prev_pid=592 prev_prio=120 prev_state=D ==> next_comm=swapper/1 next_pid=0 next_prio=120
          <idle>-0       [001] dnh.. 20005.371919: sched_wakeup: comm=kworker/1:0 pid=592 prio=120 target_cpu=001
          <idle>-0       [001] d.... 20005.371939: sched_switch: prev_comm=swapper/1 prev_pid=0 prev_prio=120 prev_state=R ==> next_comm=kworker/1:0 next_pid=592 next_prio=120
     kworker/1:0-592     [001] d.... 20005.371977: sched_switch: prev_comm=kworker/1:0 prev_pid=592 prev_prio=120 prev_state=I ==> next_comm=swapper/1 next_pid=0 next_prio=120
          <idle>-0       [001] dns.. 20005.491710: sched_wakeup: comm=kworker/1:0 pid=592 prio=120 target_cpu=001
          <idle>-0       [001] d.... 20005.491775: sched_switch: prev_comm=swapper/1 prev_pid=0 prev_prio=120 prev_state=R ==> next_comm=kworker/1:0 next_pid=592 next_prio=120
     kworker/1:0-592     [001] d.... 20005.491840: sched_switch: prev_comm=kworker/1:0 prev_pid=592 prev_prio=120 prev_state=I ==> next_comm=swapper/1 next_pid=0 next_prio=120
          <idle>-0       [000] dnH.. 20005.651781: sched_wakeup: comm=kcompactd0 pid=44 prio=120 target_cpu=000
          <idle>-0       [000] d.... 20005.651898: sched_switch: prev_comm=swapper/0 prev_pid=0 prev_prio=120 prev_state=R ==> next_comm=kcompactd0 next_pid=44 next_prio=120
      kcompactd0-44      [000] d.... 20005.651959: sched_switch: prev_comm=kcompactd0 prev_pid=44 prev_prio=120 prev_state=S ==> next_comm=swapper/0 next_pid=0 next_prio=120
          <idle>-0       [001] dns.. 20005.701699: sched_wakeup: comm=kworker/1:0 pid=592 prio=120 target_cpu=001
          <idle>-0       [001] d.... 20005.701750: sched_switch: prev_comm=swapper/1 prev_pid=0 prev_prio=120 prev_state=R ==> next_comm=kworker/1:0 next_pid=592 next_prio=120
     kworker/1:0-592     [001] d.... 20005.701801: sched_switch: prev_comm=kworker/1:0 prev_pid=592 prev_prio=120 prev_state=I ==> next_comm=swapper/1 next_pid=0 next_prio=120
          <idle>-0       [001] dns.. 20005.771683: sched_wakeup: comm=kworker/1:0 pid=592 prio=120 target_cpu=001
          <idle>-0       [001] d.... 20005.771738: sched_switch: prev_comm=swapper/1 prev_pid=0 prev_prio=120 prev_state=R ==> next_comm=kworker/1:0 next_pid=592 next_prio=120
     kworker/1:0-592     [001] d.... 20005.771828: sched_switch: prev_comm=kworker/1:0 prev_pid=592 prev_prio=120 prev_state=I ==> next_comm=swapper/1 next_pid=0 next_prio=120
          <idle>-0       [001] dns.. 20005.911681: sched_wakeup: comm=kworker/1:0 pid=592 prio=120 target_cpu=001
          <idle>-0       [001] d.... 20005.911739: sched_switch: prev_comm=swapper/1 prev_pid=0 prev_prio=120 prev_state=R ==> next_comm=kworker/1:0 next_pid=592 next_prio=120
     kworker/1:0-592     [001] d.... 20005.911792: sched_switch: prev_comm=kworker/1:0 prev_pid=592 prev_prio=120 prev_state=I ==> next_comm=swapper/1 next_pid=0 next_prio=120
          <idle>-0       [001] dns.. 20006.121692: sched_wakeup: comm=kworker/1:0 pid=592 prio=120 target_cpu=001
          <idle>-0       [001] d.... 20006.121753: sched_switch: prev_comm=swapper/1 prev_pid=0 prev_prio=120 prev_state=R ==> next_comm=kworker/1:0 next_pid=592 next_prio=120
          <idle>-0       [000] dns.. 20006.121773: sched_wakeup: comm=kworker/0:2 pid=568 prio=120 target_cpu=000
     kworker/1:0-592     [001] d.... 20006.121802: sched_switch: prev_comm=kworker/1:0 prev_pid=592 prev_prio=120 prev_state=I ==> next_comm=swapper/1 next_pid=0 next_prio=120
          <idle>-0       [000] d.... 20006.121881: sched_switch: prev_comm=swapper/0 prev_pid=0 prev_prio=120 prev_state=R ==> next_comm=kworker/0:2 next_pid=568 next_prio=120
     kworker/0:2-568     [000] d.... 20006.121956: sched_switch: prev_comm=kworker/0:2 prev_pid=568 prev_prio=120 prev_state=I ==> next_comm=swapper/0 next_pid=0 next_prio=120
          <idle>-0       [000] dns.. 20006.161753: sched_wakeup: comm=kcompactd0 pid=44 prio=120 target_cpu=000
          <idle>-0       [000] d.... 20006.161857: sched_switch: prev_comm=swapper/0 prev_pid=0 prev_prio=120 prev_state=R ==> next_comm=kcompactd0 next_pid=44 next_prio=120
      kcompactd0-44      [000] d.... 20006.161909: sched_switch: prev_comm=kcompactd0 prev_pid=44 prev_prio=120 prev_state=S ==> next_comm=swapper/0 next_pid=0 next_prio=120
          <idle>-0       [001] dns.. 20006.331685: sched_wakeup: comm=kworker/1:0 pid=592 prio=120 target_cpu=001
          <idle>-0       [001] d.... 20006.331732: sched_switch: prev_comm=swapper/1 prev_pid=0 prev_prio=120 prev_state=R ==> next_comm=kworker/1:0 next_pid=592 next_prio=120
     kworker/1:0-592     [001] d.... 20006.331778: sched_switch: prev_comm=kworker/1:0 prev_pid=592 prev_prio=120 prev_state=I ==> next_comm=swapper/1 next_pid=0 next_prio=120
          <idle>-0       [000] dns.. 20006.521790: sched_wakeup: comm=kworker/u16:2 pid=49 prio=120 target_cpu=000
          <idle>-0       [000] d.... 20006.521895: sched_switch: prev_comm=swapper/0 prev_pid=0 prev_prio=120 prev_state=R ==> next_comm=kworker/u16:2 next_pid=49 next_prio=120
   kworker/u16:2-49      [000] d.... 20006.521967: sched_switch: prev_comm=kworker/u16:2 prev_pid=49 prev_prio=120 prev_state=I ==> next_comm=swapper/0 next_pid=0 next_prio=120
          <idle>-0       [001] dns.. 20006.541690: sched_wakeup: comm=kworker/1:0 pid=592 prio=120 target_cpu=001
          <idle>-0       [001] d.... 20006.541737: sched_switch: prev_comm=swapper/1 prev_pid=0 prev_prio=120 prev_state=R ==> next_comm=kworker/1:0 next_pid=592 next_prio=120
     kworker/1:0-592     [001] d.... 20006.541786: sched_switch: prev_comm=kworker/1:0 prev_pid=592 prev_prio=120 prev_state=I ==> next_comm=swapper/1 next_pid=0 next_prio=120
          <idle>-0       [000] dnH.. 20006.671771: sched_wakeup: comm=kcompactd0 pid=44 prio=120 target_cpu=000
          <idle>-0       [000] d.... 20006.671891: sched_switch: prev_comm=swapper/0 prev_pid=0 prev_prio=120 prev_state=R ==> next_comm=kcompactd0 next_pid=44 next_prio=120
      kcompactd0-44      [000] d.... 20006.671953: sched_switch: prev_comm=kcompactd0 prev_pid=44 prev_prio=120 prev_state=S ==> next_comm=swapper/0 next_pid=0 next_prio=120
          <idle>-0       [001] dnh.. 20006.704840: sched_wakeup: comm=raspbian_proc pid=608 prio=120 target_cpu=001
          <idle>-0       [001] d.... 20006.704888: sched_switch: prev_comm=swapper/1 prev_pid=0 prev_prio=120 prev_state=R ==> next_comm=raspbian_proc next_pid=608 next_prio=120
   raspbian_proc-608     [001] d.... 20006.705345: sched_wakeup: comm=kworker/1:0 pid=592 prio=120 target_cpu=001
   raspbian_proc-608     [001] d.... 20006.705557: sched_switch: prev_comm=raspbian_proc prev_pid=608 prev_prio=120 prev_state=S ==> next_comm=kworker/1:0 next_pid=592 next_prio=120
     kworker/1:0-592     [001] d.... 20006.705782: sched_switch: prev_comm=kworker/1:0 prev_pid=592 prev_prio=120 prev_state=I ==> next_comm=swapper/1 next_pid=0 next_prio=120
          <idle>-0       [001] dns.. 20006.751678: sched_wakeup: comm=kworker/1:0 pid=592 prio=120 target_cpu=001
          <idle>-0       [001] d.... 20006.751743: sched_switch: prev_comm=swapper/1 prev_pid=0 prev_prio=120 prev_state=R ==> next_comm=kworker/1:0 next_pid=592 next_prio=120
     kworker/1:0-592     [001] d.... 20006.751790: sched_switch: prev_comm=kworker/1:0 prev_pid=592 prev_prio=120 prev_state=I ==> next_comm=swapper/1 next_pid=0 next_prio=120
          <idle>-0       [001] dns.. 20006.811689: sched_wakeup: comm=kworker/1:0 pid=592 prio=120 target_cpu=001
          <idle>-0       [001] d.... 20006.811749: sched_switch: prev_comm=swapper/1 prev_pid=0 prev_prio=120 prev_state=R ==> next_comm=kworker/1:0 next_pid=592 next_prio=120
     kworker/1:0-592     [001] d.... 20006.811837: sched_switch: prev_comm=kworker/1:0 prev_pid=592 prev_prio=120 prev_state=I ==> next_comm=swapper/1 next_pid=0 next_prio=120
          <idle>-0       [001] dns.. 20006.961690: sched_wakeup: comm=kworker/1:0 pid=592 prio=120 target_cpu=001
          <idle>-0       [001] d.... 20006.961748: sched_switch: prev_comm=swapper/1 prev_pid=0 prev_prio=120 prev_state=R ==> next_comm=kworker/1:0 next_pid=592 next_prio=120
     kworker/1:0-592     [001] d.... 20006.961795: sched_switch: prev_comm=kworker/1:0 prev_pid=592 prev_prio=120 prev_state=I ==> next_comm=swapper/1 next_pid=0 next_prio=120
          <idle>-0       [001] dns.. 20007.171696: sched_wakeup: comm=kworker/1:0 pid=592 prio=120 target_cpu=001
          <idle>-0       [001] d.... 20007.171751: sched_switch: prev_comm=swapper/1 prev_pid=0 prev_prio=120 prev_state=R ==> next_comm=kworker/1:0 next_pid=592 next_prio=120
          <idle>-0       [000] dns.. 20007.171769: sched_wakeup: comm=kworker/0:2 pid=568 prio=120 target_cpu=000
     kworker/1:0-592     [001] d.... 20007.171795: sched_switch: prev_comm=kworker/1:0 prev_pid=592 prev_prio=120 prev_state=I ==> next_comm=swapper/1 next_pid=0 next_prio=120
          <idle>-0       [000] d.... 20007.171894: sched_switch: prev_comm=swapper/0 prev_pid=0 prev_prio=120 prev_state=R ==> next_comm=kworker/0:2 next_pid=568 next_prio=120
     kworker/0:2-568     [000] d.... 20007.171989: sched_switch: prev_comm=kworker/0:2 prev_pid=568 prev_prio=120 prev_state=I ==> next_comm=swapper/0 next_pid=0 next_prio=120
          <idle>-0       [000] dns.. 20007.181755: sched_wakeup: comm=kcompactd0 pid=44 prio=120 target_cpu=000
          <idle>-0       [000] d.... 20007.181831: sched_switch: prev_comm=swapper/0 prev_pid=0 prev_prio=120 prev_state=R ==> next_comm=kcompactd0 next_pid=44 next_prio=120
      kcompactd0-44      [000] d.... 20007.181892: sched_switch: prev_comm=kcompactd0 prev_pid=44 prev_prio=120 prev_state=S ==> next_comm=swapper/0 next_pid=0 next_prio=120
          <idle>-0       [000] dns.. 20007.291782: sched_wakeup: comm=kworker/u16:2 pid=49 prio=120 target_cpu=000
          <idle>-0       [000] d.... 20007.291889: sched_switch: prev_comm=swapper/0 prev_pid=0 prev_prio=120 prev_state=R ==> next_comm=kworker/u16:2 next_pid=49 next_prio=120
          <idle>-0       [001] dnh.. 20007.291968: sched_wakeup: comm=kworker/u16:1 pid=465 prio=120 target_cpu=001
          <idle>-0       [001] d.... 20007.292009: sched_switch: prev_comm=swapper/1 prev_pid=0 prev_prio=120 prev_state=R ==> next_comm=kworker/u16:1 next_pid=465 next_prio=120
          <idle>-0       [003] dnh.. 20007.292107: sched_wakeup: comm=kworker/u16:0 pid=419 prio=120 target_cpu=003
   kworker/u16:1-465     [001] d.... 20007.292154: sched_switch: prev_comm=kworker/u16:1 prev_pid=465 prev_prio=120 prev_state=I ==> next_comm=swapper/1 next_pid=0 next_prio=120
          <idle>-0       [003] d.... 20007.292323: sched_switch: prev_comm=swapper/3 prev_pid=0 prev_prio=120 prev_state=R ==> next_comm=kworker/u16:0 next_pid=419 next_prio=120
   kworker/u16:0-419     [003] d.... 20007.292358: sched_switch: prev_comm=kworker/u16:0 prev_pid=419 prev_prio=120 prev_state=I ==> next_comm=swapper/3 next_pid=0 next_prio=120
   kworker/u16:2-49      [000] d.... 20007.293659: sched_switch: prev_comm=kworker/u16:2 prev_pid=49 prev_prio=120 prev_state=D ==> next_comm=swapper/0 next_pid=0 next_prio=120
          <idle>-0       [001] dns.. 20007.293678: sched_wakeup: comm=kworker/1:0 pid=592 prio=120 target_cpu=001
          <idle>-0       [001] d.... 20007.293708: sched_switch: prev_comm=swapper/1 prev_pid=0 prev_prio=120 prev_state=R ==> next_comm=kworker/1:0 next_pid=592 next_prio=120
     kworker/1:0-592     [001] d.... 20007.293770: sched_switch: prev_comm=kworker/1:0 prev_pid=592 prev_prio=120 prev_state=I ==> next_comm=swapper/1 next_pid=0 next_prio=120
          <idle>-0       [003] dnh.. 20007.293787: sched_wakeup: comm=irq/113-mmc0 pid=73 prio=49 target_cpu=003
          <idle>-0       [003] d.... 20007.293816: sched_switch: prev_comm=swapper/3 prev_pid=0 prev_prio=120 prev_state=R ==> next_comm=irq/113-mmc0 next_pid=73 next_prio=49
    irq/113-mmc0-73      [003] d.... 20007.293872: sched_switch: prev_comm=irq/113-mmc0 prev_pid=73 prev_prio=49 prev_state=S ==> next_comm=swapper/3 next_pid=0 next_prio=120
          <idle>-0       [000] dnh.. 20007.293891: sched_wakeup: comm=kworker/u16:2 pid=49 prio=120 target_cpu=000
          <idle>-0       [000] d.... 20007.293917: sched_switch: prev_comm=swapper/0 prev_pid=0 prev_prio=120 prev_state=R ==> next_comm=kworker/u16:2 next_pid=49 next_prio=120
          <idle>-0       [001] dns.. 20007.294869: sched_wakeup: comm=kworker/1:0 pid=592 prio=120 target_cpu=001
          <idle>-0       [001] d.... 20007.294893: sched_switch: prev_comm=swapper/1 prev_pid=0 prev_prio=120 prev_state=R ==> next_comm=kworker/1:0 next_pid=592 next_prio=120
   kworker/u16:2-49      [000] d.... 20007.294894: sched_switch: prev_comm=kworker/u16:2 prev_pid=49 prev_prio=120 prev_state=D ==> next_comm=swapper/0 next_pid=0 next_prio=120
     kworker/1:0-592     [001] d.... 20007.294923: sched_switch: prev_comm=kworker/1:0 prev_pid=592 prev_prio=120 prev_state=I ==> next_comm=swapper/1 next_pid=0 next_prio=120
          <idle>-0       [003] dnh.. 20007.294968: sched_wakeup: comm=irq/113-mmc0 pid=73 prio=49 target_cpu=003
          <idle>-0       [003] d.... 20007.295012: sched_switch: prev_comm=swapper/3 prev_pid=0 prev_prio=120 prev_state=R ==> next_comm=irq/113-mmc0 next_pid=73 next_prio=49
    irq/113-mmc0-73      [003] d.... 20007.295084: sched_switch: prev_comm=irq/113-mmc0 prev_pid=73 prev_prio=49 prev_state=S ==> next_comm=swapper/3 next_pid=0 next_prio=120
          <idle>-0       [000] dnh.. 20007.295096: sched_wakeup: comm=kworker/u16:2 pid=49 prio=120 target_cpu=000
          <idle>-0       [000] d.... 20007.295118: sched_switch: prev_comm=swapper/0 prev_pid=0 prev_prio=120 prev_state=R ==> next_comm=kworker/u16:2 next_pid=49 next_prio=120
   kworker/u16:2-49      [000] d.... 20007.298332: sched_switch: prev_comm=kworker/u16:2 prev_pid=49 prev_prio=120 prev_state=D ==> next_comm=swapper/0 next_pid=0 next_prio=120
          <idle>-0       [002] dns.. 20007.298444: sched_wakeup: comm=kworker/2:0 pid=557 prio=120 target_cpu=002
          <idle>-0       [002] d.... 20007.298542: sched_switch: prev_comm=swapper/2 prev_pid=0 prev_prio=120 prev_state=R ==> next_comm=kworker/2:0 next_pid=557 next_prio=120
          <idle>-0       [003] dnh.. 20007.298670: sched_wakeup: comm=irq/113-mmc0 pid=73 prio=49 target_cpu=003
          <idle>-0       [003] d.... 20007.298692: sched_switch: prev_comm=swapper/3 prev_pid=0 prev_prio=120 prev_state=R ==> next_comm=irq/113-mmc0 next_pid=73 next_prio=49
     kworker/2:0-557     [002] d.... 20007.298726: sched_switch: prev_comm=kworker/2:0 prev_pid=557 prev_prio=120 prev_state=I ==> next_comm=swapper/2 next_pid=0 next_prio=120
    irq/113-mmc0-73      [003] d.... 20007.298736: sched_switch: prev_comm=irq/113-mmc0 prev_pid=73 prev_prio=49 prev_state=S ==> next_comm=swapper/3 next_pid=0 next_prio=120
          <idle>-0       [000] dnh.. 20007.298764: sched_wakeup: comm=kworker/u16:2 pid=49 prio=120 target_cpu=000
          <idle>-0       [000] d.... 20007.298785: sched_switch: prev_comm=swapper/0 prev_pid=0 prev_prio=120 prev_state=R ==> next_comm=kworker/u16:2 next_pid=49 next_prio=120
          <idle>-0       [003] dns.. 20007.299711: sched_wakeup: comm=kworker/3:1 pid=570 prio=120 target_cpu=003
          <idle>-0       [003] d.... 20007.299739: sched_switch: prev_comm=swapper/3 prev_pid=0 prev_prio=120 prev_state=R ==> next_comm=kworker/3:1 next_pid=570 next_prio=120
   kworker/u16:2-49      [000] d.... 20007.299776: sched_switch: prev_comm=kworker/u16:2 prev_pid=49 prev_prio=120 prev_state=D ==> next_comm=swapper/0 next_pid=0 next_prio=120
     kworker/3:1-570     [003] d.... 20007.299780: sched_switch: prev_comm=kworker/3:1 prev_pid=570 prev_prio=120 prev_state=I ==> next_comm=swapper/3 next_pid=0 next_prio=120
          <idle>-0       [003] dnh.. 20007.299870: sched_wakeup: comm=irq/113-mmc0 pid=73 prio=49 target_cpu=003
          <idle>-0       [003] d.... 20007.299890: sched_switch: prev_comm=swapper/3 prev_pid=0 prev_prio=120 prev_state=R ==> next_comm=irq/113-mmc0 next_pid=73 next_prio=49
    irq/113-mmc0-73      [003] d.... 20007.299932: sched_switch: prev_comm=irq/113-mmc0 prev_pid=73 prev_prio=49 prev_state=S ==> next_comm=swapper/3 next_pid=0 next_prio=120
          <idle>-0       [000] dnh.. 20007.299952: sched_wakeup: comm=kworker/u16:2 pid=49 prio=120 target_cpu=000
          <idle>-0       [000] d.... 20007.299970: sched_switch: prev_comm=swapper/0 prev_pid=0 prev_prio=120 prev_state=R ==> next_comm=kworker/u16:2 next_pid=49 next_prio=120
   kworker/u16:2-49      [000] d.... 20007.300841: sched_switch: prev_comm=kworker/u16:2 prev_pid=49 prev_prio=120 prev_state=D ==> next_comm=swapper/0 next_pid=0 next_prio=120
          <idle>-0       [003] dns.. 20007.300852: sched_wakeup: comm=kworker/3:1 pid=570 prio=120 target_cpu=003
          <idle>-0       [003] d.... 20007.300875: sched_switch: prev_comm=swapper/3 prev_pid=0 prev_prio=120 prev_state=R ==> next_comm=kworker/3:1 next_pid=570 next_prio=120
     kworker/3:1-570     [003] d.... 20007.300910: sched_switch: prev_comm=kworker/3:1 prev_pid=570 prev_prio=120 prev_state=I ==> next_comm=swapper/3 next_pid=0 next_prio=120
          <idle>-0       [003] dnh.. 20007.300951: sched_wakeup: comm=irq/113-mmc0 pid=73 prio=49 target_cpu=003
          <idle>-0       [003] d.... 20007.300970: sched_switch: prev_comm=swapper/3 prev_pid=0 prev_prio=120 prev_state=R ==> next_comm=irq/113-mmc0 next_pid=73 next_prio=49
    irq/113-mmc0-73      [003] d.... 20007.301010: sched_switch: prev_comm=irq/113-mmc0 prev_pid=73 prev_prio=49 prev_state=S ==> next_comm=swapper/3 next_pid=0 next_prio=120
          <idle>-0       [000] dnh.. 20007.301033: sched_wakeup: comm=kworker/u16:2 pid=49 prio=120 target_cpu=000
          <idle>-0       [000] d.... 20007.301062: sched_switch: prev_comm=swapper/0 prev_pid=0 prev_prio=120 prev_state=R ==> next_comm=kworker/u16:2 next_pid=49 next_prio=120
          <idle>-0       [003] dns.. 20007.302051: sched_wakeup: comm=kworker/3:1 pid=570 prio=120 target_cpu=003
          <idle>-0       [003] d.... 20007.302077: sched_switch: prev_comm=swapper/3 prev_pid=0 prev_prio=120 prev_state=R ==> next_comm=kworker/3:1 next_pid=570 next_prio=120
     kworker/3:1-570     [003] d.... 20007.302114: sched_switch: prev_comm=kworker/3:1 prev_pid=570 prev_prio=120 prev_state=I ==> next_comm=swapper/3 next_pid=0 next_prio=120
   kworker/u16:2-49      [000] d.... 20007.302127: sched_switch: prev_comm=kworker/u16:2 prev_pid=49 prev_prio=120 prev_state=D ==> next_comm=swapper/0 next_pid=0 next_prio=120
          <idle>-0       [003] dnh.. 20007.302168: sched_wakeup: comm=irq/113-mmc0 pid=73 prio=49 target_cpu=003
          <idle>-0       [003] d.... 20007.302189: sched_switch: prev_comm=swapper/3 prev_pid=0 prev_prio=120 prev_state=R ==> next_comm=irq/113-mmc0 next_pid=73 next_prio=49
    irq/113-mmc0-73      [003] d.... 20007.302229: sched_switch: prev_comm=irq/113-mmc0 prev_pid=73 prev_prio=49 prev_state=S ==> next_comm=swapper/3 next_pid=0 next_prio=120
          <idle>-0       [000] dnh.. 20007.302244: sched_wakeup: comm=kworker/u16:2 pid=49 prio=120 target_cpu=000
          <idle>-0       [000] d.... 20007.302263: sched_switch: prev_comm=swapper/0 prev_pid=0 prev_prio=120 prev_state=R ==> next_comm=kworker/u16:2 next_pid=49 next_prio=120
          <idle>-0       [003] dns.. 20007.303157: sched_wakeup: comm=kworker/3:1 pid=570 prio=120 target_cpu=003
   kworker/u16:2-49      [000] d.... 20007.303160: sched_switch: prev_comm=kworker/u16:2 prev_pid=49 prev_prio=120 prev_state=D ==> next_comm=swapper/0 next_pid=0 next_prio=120
          <idle>-0       [003] d.... 20007.303179: sched_switch: prev_comm=swapper/3 prev_pid=0 prev_prio=120 prev_state=R ==> next_comm=kworker/3:1 next_pid=570 next_prio=120
     kworker/3:1-570     [003] d.... 20007.303209: sched_switch: prev_comm=kworker/3:1 prev_pid=570 prev_prio=120 prev_state=I ==> next_comm=swapper/3 next_pid=0 next_prio=120
          <idle>-0       [003] dnh.. 20007.303248: sched_wakeup: comm=irq/113-mmc0 pid=73 prio=49 target_cpu=003
          <idle>-0       [003] d.... 20007.303266: sched_switch: prev_comm=swapper/3 prev_pid=0 prev_prio=120 prev_state=R ==> next_comm=irq/113-mmc0 next_pid=73 next_prio=49
    irq/113-mmc0-73      [003] d.... 20007.303302: sched_switch: prev_comm=irq/113-mmc0 prev_pid=73 prev_prio=49 prev_state=S ==> next_comm=swapper/3 next_pid=0 next_prio=120
          <idle>-0       [000] dnh.. 20007.303319: sched_wakeup: comm=kworker/u16:2 pid=49 prio=120 target_cpu=000
          <idle>-0       [000] d.... 20007.303339: sched_switch: prev_comm=swapper/0 prev_pid=0 prev_prio=120 prev_state=R ==> next_comm=kworker/u16:2 next_pid=49 next_prio=120
   kworker/u16:2-49      [000] d.... 20007.304188: sched_switch: prev_comm=kworker/u16:2 prev_pid=49 prev_prio=120 prev_state=D ==> next_comm=swapper/0 next_pid=0 next_prio=120
          <idle>-0       [001] dns.. 20007.304211: sched_wakeup: comm=kworker/1:0 pid=592 prio=120 target_cpu=001
          <idle>-0       [001] d.... 20007.304269: sched_switch: prev_comm=swapper/1 prev_pid=0 prev_prio=120 prev_state=R ==> next_comm=kworker/1:0 next_pid=592 next_prio=120
     kworker/1:0-592     [001] d.... 20007.304301: sched_switch: prev_comm=kworker/1:0 prev_pid=592 prev_prio=120 prev_state=I ==> next_comm=swapper/1 next_pid=0 next_prio=120
          <idle>-0       [003] dnh.. 20007.304337: sched_wakeup: comm=irq/113-mmc0 pid=73 prio=49 target_cpu=003
          <idle>-0       [003] d.... 20007.304355: sched_switch: prev_comm=swapper/3 prev_pid=0 prev_prio=120 prev_state=R ==> next_comm=irq/113-mmc0 next_pid=73 next_prio=49
    irq/113-mmc0-73      [003] d.... 20007.304396: sched_switch: prev_comm=irq/113-mmc0 prev_pid=73 prev_prio=49 prev_state=S ==> next_comm=swapper/3 next_pid=0 next_prio=120
          <idle>-0       [000] dnh.. 20007.304412: sched_wakeup: comm=kworker/u16:2 pid=49 prio=120 target_cpu=000
          <idle>-0       [000] d.... 20007.304429: sched_switch: prev_comm=swapper/0 prev_pid=0 prev_prio=120 prev_state=R ==> next_comm=kworker/u16:2 next_pid=49 next_prio=120
   kworker/u16:2-49      [000] d.... 20007.305999: sched_switch: prev_comm=kworker/u16:2 prev_pid=49 prev_prio=120 prev_state=D ==> next_comm=swapper/0 next_pid=0 next_prio=120
          <idle>-0       [001] dns.. 20007.306024: sched_wakeup: comm=kworker/1:0 pid=592 prio=120 target_cpu=001
          <idle>-0       [001] d.... 20007.306072: sched_switch: prev_comm=swapper/1 prev_pid=0 prev_prio=120 prev_state=R ==> next_comm=kworker/1:0 next_pid=592 next_prio=120
     kworker/1:0-592     [001] d.... 20007.306122: sched_switch: prev_comm=kworker/1:0 prev_pid=592 prev_prio=120 prev_state=I ==> next_comm=swapper/1 next_pid=0 next_prio=120
          <idle>-0       [003] dnh.. 20007.306148: sched_wakeup: comm=irq/113-mmc0 pid=73 prio=49 target_cpu=003
          <idle>-0       [003] d.... 20007.306167: sched_switch: prev_comm=swapper/3 prev_pid=0 prev_prio=120 prev_state=R ==> next_comm=irq/113-mmc0 next_pid=73 next_prio=49
    irq/113-mmc0-73      [003] d.... 20007.306206: sched_switch: prev_comm=irq/113-mmc0 prev_pid=73 prev_prio=49 prev_state=S ==> next_comm=swapper/3 next_pid=0 next_prio=120
          <idle>-0       [000] dnh.. 20007.306218: sched_wakeup: comm=kworker/u16:2 pid=49 prio=120 target_cpu=000
          <idle>-0       [000] d.... 20007.306236: sched_switch: prev_comm=swapper/0 prev_pid=0 prev_prio=120 prev_state=R ==> next_comm=kworker/u16:2 next_pid=49 next_prio=120
   kworker/u16:2-49      [000] d.... 20007.308627: sched_switch: prev_comm=kworker/u16:2 prev_pid=49 prev_prio=120 prev_state=D ==> next_comm=swapper/0 next_pid=0 next_prio=120
          <idle>-0       [002] dns.. 20007.308669: sched_wakeup: comm=kworker/2:0 pid=557 prio=120 target_cpu=002
          <idle>-0       [002] d.... 20007.308739: sched_switch: prev_comm=swapper/2 prev_pid=0 prev_prio=120 prev_state=R ==> next_comm=kworker/2:0 next_pid=557 next_prio=120
     kworker/2:0-557     [002] d.... 20007.308821: sched_switch: prev_comm=kworker/2:0 prev_pid=557 prev_prio=120 prev_state=I ==> next_comm=swapper/2 next_pid=0 next_prio=120
          <idle>-0       [003] dnh.. 20007.308860: sched_wakeup: comm=irq/113-mmc0 pid=73 prio=49 target_cpu=003
          <idle>-0       [003] d.... 20007.308898: sched_switch: prev_comm=swapper/3 prev_pid=0 prev_prio=120 prev_state=R ==> next_comm=irq/113-mmc0 next_pid=73 next_prio=49
    irq/113-mmc0-73      [003] d.... 20007.308964: sched_switch: prev_comm=irq/113-mmc0 prev_pid=73 prev_prio=49 prev_state=S ==> next_comm=swapper/3 next_pid=0 next_prio=120
          <idle>-0       [000] dnh.. 20007.308972: sched_wakeup: comm=kworker/u16:2 pid=49 prio=120 target_cpu=000
          <idle>-0       [000] d.... 20007.309008: sched_switch: prev_comm=swapper/0 prev_pid=0 prev_prio=120 prev_state=R ==> next_comm=kworker/u16:2 next_pid=49 next_prio=120
          <idle>-0       [003] dns.. 20007.312270: sched_wakeup: comm=kworker/3:1 pid=570 prio=120 target_cpu=003
          <idle>-0       [003] d.... 20007.312300: sched_switch: prev_comm=swapper/3 prev_pid=0 prev_prio=120 prev_state=R ==> next_comm=kworker/3:1 next_pid=570 next_prio=120
   kworker/u16:2-49      [000] d.... 20007.312362: sched_switch: prev_comm=kworker/u16:2 prev_pid=49 prev_prio=120 prev_state=D ==> next_comm=swapper/0 next_pid=0 next_prio=120
     kworker/3:1-570     [003] d.... 20007.312367: sched_switch: prev_comm=kworker/3:1 prev_pid=570 prev_prio=120 prev_state=I ==> next_comm=swapper/3 next_pid=0 next_prio=120
          <idle>-0       [003] dnh.. 20007.312528: sched_wakeup: comm=irq/113-mmc0 pid=73 prio=49 target_cpu=003
          <idle>-0       [003] d.... 20007.312567: sched_switch: prev_comm=swapper/3 prev_pid=0 prev_prio=120 prev_state=R ==> next_comm=irq/113-mmc0 next_pid=73 next_prio=49
    irq/113-mmc0-73      [003] d.... 20007.312647: sched_switch: prev_comm=irq/113-mmc0 prev_pid=73 prev_prio=49 prev_state=S ==> next_comm=swapper/3 next_pid=0 next_prio=120
          <idle>-0       [000] dnh.. 20007.312655: sched_wakeup: comm=kworker/u16:2 pid=49 prio=120 target_cpu=000
          <idle>-0       [000] d.... 20007.312675: sched_switch: prev_comm=swapper/0 prev_pid=0 prev_prio=120 prev_state=R ==> next_comm=kworker/u16:2 next_pid=49 next_prio=120
   kworker/u16:2-49      [000] d.s.. 20007.313560: sched_wakeup: comm=kworker/0:2 pid=568 prio=120 target_cpu=000
   kworker/u16:2-49      [000] d.... 20007.313642: sched_switch: prev_comm=kworker/u16:2 prev_pid=49 prev_prio=120 prev_state=D ==> next_comm=kworker/0:2 next_pid=568 next_prio=120
     kworker/0:2-568     [000] d.... 20007.313684: sched_switch: prev_comm=kworker/0:2 prev_pid=568 prev_prio=120 prev_state=I ==> next_comm=swapper/0 next_pid=0 next_prio=120
          <idle>-0       [003] dnh.. 20007.313706: sched_wakeup: comm=irq/113-mmc0 pid=73 prio=49 target_cpu=003
          <idle>-0       [003] d.... 20007.313723: sched_switch: prev_comm=swapper/3 prev_pid=0 prev_prio=120 prev_state=R ==> next_comm=irq/113-mmc0 next_pid=73 next_prio=49
    irq/113-mmc0-73      [003] d.... 20007.313767: sched_switch: prev_comm=irq/113-mmc0 prev_pid=73 prev_prio=49 prev_state=S ==> next_comm=swapper/3 next_pid=0 next_prio=120
          <idle>-0       [000] dnh.. 20007.313776: sched_wakeup: comm=kworker/u16:2 pid=49 prio=120 target_cpu=000
          <idle>-0       [000] d.... 20007.313794: sched_switch: prev_comm=swapper/0 prev_pid=0 prev_prio=120 prev_state=R ==> next_comm=kworker/u16:2 next_pid=49 next_prio=120
   kworker/u16:2-49      [000] d.... 20007.314684: sched_switch: prev_comm=kworker/u16:2 prev_pid=49 prev_prio=120 prev_state=I ==> next_comm=swapper/0 next_pid=0 next_prio=120
          <idle>-0       [002] dns.. 20007.314699: sched_wakeup: comm=kworker/2:0 pid=557 prio=120 target_cpu=002
          <idle>-0       [002] d.... 20007.314743: sched_switch: prev_comm=swapper/2 prev_pid=0 prev_prio=120 prev_state=R ==> next_comm=kworker/2:0 next_pid=557 next_prio=120
     kworker/2:0-557     [002] d.... 20007.314802: sched_switch: prev_comm=kworker/2:0 prev_pid=557 prev_prio=120 prev_state=I ==> next_comm=swapper/2 next_pid=0 next_prio=120
          <idle>-0       [003] dnh.. 20007.314840: sched_wakeup: comm=irq/113-mmc0 pid=73 prio=49 target_cpu=003
          <idle>-0       [003] d.... 20007.314860: sched_switch: prev_comm=swapper/3 prev_pid=0 prev_prio=120 prev_state=R ==> next_comm=irq/113-mmc0 next_pid=73 next_prio=49
    irq/113-mmc0-73      [003] d.... 20007.314894: sched_wakeup: comm=kworker/3:1H pid=77 prio=100 target_cpu=003
    irq/113-mmc0-73      [003] d.... 20007.314910: sched_switch: prev_comm=irq/113-mmc0 prev_pid=73 prev_prio=49 prev_state=S ==> next_comm=kworker/3:1H next_pid=77 next_prio=100
    kworker/3:1H-77      [003] d.... 20007.314997: sched_switch: prev_comm=kworker/3:1H prev_pid=77 prev_prio=100 prev_state=I ==> next_comm=swapper/3 next_pid=0 next_prio=120
          <idle>-0       [001] dnh.. 20007.330740: sched_wakeup: comm=kworker/1:0 pid=592 prio=120 target_cpu=001
          <idle>-0       [001] d.... 20007.330776: sched_switch: prev_comm=swapper/1 prev_pid=0 prev_prio=120 prev_state=R ==> next_comm=kworker/1:0 next_pid=592 next_prio=120
     kworker/1:0-592     [001] d.... 20007.330823: sched_switch: prev_comm=kworker/1:0 prev_pid=592 prev_prio=120 prev_state=I ==> next_comm=swapper/1 next_pid=0 next_prio=120
          <idle>-0       [000] dnH.. 20007.371697: sched_wakeup: comm=kworker/u16:2 pid=49 prio=120 target_cpu=000
          <idle>-0       [000] d.... 20007.371744: sched_switch: prev_comm=swapper/0 prev_pid=0 prev_prio=120 prev_state=R ==> next_comm=kworker/u16:2 next_pid=49 next_prio=120
          <idle>-0       [003] dnh.. 20007.371804: sched_wakeup: comm=kworker/u16:0 pid=419 prio=120 target_cpu=003
          <idle>-0       [003] d.... 20007.371841: sched_switch: prev_comm=swapper/3 prev_pid=0 prev_prio=120 prev_state=R ==> next_comm=kworker/u16:0 next_pid=419 next_prio=120
   kworker/u16:0-419     [003] d.... 20007.371926: sched_switch: prev_comm=kworker/u16:0 prev_pid=419 prev_prio=120 prev_state=I ==> next_comm=swapper/3 next_pid=0 next_prio=120
   kworker/u16:2-49      [000] d.... 20007.373556: sched_switch: prev_comm=kworker/u16:2 prev_pid=49 prev_prio=120 prev_state=D ==> next_comm=swapper/0 next_pid=0 next_prio=120
          <idle>-0       [003] dns.. 20007.373568: sched_wakeup: comm=kworker/3:1 pid=570 prio=120 target_cpu=003
          <idle>-0       [003] d.... 20007.373595: sched_switch: prev_comm=swapper/3 prev_pid=0 prev_prio=120 prev_state=R ==> next_comm=kworker/3:1 next_pid=570 next_prio=120
     kworker/3:1-570     [003] d.... 20007.373644: sched_switch: prev_comm=kworker/3:1 prev_pid=570 prev_prio=120 prev_state=I ==> next_comm=swapper/3 next_pid=0 next_prio=120
          <idle>-0       [003] dnh.. 20007.373692: sched_wakeup: comm=irq/113-mmc0 pid=73 prio=49 target_cpu=003
          <idle>-0       [003] d.... 20007.373714: sched_switch: prev_comm=swapper/3 prev_pid=0 prev_prio=120 prev_state=R ==> next_comm=irq/113-mmc0 next_pid=73 next_prio=49
    irq/113-mmc0-73      [003] d.... 20007.373762: sched_switch: prev_comm=irq/113-mmc0 prev_pid=73 prev_prio=49 prev_state=S ==> next_comm=swapper/3 next_pid=0 next_prio=120
          <idle>-0       [000] dnh.. 20007.373779: sched_wakeup: comm=kworker/u16:2 pid=49 prio=120 target_cpu=000
          <idle>-0       [000] d.... 20007.373801: sched_switch: prev_comm=swapper/0 prev_pid=0 prev_prio=120 prev_state=R ==> next_comm=kworker/u16:2 next_pid=49 next_prio=120
          <idle>-0       [003] dns.. 20007.374734: sched_wakeup: comm=kworker/3:1 pid=570 prio=120 target_cpu=003
          <idle>-0       [003] d.... 20007.374758: sched_switch: prev_comm=swapper/3 prev_pid=0 prev_prio=120 prev_state=R ==> next_comm=kworker/3:1 next_pid=570 next_prio=120
     kworker/3:1-570     [003] d.... 20007.374791: sched_switch: prev_comm=kworker/3:1 prev_pid=570 prev_prio=120 prev_state=I ==> next_comm=swapper/3 next_pid=0 next_prio=120
   kworker/u16:2-49      [000] d.... 20007.374820: sched_switch: prev_comm=kworker/u16:2 prev_pid=49 prev_prio=120 prev_state=D ==> next_comm=swapper/0 next_pid=0 next_prio=120
          <idle>-0       [003] dnh.. 20007.374840: sched_wakeup: comm=irq/113-mmc0 pid=73 prio=49 target_cpu=003
          <idle>-0       [003] d.... 20007.374859: sched_switch: prev_comm=swapper/3 prev_pid=0 prev_prio=120 prev_state=R ==> next_comm=irq/113-mmc0 next_pid=73 next_prio=49
    irq/113-mmc0-73      [003] d.... 20007.374897: sched_switch: prev_comm=irq/113-mmc0 prev_pid=73 prev_prio=49 prev_state=S ==> next_comm=swapper/3 next_pid=0 next_prio=120
          <idle>-0       [000] dnh.. 20007.374917: sched_wakeup: comm=kworker/u16:2 pid=49 prio=120 target_cpu=000
          <idle>-0       [000] d.... 20007.374938: sched_switch: prev_comm=swapper/0 prev_pid=0 prev_prio=120 prev_state=R ==> next_comm=kworker/u16:2 next_pid=49 next_prio=120
          <idle>-0       [003] dns.. 20007.375835: sched_wakeup: comm=kworker/3:1 pid=570 prio=120 target_cpu=003
          <idle>-0       [003] d.... 20007.375859: sched_switch: prev_comm=swapper/3 prev_pid=0 prev_prio=120 prev_state=R ==> next_comm=kworker/3:1 next_pid=570 next_prio=120
     kworker/3:1-570     [003] d.... 20007.375889: sched_switch: prev_comm=kworker/3:1 prev_pid=570 prev_prio=120 prev_state=I ==> next_comm=swapper/3 next_pid=0 next_prio=120
   kworker/u16:2-49      [000] d.... 20007.375898: sched_switch: prev_comm=kworker/u16:2 prev_pid=49 prev_prio=120 prev_state=D ==> next_comm=swapper/0 next_pid=0 next_prio=120
          <idle>-0       [003] dnh.. 20007.375935: sched_wakeup: comm=irq/113-mmc0 pid=73 prio=49 target_cpu=003
          <idle>-0       [003] d.... 20007.375953: sched_switch: prev_comm=swapper/3 prev_pid=0 prev_prio=120 prev_state=R ==> next_comm=irq/113-mmc0 next_pid=73 next_prio=49
    irq/113-mmc0-73      [003] d.... 20007.375991: sched_switch: prev_comm=irq/113-mmc0 prev_pid=73 prev_prio=49 prev_state=S ==> next_comm=swapper/3 next_pid=0 next_prio=120
          <idle>-0       [000] dnh.. 20007.376009: sched_wakeup: comm=kworker/u16:2 pid=49 prio=120 target_cpu=000
          <idle>-0       [000] d.... 20007.376027: sched_switch: prev_comm=swapper/0 prev_pid=0 prev_prio=120 prev_state=R ==> next_comm=kworker/u16:2 next_pid=49 next_prio=120
   kworker/u16:2-49      [000] dns.. 20007.376888: sched_wakeup: comm=kworker/0:2 pid=568 prio=120 target_cpu=000
   kworker/u16:2-49      [000] d.... 20007.376914: sched_switch: prev_comm=kworker/u16:2 prev_pid=49 prev_prio=120 prev_state=R+ ==> next_comm=kworker/0:2 next_pid=568 next_prio=120
     kworker/0:2-568     [000] d.... 20007.376940: sched_switch: prev_comm=kworker/0:2 prev_pid=568 prev_prio=120 prev_state=D ==> next_comm=kworker/u16:2 next_pid=49 next_prio=120
   kworker/u16:2-49      [000] dn... 20007.376962: sched_wakeup: comm=kworker/0:2 pid=568 prio=120 target_cpu=000
   kworker/u16:2-49      [000] d.... 20007.377001: sched_switch: prev_comm=kworker/u16:2 prev_pid=49 prev_prio=120 prev_state=R+ ==> next_comm=kworker/0:2 next_pid=568 next_prio=120
     kworker/0:2-568     [000] d.... 20007.377027: sched_switch: prev_comm=kworker/0:2 prev_pid=568 prev_prio=120 prev_state=I ==> next_comm=kworker/u16:2 next_pid=49 next_prio=120
   kworker/u16:2-49      [000] d.... 20007.377057: sched_switch: prev_comm=kworker/u16:2 prev_pid=49 prev_prio=120 prev_state=D ==> next_comm=swapper/0 next_pid=0 next_prio=120
          <idle>-0       [003] dnh.. 20007.377084: sched_wakeup: comm=irq/113-mmc0 pid=73 prio=49 target_cpu=003
          <idle>-0       [003] d.... 20007.377137: sched_switch: prev_comm=swapper/3 prev_pid=0 prev_prio=120 prev_state=R ==> next_comm=irq/113-mmc0 next_pid=73 next_prio=49
    irq/113-mmc0-73      [003] d.... 20007.377181: sched_switch: prev_comm=irq/113-mmc0 prev_pid=73 prev_prio=49 prev_state=S ==> next_comm=swapper/3 next_pid=0 next_prio=120
          <idle>-0       [000] dnh.. 20007.377190: sched_wakeup: comm=kworker/u16:2 pid=49 prio=120 target_cpu=000
          <idle>-0       [000] d.... 20007.377208: sched_switch: prev_comm=swapper/0 prev_pid=0 prev_prio=120 prev_state=R ==> next_comm=kworker/u16:2 next_pid=49 next_prio=120
   kworker/u16:2-49      [000] d.s.. 20007.378091: sched_wakeup: comm=kworker/0:2 pid=568 prio=120 target_cpu=000
   kworker/u16:2-49      [000] d.... 20007.378157: sched_switch: prev_comm=kworker/u16:2 prev_pid=49 prev_prio=120 prev_state=D ==> next_comm=kworker/0:2 next_pid=568 next_prio=120
     kworker/0:2-568     [000] d.... 20007.378191: sched_switch: prev_comm=kworker/0:2 prev_pid=568 prev_prio=120 prev_state=I ==> next_comm=swapper/0 next_pid=0 next_prio=120
          <idle>-0       [003] dnh.. 20007.378205: sched_wakeup: comm=irq/113-mmc0 pid=73 prio=49 target_cpu=003
          <idle>-0       [003] d.... 20007.378226: sched_switch: prev_comm=swapper/3 prev_pid=0 prev_prio=120 prev_state=R ==> next_comm=irq/113-mmc0 next_pid=73 next_prio=49
    irq/113-mmc0-73      [003] d.... 20007.378267: sched_switch: prev_comm=irq/113-mmc0 prev_pid=73 prev_prio=49 prev_state=S ==> next_comm=swapper/3 next_pid=0 next_prio=120
          <idle>-0       [000] dnh.. 20007.378276: sched_wakeup: comm=kworker/u16:2 pid=49 prio=120 target_cpu=000
          <idle>-0       [000] d.... 20007.378294: sched_switch: prev_comm=swapper/0 prev_pid=0 prev_prio=120 prev_state=R ==> next_comm=kworker/u16:2 next_pid=49 next_prio=120
   kworker/u16:2-49      [000] dns.. 20007.379157: sched_wakeup: comm=kworker/0:2 pid=568 prio=120 target_cpu=000
   kworker/u16:2-49      [000] d.... 20007.379180: sched_switch: prev_comm=kworker/u16:2 prev_pid=49 prev_prio=120 prev_state=R+ ==> next_comm=kworker/0:2 next_pid=568 next_prio=120
     kworker/0:2-568     [000] d.... 20007.379199: sched_switch: prev_comm=kworker/0:2 prev_pid=568 prev_prio=120 prev_state=D ==> next_comm=kworker/u16:2 next_pid=49 next_prio=120
   kworker/u16:2-49      [000] d.... 20007.379211: sched_wakeup: comm=kworker/0:2 pid=568 prio=120 target_cpu=000
   kworker/u16:2-49      [000] d.... 20007.379252: sched_switch: prev_comm=kworker/u16:2 prev_pid=49 prev_prio=120 prev_state=D ==> next_comm=kworker/0:2 next_pid=568 next_prio=120
     kworker/0:2-568     [000] d.... 20007.379280: sched_switch: prev_comm=kworker/0:2 prev_pid=568 prev_prio=120 prev_state=I ==> next_comm=swapper/0 next_pid=0 next_prio=120
          <idle>-0       [003] dnh.. 20007.379293: sched_wakeup: comm=irq/113-mmc0 pid=73 prio=49 target_cpu=003
          <idle>-0       [003] d.... 20007.379313: sched_switch: prev_comm=swapper/3 prev_pid=0 prev_prio=120 prev_state=R ==> next_comm=irq/113-mmc0 next_pid=73 next_prio=49
    irq/113-mmc0-73      [003] d.... 20007.379350: sched_switch: prev_comm=irq/113-mmc0 prev_pid=73 prev_prio=49 prev_state=S ==> next_comm=swapper/3 next_pid=0 next_prio=120
          <idle>-0       [000] dnh.. 20007.379361: sched_wakeup: comm=kworker/u16:2 pid=49 prio=120 target_cpu=000
          <idle>-0       [000] d.... 20007.379379: sched_switch: prev_comm=swapper/0 prev_pid=0 prev_prio=120 prev_state=R ==> next_comm=kworker/u16:2 next_pid=49 next_prio=120
   kworker/u16:2-49      [000] dns.. 20007.380235: sched_wakeup: comm=kworker/0:2 pid=568 prio=120 target_cpu=000
   kworker/u16:2-49      [000] d.... 20007.380257: sched_switch: prev_comm=kworker/u16:2 prev_pid=49 prev_prio=120 prev_state=R+ ==> next_comm=kworker/0:2 next_pid=568 next_prio=120
     kworker/0:2-568     [000] d.... 20007.380275: sched_switch: prev_comm=kworker/0:2 prev_pid=568 prev_prio=120 prev_state=D ==> next_comm=kworker/u16:2 next_pid=49 next_prio=120
   kworker/u16:2-49      [000] d.... 20007.380285: sched_wakeup: comm=kworker/0:2 pid=568 prio=120 target_cpu=000
   kworker/u16:2-49      [000] d.... 20007.380325: sched_switch: prev_comm=kworker/u16:2 prev_pid=49 prev_prio=120 prev_state=D ==> next_comm=kworker/0:2 next_pid=568 next_prio=120
     kworker/0:2-568     [000] d.... 20007.380351: sched_switch: prev_comm=kworker/0:2 prev_pid=568 prev_prio=120 prev_state=I ==> next_comm=swapper/0 next_pid=0 next_prio=120
          <idle>-0       [003] dnh.. 20007.380391: sched_wakeup: comm=irq/113-mmc0 pid=73 prio=49 target_cpu=003
          <idle>-0       [003] d.... 20007.380408: sched_switch: prev_comm=swapper/3 prev_pid=0 prev_prio=120 prev_state=R ==> next_comm=irq/113-mmc0 next_pid=73 next_prio=49
    irq/113-mmc0-73      [003] d.... 20007.380446: sched_switch: prev_comm=irq/113-mmc0 prev_pid=73 prev_prio=49 prev_state=S ==> next_comm=swapper/3 next_pid=0 next_prio=120
          <idle>-0       [000] dnh.. 20007.380462: sched_wakeup: comm=kworker/u16:2 pid=49 prio=120 target_cpu=000
          <idle>-0       [000] d.... 20007.380480: sched_switch: prev_comm=swapper/0 prev_pid=0 prev_prio=120 prev_state=R ==> next_comm=kworker/u16:2 next_pid=49 next_prio=120
          <idle>-0       [001] dns.. 20007.382126: sched_wakeup: comm=kworker/1:0 pid=592 prio=120 target_cpu=001
          <idle>-0       [003] dns.. 20007.382158: sched_wakeup: comm=kworker/3:1 pid=570 prio=120 target_cpu=003
          <idle>-0       [003] d.... 20007.382184: sched_switch: prev_comm=swapper/3 prev_pid=0 prev_prio=120 prev_state=R ==> next_comm=kworker/3:1 next_pid=570 next_prio=120
     kworker/3:1-570     [003] d.... 20007.382223: sched_switch: prev_comm=kworker/3:1 prev_pid=570 prev_prio=120 prev_state=I ==> next_comm=swapper/3 next_pid=0 next_prio=120
   kworker/u16:2-49      [000] d.... 20007.382246: sched_switch: prev_comm=kworker/u16:2 prev_pid=49 prev_prio=120 prev_state=D ==> next_comm=swapper/0 next_pid=0 next_prio=120
          <idle>-0       [003] dnh.. 20007.382269: sched_wakeup: comm=irq/113-mmc0 pid=73 prio=49 target_cpu=003
          <idle>-0       [001] d.... 20007.382293: sched_switch: prev_comm=swapper/1 prev_pid=0 prev_prio=120 prev_state=R ==> next_comm=kworker/1:0 next_pid=592 next_prio=120
          <idle>-0       [003] d.... 20007.382324: sched_switch: prev_comm=swapper/3 prev_pid=0 prev_prio=120 prev_state=R ==> next_comm=irq/113-mmc0 next_pid=73 next_prio=49
     kworker/1:0-592     [001] d.... 20007.382347: sched_switch: prev_comm=kworker/1:0 prev_pid=592 prev_prio=120 prev_state=I ==> next_comm=swapper/1 next_pid=0 next_prio=120
    irq/113-mmc0-73      [003] d.... 20007.382361: sched_switch: prev_comm=irq/113-mmc0 prev_pid=73 prev_prio=49 prev_state=S ==> next_comm=swapper/3 next_pid=0 next_prio=120
          <idle>-0       [000] dnh.. 20007.382376: sched_wakeup: comm=kworker/u16:2 pid=49 prio=120 target_cpu=000
          <idle>-0       [000] d.... 20007.382399: sched_switch: prev_comm=swapper/0 prev_pid=0 prev_prio=120 prev_state=R ==> next_comm=kworker/u16:2 next_pid=49 next_prio=120
   kworker/u16:2-49      [000] dns.. 20007.383999: sched_wakeup: comm=kworker/0:2 pid=568 prio=120 target_cpu=000
   kworker/u16:2-49      [000] d.... 20007.384024: sched_switch: prev_comm=kworker/u16:2 prev_pid=49 prev_prio=120 prev_state=R+ ==> next_comm=kworker/0:2 next_pid=568 next_prio=120
     kworker/0:2-568     [000] d.... 20007.384044: sched_switch: prev_comm=kworker/0:2 prev_pid=568 prev_prio=120 prev_state=D ==> next_comm=kworker/u16:2 next_pid=49 next_prio=120
   kworker/u16:2-49      [000] d.... 20007.384057: sched_wakeup: comm=kworker/0:2 pid=568 prio=120 target_cpu=000
   kworker/u16:2-49      [000] d.... 20007.384104: sched_switch: prev_comm=kworker/u16:2 prev_pid=49 prev_prio=120 prev_state=D ==> next_comm=kworker/0:2 next_pid=568 next_prio=120
     kworker/0:2-568     [000] d.... 20007.384134: sched_switch: prev_comm=kworker/0:2 prev_pid=568 prev_prio=120 prev_state=I ==> next_comm=swapper/0 next_pid=0 next_prio=120
          <idle>-0       [003] dnh.. 20007.384144: sched_wakeup: comm=irq/113-mmc0 pid=73 prio=49 target_cpu=003
          <idle>-0       [003] d.... 20007.384164: sched_switch: prev_comm=swapper/3 prev_pid=0 prev_prio=120 prev_state=R ==> next_comm=irq/113-mmc0 next_pid=73 next_prio=49
    irq/113-mmc0-73      [003] d.... 20007.384201: sched_switch: prev_comm=irq/113-mmc0 prev_pid=73 prev_prio=49 prev_state=S ==> next_comm=swapper/3 next_pid=0 next_prio=120
          <idle>-0       [000] dnh.. 20007.384212: sched_wakeup: comm=kworker/u16:2 pid=49 prio=120 target_cpu=000
          <idle>-0       [000] d.... 20007.384230: sched_switch: prev_comm=swapper/0 prev_pid=0 prev_prio=120 prev_state=R ==> next_comm=kworker/u16:2 next_pid=49 next_prio=120
   kworker/u16:2-49      [000] dns.. 20007.386599: sched_wakeup: comm=kworker/0:2 pid=568 prio=120 target_cpu=000
   kworker/u16:2-49      [000] d.... 20007.386624: sched_switch: prev_comm=kworker/u16:2 prev_pid=49 prev_prio=120 prev_state=R+ ==> next_comm=kworker/0:2 next_pid=568 next_prio=120
     kworker/0:2-568     [000] d.... 20007.386645: sched_switch: prev_comm=kworker/0:2 prev_pid=568 prev_prio=120 prev_state=D ==> next_comm=kworker/u16:2 next_pid=49 next_prio=120
   kworker/u16:2-49      [000] d.... 20007.386659: sched_wakeup: comm=kworker/0:2 pid=568 prio=120 target_cpu=000
   kworker/u16:2-49      [000] d.... 20007.386711: sched_switch: prev_comm=kworker/u16:2 prev_pid=49 prev_prio=120 prev_state=D ==> next_comm=kworker/0:2 next_pid=568 next_prio=120
     kworker/0:2-568     [000] d.... 20007.386750: sched_switch: prev_comm=kworker/0:2 prev_pid=568 prev_prio=120 prev_state=I ==> next_comm=swapper/0 next_pid=0 next_prio=120
          <idle>-0       [003] dnh.. 20007.386791: sched_wakeup: comm=irq/113-mmc0 pid=73 prio=49 target_cpu=003
          <idle>-0       [003] d.... 20007.386835: sched_switch: prev_comm=swapper/3 prev_pid=0 prev_prio=120 prev_state=R ==> next_comm=irq/113-mmc0 next_pid=73 next_prio=49
    irq/113-mmc0-73      [003] d.... 20007.386904: sched_switch: prev_comm=irq/113-mmc0 prev_pid=73 prev_prio=49 prev_state=S ==> next_comm=swapper/3 next_pid=0 next_prio=120
          <idle>-0       [000] dnh.. 20007.386908: sched_wakeup: comm=kworker/u16:2 pid=49 prio=120 target_cpu=000
          <idle>-0       [000] d.... 20007.386926: sched_switch: prev_comm=swapper/0 prev_pid=0 prev_prio=120 prev_state=R ==> next_comm=kworker/u16:2 next_pid=49 next_prio=120
   kworker/u16:2-49      [000] d.... 20007.391536: sched_switch: prev_comm=kworker/u16:2 prev_pid=49 prev_prio=120 prev_state=I ==> next_comm=swapper/0 next_pid=0 next_prio=120
          <idle>-0       [001] dns.. 20007.391606: sched_wakeup: comm=kworker/1:0 pid=592 prio=120 target_cpu=001
          <idle>-0       [001] dns.. 20007.391817: sched_wakeup: comm=ksoftirqd/1 pid=22 prio=120 target_cpu=001
          <idle>-0       [001] d.... 20007.391860: sched_switch: prev_comm=swapper/1 prev_pid=0 prev_prio=120 prev_state=R ==> next_comm=ksoftirqd/1 next_pid=22 next_prio=120
     ksoftirqd/1-22      [001] d.... 20007.391917: sched_switch: prev_comm=ksoftirqd/1 prev_pid=22 prev_prio=120 prev_state=S ==> next_comm=kworker/1:0 next_pid=592 next_prio=120
     kworker/1:0-592     [001] d.... 20007.392080: sched_switch: prev_comm=kworker/1:0 prev_pid=592 prev_prio=120 prev_state=I ==> next_comm=swapper/1 next_pid=0 next_prio=120
          <idle>-0       [003] dnh.. 20007.392080: sched_wakeup: comm=irq/113-mmc0 pid=73 prio=49 target_cpu=003
          <idle>-0       [003] d.... 20007.392165: sched_switch: prev_comm=swapper/3 prev_pid=0 prev_prio=120 prev_state=R ==> next_comm=irq/113-mmc0 next_pid=73 next_prio=49
    irq/113-mmc0-73      [003] d.... 20007.392259: sched_wakeup: comm=kworker/3:1H pid=77 prio=100 target_cpu=003
    irq/113-mmc0-73      [003] d.... 20007.392300: sched_switch: prev_comm=irq/113-mmc0 prev_pid=73 prev_prio=49 prev_state=S ==> next_comm=kworker/3:1H next_pid=77 next_prio=100
          <idle>-0       [000] dnh.. 20007.392512: sched_wakeup: comm=kworker/u16:2 pid=49 prio=120 target_cpu=000
    kworker/3:1H-77      [003] d.... 20007.392520: sched_switch: prev_comm=kworker/3:1H prev_pid=77 prev_prio=100 prev_state=I ==> next_comm=swapper/3 next_pid=0 next_prio=120
          <idle>-0       [000] d.... 20007.392543: sched_switch: prev_comm=swapper/0 prev_pid=0 prev_prio=120 prev_state=R ==> next_comm=kworker/u16:2 next_pid=49 next_prio=120
   kworker/u16:2-49      [000] d.... 20007.392672: sched_switch: prev_comm=kworker/u16:2 prev_pid=49 prev_prio=120 prev_state=I ==> next_comm=swapper/0 next_pid=0 next_prio=120
          <idle>-0       [001] dns.. 20007.451690: sched_wakeup: comm=kworker/1:0 pid=592 prio=120 target_cpu=001
          <idle>-0       [001] d.... 20007.451770: sched_switch: prev_comm=swapper/1 prev_pid=0 prev_prio=120 prev_state=R ==> next_comm=kworker/1:0 next_pid=592 next_prio=120
          <idle>-0       [000] dnH.. 20007.451786: sched_wakeup: comm=kworker/u16:2 pid=49 prio=120 target_cpu=000
     kworker/1:0-592     [001] d.h.. 20007.451830: sched_wakeup: comm=kworker/1:0 pid=592 prio=120 target_cpu=001
     kworker/1:0-592     [001] d.... 20007.451890: sched_switch: prev_comm=kworker/1:0 prev_pid=592 prev_prio=120 prev_state=D ==> next_comm=swapper/1 next_pid=0 next_prio=120
          <idle>-0       [000] d.... 20007.451909: sched_switch: prev_comm=swapper/0 prev_pid=0 prev_prio=120 prev_state=R ==> next_comm=kworker/u16:2 next_pid=49 next_prio=120
          <idle>-0       [001] dnh.. 20007.451943: sched_wakeup: comm=kworker/1:0 pid=592 prio=120 target_cpu=001
          <idle>-0       [001] d.... 20007.451963: sched_switch: prev_comm=swapper/1 prev_pid=0 prev_prio=120 prev_state=R ==> next_comm=kworker/1:0 next_pid=592 next_prio=120
     kworker/1:0-592     [001] d.... 20007.452005: sched_switch: prev_comm=kworker/1:0 prev_pid=592 prev_prio=120 prev_state=I ==> next_comm=swapper/1 next_pid=0 next_prio=120
   kworker/u16:2-49      [000] d.... 20007.452060: sched_switch: prev_comm=kworker/u16:2 prev_pid=49 prev_prio=120 prev_state=I ==> next_comm=swapper/0 next_pid=0 next_prio=120
          <idle>-0       [000] dnH.. 20007.521807: sched_wakeup: comm=kworker/u16:2 pid=49 prio=120 target_cpu=000
          <idle>-0       [000] d.... 20007.521906: sched_switch: prev_comm=swapper/0 prev_pid=0 prev_prio=120 prev_state=R ==> next_comm=kworker/u16:2 next_pid=49 next_prio=120
   kworker/u16:2-49      [000] d.... 20007.521966: sched_switch: prev_comm=kworker/u16:2 prev_pid=49 prev_prio=120 prev_state=I ==> next_comm=swapper/0 next_pid=0 next_prio=120
          <idle>-0       [001] dns.. 20007.591701: sched_wakeup: comm=kworker/1:0 pid=592 prio=120 target_cpu=001
          <idle>-0       [001] d.... 20007.591763: sched_switch: prev_comm=swapper/1 prev_pid=0 prev_prio=120 prev_state=R ==> next_comm=kworker/1:0 next_pid=592 next_prio=120
     kworker/1:0-592     [001] d.... 20007.591817: sched_switch: prev_comm=kworker/1:0 prev_pid=592 prev_prio=120 prev_state=I ==> next_comm=swapper/1 next_pid=0 next_prio=120
          <idle>-0       [000] dnH.. 20007.601796: sched_wakeup: comm=kworker/u16:2 pid=49 prio=120 target_cpu=000
          <idle>-0       [000] d.... 20007.601881: sched_switch: prev_comm=swapper/0 prev_pid=0 prev_prio=120 prev_state=R ==> next_comm=kworker/u16:2 next_pid=49 next_prio=120
   kworker/u16:2-49      [000] d.... 20007.601941: sched_switch: prev_comm=kworker/u16:2 prev_pid=49 prev_prio=120 prev_state=I ==> next_comm=swapper/0 next_pid=0 next_prio=120
          <idle>-0       [000] dnH.. 20007.691780: sched_wakeup: comm=kcompactd0 pid=44 prio=120 target_cpu=000
          <idle>-0       [000] d.... 20007.691885: sched_switch: prev_comm=swapper/0 prev_pid=0 prev_prio=120 prev_state=R ==> next_comm=kcompactd0 next_pid=44 next_prio=120
      kcompactd0-44      [000] d.... 20007.691948: sched_switch: prev_comm=kcompactd0 prev_pid=44 prev_prio=120 prev_state=S ==> next_comm=swapper/0 next_pid=0 next_prio=120
          <idle>-0       [001] dns.. 20007.801674: sched_wakeup: comm=kworker/1:0 pid=592 prio=120 target_cpu=001
          <idle>-0       [001] d.... 20007.801727: sched_switch: prev_comm=swapper/1 prev_pid=0 prev_prio=120 prev_state=R ==> next_comm=kworker/1:0 next_pid=592 next_prio=120
     kworker/1:0-592     [001] d.... 20007.801773: sched_switch: prev_comm=kworker/1:0 prev_pid=592 prev_prio=120 prev_state=I ==> next_comm=swapper/1 next_pid=0 next_prio=120
          <idle>-0       [001] dns.. 20007.851673: sched_wakeup: comm=kworker/1:0 pid=592 prio=120 target_cpu=001
          <idle>-0       [001] d.... 20007.851725: sched_switch: prev_comm=swapper/1 prev_pid=0 prev_prio=120 prev_state=R ==> next_comm=kworker/1:0 next_pid=592 next_prio=120
     kworker/1:0-592     [001] d.... 20007.851808: sched_switch: prev_comm=kworker/1:0 prev_pid=592 prev_prio=120 prev_state=I ==> next_comm=swapper/1 next_pid=0 next_prio=120
          <idle>-0       [001] dns.. 20008.011670: sched_wakeup: comm=kworker/1:0 pid=592 prio=120 target_cpu=001
          <idle>-0       [001] d.... 20008.011732: sched_switch: prev_comm=swapper/1 prev_pid=0 prev_prio=120 prev_state=R ==> next_comm=kworker/1:0 next_pid=592 next_prio=120
     kworker/1:0-592     [001] d.... 20008.011777: sched_switch: prev_comm=kworker/1:0 prev_pid=592 prev_prio=120 prev_state=I ==> next_comm=swapper/1 next_pid=0 next_prio=120
          <idle>-0       [000] dnH.. 20008.201801: sched_wakeup: comm=kcompactd0 pid=44 prio=120 target_cpu=000
          <idle>-0       [000] dns.. 20008.201863: sched_wakeup: comm=kworker/0:2 pid=568 prio=120 target_cpu=000
          <idle>-0       [000] d.... 20008.201972: sched_switch: prev_comm=swapper/0 prev_pid=0 prev_prio=120 prev_state=R ==> next_comm=kcompactd0 next_pid=44 next_prio=120
      kcompactd0-44      [000] d.... 20008.202036: sched_switch: prev_comm=kcompactd0 prev_pid=44 prev_prio=120 prev_state=S ==> next_comm=kworker/0:2 next_pid=568 next_prio=120
     kworker/0:2-568     [000] d.... 20008.202111: sched_switch: prev_comm=kworker/0:2 prev_pid=568 prev_prio=120 prev_state=I ==> next_comm=swapper/0 next_pid=0 next_prio=120
          <idle>-0       [003] dnh.. 20008.202132: sched_wakeup: comm=kworker/3:1 pid=570 prio=120 target_cpu=003
          <idle>-0       [003] d.... 20008.202174: sched_switch: prev_comm=swapper/3 prev_pid=0 prev_prio=120 prev_state=R ==> next_comm=kworker/3:1 next_pid=570 next_prio=120
     kworker/3:1-570     [003] d.... 20008.202235: sched_switch: prev_comm=kworker/3:1 prev_pid=570 prev_prio=120 prev_state=I ==> next_comm=swapper/3 next_pid=0 next_prio=120
          <idle>-0       [001] dns.. 20008.221691: sched_wakeup: comm=kworker/1:0 pid=592 prio=120 target_cpu=001
          <idle>-0       [001] d.... 20008.221738: sched_switch: prev_comm=swapper/1 prev_pid=0 prev_prio=120 prev_state=R ==> next_comm=kworker/1:0 next_pid=592 next_prio=120
     kworker/1:0-592     [001] d.... 20008.221787: sched_switch: prev_comm=kworker/1:0 prev_pid=592 prev_prio=120 prev_state=I ==> next_comm=swapper/1 next_pid=0 next_prio=120
          <idle>-0       [001] dns.. 20008.431693: sched_wakeup: comm=kworker/1:0 pid=592 prio=120 target_cpu=001
          <idle>-0       [001] d.... 20008.431746: sched_switch: prev_comm=swapper/1 prev_pid=0 prev_prio=120 prev_state=R ==> next_comm=kworker/1:0 next_pid=592 next_prio=120
          <idle>-0       [002] dns.. 20008.431772: sched_wakeup: comm=kworker/2:0 pid=557 prio=120 target_cpu=002
     kworker/1:0-592     [001] d.... 20008.431793: sched_switch: prev_comm=kworker/1:0 prev_pid=592 prev_prio=120 prev_state=I ==> next_comm=swapper/1 next_pid=0 next_prio=120
          <idle>-0       [002] d.... 20008.431877: sched_switch: prev_comm=swapper/2 prev_pid=0 prev_prio=120 prev_state=R ==> next_comm=kworker/2:0 next_pid=557 next_prio=120
     kworker/2:0-557     [002] d.... 20008.431963: sched_switch: prev_comm=kworker/2:0 prev_pid=557 prev_prio=120 prev_state=I ==> next_comm=swapper/2 next_pid=0 next_prio=120
          <idle>-0       [001] dns.. 20008.641674: sched_wakeup: comm=kworker/1:0 pid=592 prio=120 target_cpu=001
          <idle>-0       [001] d.... 20008.641728: sched_switch: prev_comm=swapper/1 prev_pid=0 prev_prio=120 prev_state=R ==> next_comm=kworker/1:0 next_pid=592 next_prio=120
     kworker/1:0-592     [001] d.... 20008.641774: sched_switch: prev_comm=kworker/1:0 prev_pid=592 prev_prio=120 prev_state=I ==> next_comm=swapper/1 next_pid=0 next_prio=120
          <idle>-0       [000] dnH.. 20008.711808: sched_wakeup: comm=kcompactd0 pid=44 prio=120 target_cpu=000
          <idle>-0       [003] dnh.. 20008.711986: sched_wakeup: comm=kworker/u16:2 pid=49 prio=120 target_cpu=003
          <idle>-0       [000] d.... 20008.712000: sched_switch: prev_comm=swapper/0 prev_pid=0 prev_prio=120 prev_state=R ==> next_comm=kcompactd0 next_pid=44 next_prio=120
          <idle>-0       [003] d.... 20008.712066: sched_switch: prev_comm=swapper/3 prev_pid=0 prev_prio=120 prev_state=R ==> next_comm=kworker/u16:2 next_pid=49 next_prio=120
      kcompactd0-44      [000] d.... 20008.712075: sched_switch: prev_comm=kcompactd0 prev_pid=44 prev_prio=120 prev_state=S ==> next_comm=swapper/0 next_pid=0 next_prio=120
   kworker/u16:2-49      [003] d.... 20008.712300: sched_switch: prev_comm=kworker/u16:2 prev_pid=49 prev_prio=120 prev_state=I ==> next_comm=swapper/3 next_pid=0 next_prio=120
          <idle>-0       [001] dns.. 20008.851691: sched_wakeup: comm=kworker/1:0 pid=592 prio=120 target_cpu=001
          <idle>-0       [001] d.... 20008.851747: sched_switch: prev_comm=swapper/1 prev_pid=0 prev_prio=120 prev_state=R ==> next_comm=kworker/1:0 next_pid=592 next_prio=120
     kworker/1:0-592     [001] d.... 20008.851797: sched_switch: prev_comm=kworker/1:0 prev_pid=592 prev_prio=120 prev_state=I ==> next_comm=swapper/1 next_pid=0 next_prio=120
          <idle>-0       [001] dns.. 20008.891691: sched_wakeup: comm=kworker/1:0 pid=592 prio=120 target_cpu=001
          <idle>-0       [001] d.... 20008.891743: sched_switch: prev_comm=swapper/1 prev_pid=0 prev_prio=120 prev_state=R ==> next_comm=kworker/1:0 next_pid=592 next_prio=120
     kworker/1:0-592     [001] d.... 20008.891822: sched_switch: prev_comm=kworker/1:0 prev_pid=592 prev_prio=120 prev_state=I ==> next_comm=swapper/1 next_pid=0 next_prio=120
          <idle>-0       [001] dns.. 20009.061687: sched_wakeup: comm=kworker/1:0 pid=592 prio=120 target_cpu=001
          <idle>-0       [001] d.... 20009.061739: sched_switch: prev_comm=swapper/1 prev_pid=0 prev_prio=120 prev_state=R ==> next_comm=kworker/1:0 next_pid=592 next_prio=120
          <idle>-0       [000] dns.. 20009.061756: sched_wakeup: comm=kworker/0:2 pid=568 prio=120 target_cpu=000
     kworker/1:0-592     [001] d.... 20009.061786: sched_switch: prev_comm=kworker/1:0 prev_pid=592 prev_prio=120 prev_state=I ==> next_comm=swapper/1 next_pid=0 next_prio=120
          <idle>-0       [000] d.... 20009.061860: sched_switch: prev_comm=swapper/0 prev_pid=0 prev_prio=120 prev_state=R ==> next_comm=kworker/0:2 next_pid=568 next_prio=120
     kworker/0:2-568     [000] d.... 20009.061961: sched_switch: prev_comm=kworker/0:2 prev_pid=568 prev_prio=120 prev_state=I ==> next_comm=swapper/0 next_pid=0 next_prio=120
          <idle>-0       [000] dnH.. 20009.221830: sched_wakeup: comm=kcompactd0 pid=44 prio=120 target_cpu=000
          <idle>-0       [000] d.... 20009.221960: sched_switch: prev_comm=swapper/0 prev_pid=0 prev_prio=120 prev_state=R ==> next_comm=kcompactd0 next_pid=44 next_prio=120
      kcompactd0-44      [000] d.... 20009.222030: sched_switch: prev_comm=kcompactd0 prev_pid=44 prev_prio=120 prev_state=S ==> next_comm=swapper/0 next_pid=0 next_prio=120
          <idle>-0       [001] dns.. 20009.271699: sched_wakeup: comm=kworker/1:0 pid=592 prio=120 target_cpu=001
          <idle>-0       [001] d.... 20009.271748: sched_switch: prev_comm=swapper/1 prev_pid=0 prev_prio=120 prev_state=R ==> next_comm=kworker/1:0 next_pid=592 next_prio=120
     kworker/1:0-592     [001] d.... 20009.271794: sched_switch: prev_comm=kworker/1:0 prev_pid=592 prev_prio=120 prev_state=I ==> next_comm=swapper/1 next_pid=0 next_prio=120
          <idle>-0       [002] dnh.. 20009.451764: sched_wakeup: comm=jbd2/mmcblk0-8 pid=79 prio=120 target_cpu=002
          <idle>-0       [002] d.... 20009.451835: sched_switch: prev_comm=swapper/2 prev_pid=0 prev_prio=120 prev_state=R ==> next_comm=jbd2/mmcblk0-8 next_pid=79 next_prio=120
  jbd2/mmcblk0-8-79      [002] d.... 20009.455731: sched_switch: prev_comm=jbd2/mmcblk0-8 prev_pid=79 prev_prio=120 prev_state=D ==> next_comm=swapper/2 next_pid=0 next_prio=120
          <idle>-0       [001] dns.. 20009.455741: sched_wakeup: comm=kworker/1:0 pid=592 prio=120 target_cpu=001
          <idle>-0       [001] d.... 20009.455815: sched_switch: prev_comm=swapper/1 prev_pid=0 prev_prio=120 prev_state=R ==> next_comm=kworker/1:0 next_pid=592 next_prio=120
     kworker/1:0-592     [001] d.... 20009.455863: sched_switch: prev_comm=kworker/1:0 prev_pid=592 prev_prio=120 prev_state=I ==> next_comm=swapper/1 next_pid=0 next_prio=120
          <idle>-0       [003] dnh.. 20009.455946: sched_wakeup: comm=irq/113-mmc0 pid=73 prio=49 target_cpu=003
          <idle>-0       [003] d.... 20009.456059: sched_switch: prev_comm=swapper/3 prev_pid=0 prev_prio=120 prev_state=R ==> next_comm=irq/113-mmc0 next_pid=73 next_prio=49
    irq/113-mmc0-73      [003] d.... 20009.456151: sched_wakeup: comm=kworker/3:1H pid=77 prio=100 target_cpu=003
    irq/113-mmc0-73      [003] d.... 20009.456194: sched_switch: prev_comm=irq/113-mmc0 prev_pid=73 prev_prio=49 prev_state=S ==> next_comm=kworker/3:1H next_pid=77 next_prio=100
          <idle>-0       [002] dnh.. 20009.456359: sched_wakeup: comm=jbd2/mmcblk0-8 pid=79 prio=120 target_cpu=002
          <idle>-0       [002] d.... 20009.456382: sched_switch: prev_comm=swapper/2 prev_pid=0 prev_prio=120 prev_state=R ==> next_comm=jbd2/mmcblk0-8 next_pid=79 next_prio=120
    kworker/3:1H-77      [003] d.... 20009.456432: sched_switch: prev_comm=kworker/3:1H prev_pid=77 prev_prio=100 prev_state=I ==> next_comm=swapper/3 next_pid=0 next_prio=120
  jbd2/mmcblk0-8-79      [002] d.s.. 20009.457409: sched_wakeup: comm=kworker/2:0 pid=557 prio=120 target_cpu=002
  jbd2/mmcblk0-8-79      [002] d.... 20009.457466: sched_switch: prev_comm=jbd2/mmcblk0-8 prev_pid=79 prev_prio=120 prev_state=D ==> next_comm=kworker/2:0 next_pid=557 next_prio=120
     kworker/2:0-557     [002] d.... 20009.457515: sched_switch: prev_comm=kworker/2:0 prev_pid=557 prev_prio=120 prev_state=I ==> next_comm=swapper/2 next_pid=0 next_prio=120
          <idle>-0       [003] dnh.. 20009.457551: sched_wakeup: comm=irq/113-mmc0 pid=73 prio=49 target_cpu=003
          <idle>-0       [003] d.... 20009.457577: sched_switch: prev_comm=swapper/3 prev_pid=0 prev_prio=120 prev_state=R ==> next_comm=irq/113-mmc0 next_pid=73 next_prio=49
    irq/113-mmc0-73      [003] d.... 20009.457624: sched_wakeup: comm=kworker/3:1H pid=77 prio=100 target_cpu=003
    irq/113-mmc0-73      [003] d.... 20009.457644: sched_switch: prev_comm=irq/113-mmc0 prev_pid=73 prev_prio=49 prev_state=S ==> next_comm=kworker/3:1H next_pid=77 next_prio=100
          <idle>-0       [002] dnh.. 20009.457723: sched_wakeup: comm=jbd2/mmcblk0-8 pid=79 prio=120 target_cpu=002
    kworker/3:1H-77      [003] d.... 20009.457736: sched_switch: prev_comm=kworker/3:1H prev_pid=77 prev_prio=100 prev_state=I ==> next_comm=swapper/3 next_pid=0 next_prio=120
          <idle>-0       [002] d.... 20009.457742: sched_switch: prev_comm=swapper/2 prev_pid=0 prev_prio=120 prev_state=R ==> next_comm=jbd2/mmcblk0-8 next_pid=79 next_prio=120
  jbd2/mmcblk0-8-79      [002] d.... 20009.457822: sched_switch: prev_comm=jbd2/mmcblk0-8 prev_pid=79 prev_prio=120 prev_state=S ==> next_comm=swapper/2 next_pid=0 next_prio=120
          <idle>-0       [001] dns.. 20009.481674: sched_wakeup: comm=kworker/1:0 pid=592 prio=120 target_cpu=001
          <idle>-0       [001] d.... 20009.481725: sched_switch: prev_comm=swapper/1 prev_pid=0 prev_prio=120 prev_state=R ==> next_comm=kworker/1:0 next_pid=592 next_prio=120
     kworker/1:0-592     [001] d.... 20009.481768: sched_switch: prev_comm=kworker/1:0 prev_pid=592 prev_prio=120 prev_state=I ==> next_comm=swapper/1 next_pid=0 next_prio=120
          <idle>-0       [001] dns.. 20009.531671: sched_wakeup: comm=kworker/1:0 pid=592 prio=120 target_cpu=001
          <idle>-0       [001] d.... 20009.531719: sched_switch: prev_comm=swapper/1 prev_pid=0 prev_prio=120 prev_state=R ==> next_comm=kworker/1:0 next_pid=592 next_prio=120
     kworker/1:0-592     [001] d.h.. 20009.531793: sched_wakeup: comm=kworker/1:0 pid=592 prio=120 target_cpu=001
     kworker/1:0-592     [001] d.... 20009.531846: sched_switch: prev_comm=kworker/1:0 prev_pid=592 prev_prio=120 prev_state=D ==> next_comm=swapper/1 next_pid=0 next_prio=120
          <idle>-0       [001] dnh.. 20009.531902: sched_wakeup: comm=kworker/1:0 pid=592 prio=120 target_cpu=001
          <idle>-0       [001] d.... 20009.531925: sched_switch: prev_comm=swapper/1 prev_pid=0 prev_prio=120 prev_state=R ==> next_comm=kworker/1:0 next_pid=592 next_prio=120
     kworker/1:0-592     [001] d.... 20009.531959: sched_switch: prev_comm=kworker/1:0 prev_pid=592 prev_prio=120 prev_state=I ==> next_comm=swapper/1 next_pid=0 next_prio=120
          <idle>-0       [003] dnh.. 20009.611767: sched_wakeup: comm=kworker/u16:2 pid=49 prio=120 target_cpu=003
          <idle>-0       [003] d.... 20009.611844: sched_switch: prev_comm=swapper/3 prev_pid=0 prev_prio=120 prev_state=R ==> next_comm=kworker/u16:2 next_pid=49 next_prio=120
   kworker/u16:2-49      [003] d.... 20009.611965: sched_switch: prev_comm=kworker/u16:2 prev_pid=49 prev_prio=120 prev_state=I ==> next_comm=swapper/3 next_pid=0 next_prio=120
          <idle>-0       [001] dns.. 20009.691670: sched_wakeup: comm=kworker/1:0 pid=592 prio=120 target_cpu=001
          <idle>-0       [001] d.... 20009.691720: sched_switch: prev_comm=swapper/1 prev_pid=0 prev_prio=120 prev_state=R ==> next_comm=kworker/1:0 next_pid=592 next_prio=120
     kworker/1:0-592     [001] d.... 20009.691769: sched_switch: prev_comm=kworker/1:0 prev_pid=592 prev_prio=120 prev_state=I ==> next_comm=swapper/1 next_pid=0 next_prio=120
          <idle>-0       [001] dnh.. 20009.705547: sched_wakeup: comm=raspbian_proc pid=608 prio=120 target_cpu=001
          <idle>-0       [001] d.... 20009.705584: sched_switch: prev_comm=swapper/1 prev_pid=0 prev_prio=120 prev_state=R ==> next_comm=raspbian_proc next_pid=608 next_prio=120
   raspbian_proc-608     [001] d.... 20009.705730: sched_wakeup: comm=kworker/1:0 pid=592 prio=120 target_cpu=001
   raspbian_proc-608     [001] d.... 20009.705828: sched_switch: prev_comm=raspbian_proc prev_pid=608 prev_prio=120 prev_state=S ==> next_comm=kworker/1:0 next_pid=592 next_prio=120
     kworker/1:0-592     [001] d.... 20009.705956: sched_switch: prev_comm=kworker/1:0 prev_pid=592 prev_prio=120 prev_state=I ==> next_comm=swapper/1 next_pid=0 next_prio=120
          <idle>-0       [000] dnh.. 20009.731771: sched_wakeup: comm=kcompactd0 pid=44 prio=120 target_cpu=000
          <idle>-0       [000] d.... 20009.731845: sched_switch: prev_comm=swapper/0 prev_pid=0 prev_prio=120 prev_state=R ==> next_comm=kcompactd0 next_pid=44 next_prio=120
      kcompactd0-44      [000] d.... 20009.731916: sched_switch: prev_comm=kcompactd0 prev_pid=44 prev_prio=120 prev_state=S ==> next_comm=swapper/0 next_pid=0 next_prio=120
          <idle>-0       [001] dns.. 20009.901682: sched_wakeup: comm=kworker/1:0 pid=592 prio=120 target_cpu=001
          <idle>-0       [001] d.... 20009.901741: sched_switch: prev_comm=swapper/1 prev_pid=0 prev_prio=120 prev_state=R ==> next_comm=kworker/1:0 next_pid=592 next_prio=120
     kworker/1:0-592     [001] d.... 20009.901791: sched_switch: prev_comm=kworker/1:0 prev_pid=592 prev_prio=120 prev_state=I ==> next_comm=swapper/1 next_pid=0 next_prio=120
          <idle>-0       [001] dns.. 20009.931672: sched_wakeup: comm=kworker/1:0 pid=592 prio=120 target_cpu=001
          <idle>-0       [001] d.... 20009.931727: sched_switch: prev_comm=swapper/1 prev_pid=0 prev_prio=120 prev_state=R ==> next_comm=kworker/1:0 next_pid=592 next_prio=120
     kworker/1:0-592     [001] d.... 20009.931807: sched_switch: prev_comm=kworker/1:0 prev_pid=592 prev_prio=120 prev_state=I ==> next_comm=swapper/1 next_pid=0 next_prio=120
          <idle>-0       [000] dns.. 20010.021756: sched_wakeup: comm=kworker/0:2 pid=568 prio=120 target_cpu=000
          <idle>-0       [000] d.... 20010.021868: sched_switch: prev_comm=swapper/0 prev_pid=0 prev_prio=120 prev_state=R ==> next_comm=kworker/0:2 next_pid=568 next_prio=120
     kworker/0:2-568     [000] d.... 20010.021938: sched_switch: prev_comm=kworker/0:2 prev_pid=568 prev_prio=120 prev_state=I ==> next_comm=swapper/0 next_pid=0 next_prio=120
          <idle>-0       [002] dnh.. 20010.094300: sched_wakeup: comm=sshd pid=562 prio=120 target_cpu=002
          <idle>-0       [002] d.... 20010.094379: sched_switch: prev_comm=swapper/2 prev_pid=0 prev_prio=120 prev_state=R ==> next_comm=sshd next_pid=562 next_prio=120
          <idle>-0       [003] dnh.. 20010.095616: sched_wakeup: comm=kworker/u16:2 pid=49 prio=120 target_cpu=003
          <idle>-0       [003] d.... 20010.095659: sched_switch: prev_comm=swapper/3 prev_pid=0 prev_prio=120 prev_state=R ==> next_comm=kworker/u16:2 next_pid=49 next_prio=120
   kworker/u16:2-49      [003] d.... 20010.095723: sched_switch: prev_comm=kworker/u16:2 prev_pid=49 prev_prio=120 prev_state=I ==> next_comm=swapper/3 next_pid=0 next_prio=120
          <idle>-0       [001] dnh.. 20010.095743: sched_wakeup: comm=bash pid=563 prio=120 target_cpu=001
          <idle>-0       [001] d.... 20010.095785: sched_switch: prev_comm=swapper/1 prev_pid=0 prev_prio=120 prev_state=R ==> next_comm=bash next_pid=563 next_prio=120
            sshd-562     [002] d.... 20010.095790: sched_switch: prev_comm=sshd prev_pid=562 prev_prio=120 prev_state=S ==> next_comm=swapper/2 next_pid=0 next_prio=120
          <idle>-0       [003] dnh.. 20010.098447: sched_wakeup: comm=kworker/u16:2 pid=49 prio=120 target_cpu=003
          <idle>-0       [003] d.... 20010.098487: sched_switch: prev_comm=swapper/3 prev_pid=0 prev_prio=120 prev_state=R ==> next_comm=kworker/u16:2 next_pid=49 next_prio=120
   kworker/u16:2-49      [003] d.... 20010.098563: sched_switch: prev_comm=kworker/u16:2 prev_pid=49 prev_prio=120 prev_state=I ==> next_comm=swapper/3 next_pid=0 next_prio=120
          <idle>-0       [002] dnh.. 20010.098652: sched_wakeup: comm=sshd pid=562 prio=120 target_cpu=002
          <idle>-0       [002] d.... 20010.098708: sched_switch: prev_comm=swapper/2 prev_pid=0 prev_prio=120 prev_state=R ==> next_comm=sshd next_pid=562 next_prio=120
            bash-563     [001] d.... 20010.098736: sched_switch: prev_comm=bash prev_pid=563 prev_prio=120 prev_state=S ==> next_comm=swapper/1 next_pid=0 next_prio=120
            sshd-562     [002] d.... 20010.100082: sched_switch: prev_comm=sshd prev_pid=562 prev_prio=120 prev_state=S ==> next_comm=swapper/2 next_pid=0 next_prio=120
          <idle>-0       [003] dns.. 20010.101707: sched_wakeup: comm=kworker/3:1 pid=570 prio=120 target_cpu=003
          <idle>-0       [003] d.... 20010.101747: sched_switch: prev_comm=swapper/3 prev_pid=0 prev_prio=120 prev_state=R ==> next_comm=kworker/3:1 next_pid=570 next_prio=120
     kworker/3:1-570     [003] d.... 20010.101801: sched_switch: prev_comm=kworker/3:1 prev_pid=570 prev_prio=120 prev_state=I ==> next_comm=swapper/3 next_pid=0 next_prio=120
          <idle>-0       [000] dns.. 20010.101820: sched_wakeup: comm=kworker/0:2 pid=568 prio=120 target_cpu=000
          <idle>-0       [000] d.... 20010.101935: sched_switch: prev_comm=swapper/0 prev_pid=0 prev_prio=120 prev_state=R ==> next_comm=kworker/0:2 next_pid=568 next_prio=120
     kworker/0:2-568     [000] d.... 20010.102057: sched_switch: prev_comm=kworker/0:2 prev_pid=568 prev_prio=120 prev_state=I ==> next_comm=swapper/0 next_pid=0 next_prio=120
          <idle>-0       [002] dnh.. 20010.102077: sched_wakeup: comm=kworker/2:0 pid=557 prio=120 target_cpu=002
          <idle>-0       [002] dns.. 20010.102354: sched_wakeup: comm=ksoftirqd/2 pid=27 prio=120 target_cpu=002
          <idle>-0       [002] d.... 20010.102434: sched_switch: prev_comm=swapper/2 prev_pid=0 prev_prio=120 prev_state=R ==> next_comm=kworker/2:0 next_pid=557 next_prio=120
     kworker/2:0-557     [002] d.... 20010.102522: sched_switch: prev_comm=kworker/2:0 prev_pid=557 prev_prio=120 prev_state=I ==> next_comm=ksoftirqd/2 next_pid=27 next_prio=120
     ksoftirqd/2-27      [002] d.... 20010.102761: sched_switch: prev_comm=ksoftirqd/2 prev_pid=27 prev_prio=120 prev_state=S ==> next_comm=swapper/2 next_pid=0 next_prio=120
          <idle>-0       [001] dns.. 20010.111703: sched_wakeup: comm=kworker/1:0 pid=592 prio=120 target_cpu=001
          <idle>-0       [001] d.... 20010.111759: sched_switch: prev_comm=swapper/1 prev_pid=0 prev_prio=120 prev_state=R ==> next_comm=kworker/1:0 next_pid=592 next_prio=120
     kworker/1:0-592     [001] d.... 20010.111812: sched_switch: prev_comm=kworker/1:0 prev_pid=592 prev_prio=120 prev_state=I ==> next_comm=swapper/1 next_pid=0 next_prio=120
          <idle>-0       [001] dnh.. 20010.241697: sched_wakeup: comm=kworker/1:0 pid=592 prio=120 target_cpu=001
          <idle>-0       [000] dnH.. 20010.241787: sched_wakeup: comm=kcompactd0 pid=44 prio=120 target_cpu=000
          <idle>-0       [001] d.... 20010.241792: sched_switch: prev_comm=swapper/1 prev_pid=0 prev_prio=120 prev_state=R ==> next_comm=kworker/1:0 next_pid=592 next_prio=120
     kworker/1:0-592     [001] d.... 20010.241851: sched_switch: prev_comm=kworker/1:0 prev_pid=592 prev_prio=120 prev_state=I ==> next_comm=swapper/1 next_pid=0 next_prio=120
          <idle>-0       [000] d.... 20010.241913: sched_switch: prev_comm=swapper/0 prev_pid=0 prev_prio=120 prev_state=R ==> next_comm=kcompactd0 next_pid=44 next_prio=120
      kcompactd0-44      [000] d.... 20010.241979: sched_switch: prev_comm=kcompactd0 prev_pid=44 prev_prio=120 prev_state=S ==> next_comm=swapper/0 next_pid=0 next_prio=120
          <idle>-0       [001] dns.. 20010.321699: sched_wakeup: comm=kworker/1:0 pid=592 prio=120 target_cpu=001
          <idle>-0       [001] d.... 20010.321779: sched_switch: prev_comm=swapper/1 prev_pid=0 prev_prio=120 prev_state=R ==> next_comm=kworker/1:0 next_pid=592 next_prio=120
     kworker/1:0-592     [001] d.... 20010.321829: sched_switch: prev_comm=kworker/1:0 prev_pid=592 prev_prio=120 prev_state=I ==> next_comm=swapper/1 next_pid=0 next_prio=120
          <idle>-0       [002] dns.. 20010.343383: sched_wakeup: comm=sshd pid=562 prio=120 target_cpu=002
          <idle>-0       [002] d.... 20010.343492: sched_switch: prev_comm=swapper/2 prev_pid=0 prev_prio=120 prev_state=R ==> next_comm=sshd next_pid=562 next_prio=120
          <idle>-0       [003] dnh.. 20010.344371: sched_wakeup: comm=kworker/u16:2 pid=49 prio=120 target_cpu=003
            sshd-562     [002] d.... 20010.344429: sched_switch: prev_comm=sshd prev_pid=562 prev_prio=120 prev_state=S ==> next_comm=swapper/2 next_pid=0 next_prio=120
          <idle>-0       [003] d.... 20010.344458: sched_switch: prev_comm=swapper/3 prev_pid=0 prev_prio=120 prev_state=R ==> next_comm=kworker/u16:2 next_pid=49 next_prio=120
          <idle>-0       [001] dnh.. 20010.344558: sched_wakeup: comm=bash pid=563 prio=120 target_cpu=001
   kworker/u16:2-49      [003] d.... 20010.344566: sched_switch: prev_comm=kworker/u16:2 prev_pid=49 prev_prio=120 prev_state=I ==> next_comm=swapper/3 next_pid=0 next_prio=120
          <idle>-0       [001] d.... 20010.344599: sched_switch: prev_comm=swapper/1 prev_pid=0 prev_prio=120 prev_state=R ==> next_comm=bash next_pid=563 next_prio=120
          <idle>-0       [003] dnh.. 20010.344997: sched_wakeup: comm=kworker/u16:2 pid=49 prio=120 target_cpu=003
          <idle>-0       [003] d.... 20010.345041: sched_switch: prev_comm=swapper/3 prev_pid=0 prev_prio=120 prev_state=R ==> next_comm=kworker/u16:2 next_pid=49 next_prio=120
   kworker/u16:2-49      [003] d.... 20010.345118: sched_switch: prev_comm=kworker/u16:2 prev_pid=49 prev_prio=120 prev_state=I ==> next_comm=swapper/3 next_pid=0 next_prio=120
            bash-563     [001] d.... 20010.345140: sched_switch: prev_comm=bash prev_pid=563 prev_prio=120 prev_state=S ==> next_comm=swapper/1 next_pid=0 next_prio=120
          <idle>-0       [002] dnh.. 20010.345152: sched_wakeup: comm=sshd pid=562 prio=120 target_cpu=002
          <idle>-0       [002] d.... 20010.345231: sched_switch: prev_comm=swapper/2 prev_pid=0 prev_prio=120 prev_state=R ==> next_comm=sshd next_pid=562 next_prio=120
            sshd-562     [002] d.... 20010.346314: sched_switch: prev_comm=sshd prev_pid=562 prev_prio=120 prev_state=S ==> next_comm=swapper/2 next_pid=0 next_prio=120
          <idle>-0       [001] dns.. 20010.531705: sched_wakeup: comm=kworker/1:0 pid=592 prio=120 target_cpu=001
          <idle>-0       [001] d.... 20010.531769: sched_switch: prev_comm=swapper/1 prev_pid=0 prev_prio=120 prev_state=R ==> next_comm=kworker/1:0 next_pid=592 next_prio=120
     kworker/1:0-592     [001] d.... 20010.531827: sched_switch: prev_comm=kworker/1:0 prev_pid=592 prev_prio=120 prev_state=I ==> next_comm=swapper/1 next_pid=0 next_prio=120
          <idle>-0       [002] dns.. 20010.572731: sched_wakeup: comm=sshd pid=562 prio=120 target_cpu=002
          <idle>-0       [002] d.... 20010.572826: sched_switch: prev_comm=swapper/2 prev_pid=0 prev_prio=120 prev_state=R ==> next_comm=sshd next_pid=562 next_prio=120
          <idle>-0       [003] dnh.. 20010.573779: sched_wakeup: comm=kworker/u16:2 pid=49 prio=120 target_cpu=003
            sshd-562     [002] d.... 20010.573827: sched_switch: prev_comm=sshd prev_pid=562 prev_prio=120 prev_state=S ==> next_comm=swapper/2 next_pid=0 next_prio=120
          <idle>-0       [003] d.... 20010.573858: sched_switch: prev_comm=swapper/3 prev_pid=0 prev_prio=120 prev_state=R ==> next_comm=kworker/u16:2 next_pid=49 next_prio=120
          <idle>-0       [001] dnh.. 20010.573963: sched_wakeup: comm=bash pid=563 prio=120 target_cpu=001
   kworker/u16:2-49      [003] d.... 20010.573980: sched_switch: prev_comm=kworker/u16:2 prev_pid=49 prev_prio=120 prev_state=I ==> next_comm=swapper/3 next_pid=0 next_prio=120
          <idle>-0       [001] d.... 20010.574020: sched_switch: prev_comm=swapper/1 prev_pid=0 prev_prio=120 prev_state=R ==> next_comm=bash next_pid=563 next_prio=120
          <idle>-0       [003] dnh.. 20010.574366: sched_wakeup: comm=kworker/u16:2 pid=49 prio=120 target_cpu=003
            bash-563     [001] d.... 20010.574407: sched_switch: prev_comm=bash prev_pid=563 prev_prio=120 prev_state=S ==> next_comm=swapper/1 next_pid=0 next_prio=120
          <idle>-0       [003] d.... 20010.574452: sched_switch: prev_comm=swapper/3 prev_pid=0 prev_prio=120 prev_state=R ==> next_comm=kworker/u16:2 next_pid=49 next_prio=120
   kworker/u16:2-49      [003] d.... 20010.574568: sched_switch: prev_comm=kworker/u16:2 prev_pid=49 prev_prio=120 prev_state=I ==> next_comm=swapper/3 next_pid=0 next_prio=120
          <idle>-0       [002] dnh.. 20010.574581: sched_wakeup: comm=sshd pid=562 prio=120 target_cpu=002
          <idle>-0       [002] d.... 20010.574607: sched_switch: prev_comm=swapper/2 prev_pid=0 prev_prio=120 prev_state=R ==> next_comm=sshd next_pid=562 next_prio=120
            sshd-562     [002] d.... 20010.575290: sched_switch: prev_comm=sshd prev_pid=562 prev_prio=120 prev_state=S ==> next_comm=swapper/2 next_pid=0 next_prio=120
          <idle>-0       [002] dns.. 20010.695524: sched_wakeup: comm=sshd pid=562 prio=120 target_cpu=002
          <idle>-0       [002] d.... 20010.695624: sched_switch: prev_comm=swapper/2 prev_pid=0 prev_prio=120 prev_state=R ==> next_comm=sshd next_pid=562 next_prio=120
          <idle>-0       [003] dnh.. 20010.696329: sched_wakeup: comm=kworker/u16:2 pid=49 prio=120 target_cpu=003
            sshd-562     [002] d.... 20010.696366: sched_switch: prev_comm=sshd prev_pid=562 prev_prio=120 prev_state=S ==> next_comm=swapper/2 next_pid=0 next_prio=120
          <idle>-0       [003] d.... 20010.696404: sched_switch: prev_comm=swapper/3 prev_pid=0 prev_prio=120 prev_state=R ==> next_comm=kworker/u16:2 next_pid=49 next_prio=120
          <idle>-0       [001] dnh.. 20010.696508: sched_wakeup: comm=bash pid=563 prio=120 target_cpu=001
   kworker/u16:2-49      [003] d.... 20010.696515: sched_switch: prev_comm=kworker/u16:2 prev_pid=49 prev_prio=120 prev_state=I ==> next_comm=swapper/3 next_pid=0 next_prio=120
          <idle>-0       [001] d.... 20010.696549: sched_switch: prev_comm=swapper/1 prev_pid=0 prev_prio=120 prev_state=R ==> next_comm=bash next_pid=563 next_prio=120
          <idle>-0       [003] dnh.. 20010.696854: sched_wakeup: comm=kworker/u16:2 pid=49 prio=120 target_cpu=003
          <idle>-0       [003] d.... 20010.696897: sched_switch: prev_comm=swapper/3 prev_pid=0 prev_prio=120 prev_state=R ==> next_comm=kworker/u16:2 next_pid=49 next_prio=120
            bash-563     [001] d.... 20010.696897: sched_switch: prev_comm=bash prev_pid=563 prev_prio=120 prev_state=S ==> next_comm=swapper/1 next_pid=0 next_prio=120
   kworker/u16:2-49      [003] d.... 20010.696974: sched_switch: prev_comm=kworker/u16:2 prev_pid=49 prev_prio=120 prev_state=I ==> next_comm=swapper/3 next_pid=0 next_prio=120
          <idle>-0       [002] dnh.. 20010.697060: sched_wakeup: comm=sshd pid=562 prio=120 target_cpu=002
          <idle>-0       [002] d.... 20010.697112: sched_switch: prev_comm=swapper/2 prev_pid=0 prev_prio=120 prev_state=R ==> next_comm=sshd next_pid=562 next_prio=120
            sshd-562     [002] d.... 20010.698149: sched_switch: prev_comm=sshd prev_pid=562 prev_prio=120 prev_state=S ==> next_comm=swapper/2 next_pid=0 next_prio=120
          <idle>-0       [002] dns.. 20010.741786: sched_wakeup: comm=kworker/2:0 pid=557 prio=120 target_cpu=002
          <idle>-0       [002] d.... 20010.741913: sched_switch: prev_comm=swapper/2 prev_pid=0 prev_prio=120 prev_state=R ==> next_comm=kworker/2:0 next_pid=557 next_prio=120
     kworker/2:0-557     [002] d.... 20010.742016: sched_switch: prev_comm=kworker/2:0 prev_pid=557 prev_prio=120 prev_state=I ==> next_comm=swapper/2 next_pid=0 next_prio=120
          <idle>-0       [000] dnH.. 20010.751809: sched_wakeup: comm=kcompactd0 pid=44 prio=120 target_cpu=000
          <idle>-0       [000] d.... 20010.751907: sched_switch: prev_comm=swapper/0 prev_pid=0 prev_prio=120 prev_state=R ==> next_comm=kcompactd0 next_pid=44 next_prio=120
      kcompactd0-44      [000] d.... 20010.751977: sched_switch: prev_comm=kcompactd0 prev_pid=44 prev_prio=120 prev_state=S ==> next_comm=swapper/0 next_pid=0 next_prio=120
          <idle>-0       [002] dnh.. 20010.821487: sched_wakeup: comm=sshd pid=562 prio=120 target_cpu=002
          <idle>-0       [002] d.... 20010.821567: sched_switch: prev_comm=swapper/2 prev_pid=0 prev_prio=120 prev_state=R ==> next_comm=sshd next_pid=562 next_prio=120
          <idle>-0       [003] dnh.. 20010.822520: sched_wakeup: comm=kworker/u16:2 pid=49 prio=120 target_cpu=003
          <idle>-0       [003] d.... 20010.822595: sched_switch: prev_comm=swapper/3 prev_pid=0 prev_prio=120 prev_state=R ==> next_comm=kworker/u16:2 next_pid=49 next_prio=120
          <idle>-0       [001] dnh.. 20010.822686: sched_wakeup: comm=bash pid=563 prio=120 target_cpu=001
   kworker/u16:2-49      [003] d.... 20010.822693: sched_switch: prev_comm=kworker/u16:2 prev_pid=49 prev_prio=120 prev_state=I ==> next_comm=swapper/3 next_pid=0 next_prio=120
          <idle>-0       [001] d.... 20010.822727: sched_switch: prev_comm=swapper/1 prev_pid=0 prev_prio=120 prev_state=R ==> next_comm=bash next_pid=563 next_prio=120
            sshd-562     [002] d.... 20010.822771: sched_switch: prev_comm=sshd prev_pid=562 prev_prio=120 prev_state=S ==> next_comm=swapper/2 next_pid=0 next_prio=120
          <idle>-0       [003] dnh.. 20010.823036: sched_wakeup: comm=kworker/u16:2 pid=49 prio=120 target_cpu=003
          <idle>-0       [003] d.... 20010.823077: sched_switch: prev_comm=swapper/3 prev_pid=0 prev_prio=120 prev_state=R ==> next_comm=kworker/u16:2 next_pid=49 next_prio=120
            bash-563     [001] d.... 20010.823152: sched_switch: prev_comm=bash prev_pid=563 prev_prio=120 prev_state=S ==> next_comm=swapper/1 next_pid=0 next_prio=120
   kworker/u16:2-49      [003] d.... 20010.823161: sched_switch: prev_comm=kworker/u16:2 prev_pid=49 prev_prio=120 prev_state=I ==> next_comm=swapper/3 next_pid=0 next_prio=120
          <idle>-0       [002] dnh.. 20010.823290: sched_wakeup: comm=sshd pid=562 prio=120 target_cpu=002
          <idle>-0       [002] d.... 20010.823343: sched_switch: prev_comm=swapper/2 prev_pid=0 prev_prio=120 prev_state=R ==> next_comm=sshd next_pid=562 next_prio=120
            sshd-562     [002] d.... 20010.824523: sched_switch: prev_comm=sshd prev_pid=562 prev_prio=120 prev_state=S ==> next_comm=swapper/2 next_pid=0 next_prio=120
          <idle>-0       [003] dns.. 20010.831796: sched_wakeup: comm=kworker/u16:2 pid=49 prio=120 target_cpu=003
          <idle>-0       [003] d.... 20010.831886: sched_switch: prev_comm=swapper/3 prev_pid=0 prev_prio=120 prev_state=R ==> next_comm=kworker/u16:2 next_pid=49 next_prio=120
   kworker/u16:2-49      [003] d.... 20010.832005: sched_switch: prev_comm=kworker/u16:2 prev_pid=49 prev_prio=120 prev_state=I ==> next_comm=swapper/3 next_pid=0 next_prio=120
          <idle>-0       [002] dnh.. 20010.903480: sched_wakeup: comm=sshd pid=562 prio=120 target_cpu=002
          <idle>-0       [002] d.... 20010.903521: sched_switch: prev_comm=swapper/2 prev_pid=0 prev_prio=120 prev_state=R ==> next_comm=sshd next_pid=562 next_prio=120
          <idle>-0       [003] dnh.. 20010.904046: sched_wakeup: comm=kworker/u16:2 pid=49 prio=120 target_cpu=003
          <idle>-0       [003] d.... 20010.904121: sched_switch: prev_comm=swapper/3 prev_pid=0 prev_prio=120 prev_state=R ==> next_comm=kworker/u16:2 next_pid=49 next_prio=120
            sshd-562     [002] d.... 20010.904147: sched_switch: prev_comm=sshd prev_pid=562 prev_prio=120 prev_state=S ==> next_comm=swapper/2 next_pid=0 next_prio=120
          <idle>-0       [001] dnh.. 20010.904218: sched_wakeup: comm=bash pid=563 prio=120 target_cpu=001
   kworker/u16:2-49      [003] d.... 20010.904219: sched_switch: prev_comm=kworker/u16:2 prev_pid=49 prev_prio=120 prev_state=I ==> next_comm=swapper/3 next_pid=0 next_prio=120
          <idle>-0       [001] d.... 20010.904256: sched_switch: prev_comm=swapper/1 prev_pid=0 prev_prio=120 prev_state=R ==> next_comm=bash next_pid=563 next_prio=120
          <idle>-0       [003] dnh.. 20010.904532: sched_wakeup: comm=kworker/u16:2 pid=49 prio=120 target_cpu=003
          <idle>-0       [003] d.... 20010.904554: sched_switch: prev_comm=swapper/3 prev_pid=0 prev_prio=120 prev_state=R ==> next_comm=kworker/u16:2 next_pid=49 next_prio=120
   kworker/u16:2-49      [003] d.... 20010.904595: sched_switch: prev_comm=kworker/u16:2 prev_pid=49 prev_prio=120 prev_state=I ==> next_comm=swapper/3 next_pid=0 next_prio=120
            bash-563     [001] d.... 20010.904603: sched_switch: prev_comm=bash prev_pid=563 prev_prio=120 prev_state=S ==> next_comm=swapper/1 next_pid=0 next_prio=120
          <idle>-0       [002] dnh.. 20010.904621: sched_wakeup: comm=sshd pid=562 prio=120 target_cpu=002
          <idle>-0       [002] d.... 20010.904646: sched_switch: prev_comm=swapper/2 prev_pid=0 prev_prio=120 prev_state=R ==> next_comm=sshd next_pid=562 next_prio=120
            sshd-562     [002] d.... 20010.905260: sched_switch: prev_comm=sshd prev_pid=562 prev_prio=120 prev_state=S ==> next_comm=swapper/2 next_pid=0 next_prio=120
          <idle>-0       [003] dns.. 20010.951733: sched_wakeup: comm=kworker/3:1 pid=570 prio=120 target_cpu=003
          <idle>-0       [003] d.... 20010.951791: sched_switch: prev_comm=swapper/3 prev_pid=0 prev_prio=120 prev_state=R ==> next_comm=kworker/3:1 next_pid=570 next_prio=120
     kworker/3:1-570     [003] d.... 20010.951841: sched_switch: prev_comm=kworker/3:1 prev_pid=570 prev_prio=120 prev_state=I ==> next_comm=swapper/3 next_pid=0 next_prio=120
          <idle>-0       [001] dns.. 20010.971708: sched_wakeup: comm=kworker/1:0 pid=592 prio=120 target_cpu=001
          <idle>-0       [001] d.... 20010.971767: sched_switch: prev_comm=swapper/1 prev_pid=0 prev_prio=120 prev_state=R ==> next_comm=kworker/1:0 next_pid=592 next_prio=120
          <idle>-0       [002] dns.. 20010.971775: sched_wakeup: comm=kworker/2:0 pid=557 prio=120 target_cpu=002
     kworker/1:0-592     [001] d.... 20010.971867: sched_switch: prev_comm=kworker/1:0 prev_pid=592 prev_prio=120 prev_state=I ==> next_comm=swapper/1 next_pid=0 next_prio=120
          <idle>-0       [002] d.... 20010.971894: sched_switch: prev_comm=swapper/2 prev_pid=0 prev_prio=120 prev_state=R ==> next_comm=kworker/2:0 next_pid=557 next_prio=120
     kworker/2:0-557     [002] d.... 20010.971982: sched_switch: prev_comm=kworker/2:0 prev_pid=557 prev_prio=120 prev_state=I ==> next_comm=swapper/2 next_pid=0 next_prio=120
          <idle>-0       [000] dns.. 20011.121787: sched_wakeup: comm=kworker/0:2 pid=568 prio=120 target_cpu=000
          <idle>-0       [000] d.... 20011.121899: sched_switch: prev_comm=swapper/0 prev_pid=0 prev_prio=120 prev_state=R ==> next_comm=kworker/0:2 next_pid=568 next_prio=120
     kworker/0:2-568     [000] d.... 20011.121996: sched_switch: prev_comm=kworker/0:2 prev_pid=568 prev_prio=120 prev_state=I ==> next_comm=swapper/0 next_pid=0 next_prio=120
          <idle>-0       [003] dns.. 20011.161780: sched_wakeup: comm=kworker/3:1 pid=570 prio=120 target_cpu=003
          <idle>-0       [003] d.... 20011.161888: sched_switch: prev_comm=swapper/3 prev_pid=0 prev_prio=120 prev_state=R ==> next_comm=kworker/3:1 next_pid=570 next_prio=120
     kworker/3:1-570     [003] d.... 20011.161997: sched_switch: prev_comm=kworker/3:1 prev_pid=570 prev_prio=120 prev_state=I ==> next_comm=swapper/3 next_pid=0 next_prio=120
          <idle>-0       [000] dnH.. 20011.261820: sched_wakeup: comm=kcompactd0 pid=44 prio=120 target_cpu=000
          <idle>-0       [000] d.... 20011.261945: sched_switch: prev_comm=swapper/0 prev_pid=0 prev_prio=120 prev_state=R ==> next_comm=kcompactd0 next_pid=44 next_prio=120
      kcompactd0-44      [000] d.... 20011.262016: sched_switch: prev_comm=kcompactd0 prev_pid=44 prev_prio=120 prev_state=S ==> next_comm=swapper/0 next_pid=0 next_prio=120
          <idle>-0       [001] dns.. 20011.371710: sched_wakeup: comm=kworker/1:0 pid=592 prio=120 target_cpu=001
          <idle>-0       [001] d.... 20011.371778: sched_switch: prev_comm=swapper/1 prev_pid=0 prev_prio=120 prev_state=R ==> next_comm=kworker/1:0 next_pid=592 next_prio=120
     kworker/1:0-592     [001] d.... 20011.371838: sched_switch: prev_comm=kworker/1:0 prev_pid=592 prev_prio=120 prev_state=I ==> next_comm=swapper/1 next_pid=0 next_prio=120
          <idle>-0       [001] dns.. 20011.581702: sched_wakeup: comm=kworker/1:0 pid=592 prio=120 target_cpu=001
          <idle>-0       [001] d.... 20011.581767: sched_switch: prev_comm=swapper/1 prev_pid=0 prev_prio=120 prev_state=R ==> next_comm=kworker/1:0 next_pid=592 next_prio=120
     kworker/1:0-592     [001] d.... 20011.581827: sched_switch: prev_comm=kworker/1:0 prev_pid=592 prev_prio=120 prev_state=I ==> next_comm=swapper/1 next_pid=0 next_prio=120
          <idle>-0       [001] dns.. 20011.611682: sched_wakeup: comm=kworker/1:0 pid=592 prio=120 target_cpu=001
          <idle>-0       [001] d.... 20011.611739: sched_switch: prev_comm=swapper/1 prev_pid=0 prev_prio=120 prev_state=R ==> next_comm=kworker/1:0 next_pid=592 next_prio=120
     kworker/1:0-592     [001] d.h.. 20011.611813: sched_wakeup: comm=kworker/1:0 pid=592 prio=120 target_cpu=001
     kworker/1:0-592     [001] d.... 20011.611862: sched_switch: prev_comm=kworker/1:0 prev_pid=592 prev_prio=120 prev_state=D ==> next_comm=swapper/1 next_pid=0 next_prio=120
          <idle>-0       [001] dnh.. 20011.611896: sched_wakeup: comm=kworker/1:0 pid=592 prio=120 target_cpu=001
          <idle>-0       [001] d.... 20011.611913: sched_switch: prev_comm=swapper/1 prev_pid=0 prev_prio=120 prev_state=R ==> next_comm=kworker/1:0 next_pid=592 next_prio=120
     kworker/1:0-592     [001] d.... 20011.611946: sched_switch: prev_comm=kworker/1:0 prev_pid=592 prev_prio=120 prev_state=I ==> next_comm=swapper/1 next_pid=0 next_prio=120
          <idle>-0       [002] dnh.. 20011.652499: sched_wakeup: comm=sshd pid=562 prio=120 target_cpu=002
          <idle>-0       [002] d.... 20011.652584: sched_switch: prev_comm=swapper/2 prev_pid=0 prev_prio=120 prev_state=R ==> next_comm=sshd next_pid=562 next_prio=120
          <idle>-0       [003] dnh.. 20011.653138: sched_wakeup: comm=kworker/u16:2 pid=49 prio=120 target_cpu=003
          <idle>-0       [003] d.... 20011.653176: sched_switch: prev_comm=swapper/3 prev_pid=0 prev_prio=120 prev_state=R ==> next_comm=kworker/u16:2 next_pid=49 next_prio=120
   kworker/u16:2-49      [003] d.... 20011.653251: sched_switch: prev_comm=kworker/u16:2 prev_pid=49 prev_prio=120 prev_state=I ==> next_comm=swapper/3 next_pid=0 next_prio=120
            sshd-562     [002] d.... 20011.653259: sched_switch: prev_comm=sshd prev_pid=562 prev_prio=120 prev_state=S ==> next_comm=swapper/2 next_pid=0 next_prio=120
          <idle>-0       [001] dnh.. 20011.653335: sched_wakeup: comm=bash pid=563 prio=120 target_cpu=001
          <idle>-0       [001] d.... 20011.653438: sched_switch: prev_comm=swapper/1 prev_pid=0 prev_prio=120 prev_state=R ==> next_comm=bash next_pid=563 next_prio=120
          <idle>-0       [003] dnh.. 20011.653887: sched_wakeup: comm=kworker/u16:2 pid=49 prio=120 target_cpu=003
          <idle>-0       [003] d.... 20011.653907: sched_switch: prev_comm=swapper/3 prev_pid=0 prev_prio=120 prev_state=R ==> next_comm=kworker/u16:2 next_pid=49 next_prio=120
   kworker/u16:2-49      [003] d.... 20011.653945: sched_switch: prev_comm=kworker/u16:2 prev_pid=49 prev_prio=120 prev_state=I ==> next_comm=swapper/3 next_pid=0 next_prio=120
            bash-563     [001] d.... 20011.653988: sched_switch: prev_comm=bash prev_pid=563 prev_prio=120 prev_state=S ==> next_comm=swapper/1 next_pid=0 next_prio=120
          <idle>-0       [002] dnh.. 20011.654045: sched_wakeup: comm=sshd pid=562 prio=120 target_cpu=002
          <idle>-0       [002] d.... 20011.654217: sched_switch: prev_comm=swapper/2 prev_pid=0 prev_prio=120 prev_state=R ==> next_comm=sshd next_pid=562 next_prio=120
            sshd-562     [002] d.... 20011.655194: sched_switch: prev_comm=sshd prev_pid=562 prev_prio=120 prev_state=S ==> next_comm=swapper/2 next_pid=0 next_prio=120
          <idle>-0       [000] dns.. 20011.771774: sched_wakeup: comm=kcompactd0 pid=44 prio=120 target_cpu=000
          <idle>-0       [000] d.... 20011.771882: sched_switch: prev_comm=swapper/0 prev_pid=0 prev_prio=120 prev_state=R ==> next_comm=kcompactd0 next_pid=44 next_prio=120
      kcompactd0-44      [000] d.... 20011.771962: sched_switch: prev_comm=kcompactd0 prev_pid=44 prev_prio=120 prev_state=S ==> next_comm=swapper/0 next_pid=0 next_prio=120
          <idle>-0       [001] dns.. 20011.791687: sched_wakeup: comm=kworker/1:0 pid=592 prio=120 target_cpu=001
          <idle>-0       [001] d.... 20011.791750: sched_switch: prev_comm=swapper/1 prev_pid=0 prev_prio=120 prev_state=R ==> next_comm=kworker/1:0 next_pid=592 next_prio=120
     kworker/1:0-592     [001] d.... 20011.791813: sched_switch: prev_comm=kworker/1:0 prev_pid=592 prev_prio=120 prev_state=I ==> next_comm=swapper/1 next_pid=0 next_prio=120
          <idle>-0       [001] dns.. 20012.001676: sched_wakeup: comm=kworker/1:0 pid=592 prio=120 target_cpu=001
          <idle>-0       [001] d.... 20012.001736: sched_switch: prev_comm=swapper/1 prev_pid=0 prev_prio=120 prev_state=R ==> next_comm=kworker/1:0 next_pid=592 next_prio=120
     kworker/1:0-592     [001] d.... 20012.001786: sched_switch: prev_comm=kworker/1:0 prev_pid=592 prev_prio=120 prev_state=I ==> next_comm=swapper/1 next_pid=0 next_prio=120
          <idle>-0       [001] dns.. 20012.011675: sched_wakeup: comm=kworker/1:0 pid=592 prio=120 target_cpu=001
          <idle>-0       [001] d.... 20012.011718: sched_switch: prev_comm=swapper/1 prev_pid=0 prev_prio=120 prev_state=R ==> next_comm=kworker/1:0 next_pid=592 next_prio=120
     kworker/1:0-592     [001] d.... 20012.011798: sched_switch: prev_comm=kworker/1:0 prev_pid=592 prev_prio=120 prev_state=I ==> next_comm=swapper/1 next_pid=0 next_prio=120
          <idle>-0       [000] dns.. 20012.141807: sched_wakeup: comm=kworker/0:2 pid=568 prio=120 target_cpu=000
          <idle>-0       [000] d.... 20012.141923: sched_switch: prev_comm=swapper/0 prev_pid=0 prev_prio=120 prev_state=R ==> next_comm=kworker/0:2 next_pid=568 next_prio=120
     kworker/0:2-568     [000] d.... 20012.142021: sched_switch: prev_comm=kworker/0:2 prev_pid=568 prev_prio=120 prev_state=I ==> next_comm=swapper/0 next_pid=0 next_prio=120
          <idle>-0       [001] dns.. 20012.211710: sched_wakeup: comm=kworker/1:0 pid=592 prio=120 target_cpu=001
          <idle>-0       [001] d.... 20012.211777: sched_switch: prev_comm=swapper/1 prev_pid=0 prev_prio=120 prev_state=R ==> next_comm=kworker/1:0 next_pid=592 next_prio=120
     kworker/1:0-592     [001] d.... 20012.211833: sched_switch: prev_comm=kworker/1:0 prev_pid=592 prev_prio=120 prev_state=I ==> next_comm=swapper/1 next_pid=0 next_prio=120
          <idle>-0       [000] dnH.. 20012.281788: sched_wakeup: comm=kcompactd0 pid=44 prio=120 target_cpu=000
          <idle>-0       [000] d.... 20012.281876: sched_switch: prev_comm=swapper/0 prev_pid=0 prev_prio=120 prev_state=R ==> next_comm=kcompactd0 next_pid=44 next_prio=120
      kcompactd0-44      [000] d.... 20012.281944: sched_switch: prev_comm=kcompactd0 prev_pid=44 prev_prio=120 prev_state=S ==> next_comm=swapper/0 next_pid=0 next_prio=120
          <idle>-0       [001] dns.. 20012.421700: sched_wakeup: comm=kworker/1:0 pid=592 prio=120 target_cpu=001
          <idle>-0       [001] d.... 20012.421764: sched_switch: prev_comm=swapper/1 prev_pid=0 prev_prio=120 prev_state=R ==> next_comm=kworker/1:0 next_pid=592 next_prio=120
     kworker/1:0-592     [001] d.... 20012.421825: sched_switch: prev_comm=kworker/1:0 prev_pid=592 prev_prio=120 prev_state=I ==> next_comm=swapper/1 next_pid=0 next_prio=120
          <idle>-0       [001] dns.. 20012.631699: sched_wakeup: comm=kworker/1:0 pid=592 prio=120 target_cpu=001
          <idle>-0       [001] d.... 20012.631760: sched_switch: prev_comm=swapper/1 prev_pid=0 prev_prio=120 prev_state=R ==> next_comm=kworker/1:0 next_pid=592 next_prio=120
     kworker/1:0-592     [001] d.... 20012.631814: sched_switch: prev_comm=kworker/1:0 prev_pid=592 prev_prio=120 prev_state=I ==> next_comm=swapper/1 next_pid=0 next_prio=120
          <idle>-0       [001] dnh.. 20012.705894: sched_wakeup: comm=raspbian_proc pid=608 prio=120 target_cpu=001
          <idle>-0       [001] d.... 20012.705937: sched_switch: prev_comm=swapper/1 prev_pid=0 prev_prio=120 prev_state=R ==> next_comm=raspbian_proc next_pid=608 next_prio=120
   raspbian_proc-608     [001] d.... 20012.706125: sched_wakeup: comm=kworker/1:0 pid=592 prio=120 target_cpu=001
   raspbian_proc-608     [001] d.... 20012.706236: sched_switch: prev_comm=raspbian_proc prev_pid=608 prev_prio=120 prev_state=S ==> next_comm=kworker/1:0 next_pid=592 next_prio=120
     kworker/1:0-592     [001] d.... 20012.706363: sched_switch: prev_comm=kworker/1:0 prev_pid=592 prev_prio=120 prev_state=I ==> next_comm=swapper/1 next_pid=0 next_prio=120
          <idle>-0       [000] dnh.. 20012.791792: sched_wakeup: comm=kcompactd0 pid=44 prio=120 target_cpu=000
          <idle>-0       [000] d.... 20012.791870: sched_switch: prev_comm=swapper/0 prev_pid=0 prev_prio=120 prev_state=R ==> next_comm=kcompactd0 next_pid=44 next_prio=120
      kcompactd0-44      [000] d.... 20012.791947: sched_switch: prev_comm=kcompactd0 prev_pid=44 prev_prio=120 prev_state=S ==> next_comm=swapper/0 next_pid=0 next_prio=120
          <idle>-0       [001] dns.. 20012.841701: sched_wakeup: comm=kworker/1:0 pid=592 prio=120 target_cpu=001
          <idle>-0       [001] d.... 20012.841767: sched_switch: prev_comm=swapper/1 prev_pid=0 prev_prio=120 prev_state=R ==> next_comm=kworker/1:0 next_pid=592 next_prio=120
     kworker/1:0-592     [001] d.... 20012.841828: sched_switch: prev_comm=kworker/1:0 prev_pid=592 prev_prio=120 prev_state=I ==> next_comm=swapper/1 next_pid=0 next_prio=120
          <idle>-0       [003] dns.. 20013.021816: sched_wakeup: comm=kworker/u16:2 pid=49 prio=120 target_cpu=003
          <idle>-0       [003] d.... 20013.021928: sched_switch: prev_comm=swapper/3 prev_pid=0 prev_prio=120 prev_state=R ==> next_comm=kworker/u16:2 next_pid=49 next_prio=120
   kworker/u16:2-49      [003] d.... 20013.022053: sched_switch: prev_comm=kworker/u16:2 prev_pid=49 prev_prio=120 prev_state=I ==> next_comm=swapper/3 next_pid=0 next_prio=120
          <idle>-0       [001] dns.. 20013.051704: sched_wakeup: comm=kworker/1:0 pid=592 prio=120 target_cpu=001
          <idle>-0       [000] dns.. 20013.051771: sched_wakeup: comm=kworker/0:2 pid=568 prio=120 target_cpu=000
          <idle>-0       [001] d.... 20013.051779: sched_switch: prev_comm=swapper/1 prev_pid=0 prev_prio=120 prev_state=R ==> next_comm=kworker/1:0 next_pid=592 next_prio=120
          <idle>-0       [000] d.... 20013.051894: sched_switch: prev_comm=swapper/0 prev_pid=0 prev_prio=120 prev_state=R ==> next_comm=kworker/0:2 next_pid=568 next_prio=120
     kworker/1:0-592     [001] d.... 20013.051907: sched_switch: prev_comm=kworker/1:0 prev_pid=592 prev_prio=120 prev_state=I ==> next_comm=swapper/1 next_pid=0 next_prio=120
     kworker/0:2-568     [000] d.... 20013.051982: sched_switch: prev_comm=kworker/0:2 prev_pid=568 prev_prio=120 prev_state=I ==> next_comm=swapper/0 next_pid=0 next_prio=120
          <idle>-0       [001] dnh.. 20013.261698: sched_wakeup: comm=kworker/1:0 pid=592 prio=120 target_cpu=001
          <idle>-0       [000] dns.. 20013.261766: sched_wakeup: comm=kworker/0:2 pid=568 prio=120 target_cpu=000
          <idle>-0       [001] d.... 20013.261773: sched_switch: prev_comm=swapper/1 prev_pid=0 prev_prio=120 prev_state=R ==> next_comm=kworker/1:0 next_pid=592 next_prio=120
     kworker/1:0-592     [001] d.... 20013.261832: sched_switch: prev_comm=kworker/1:0 prev_pid=592 prev_prio=120 prev_state=I ==> next_comm=swapper/1 next_pid=0 next_prio=120
          <idle>-0       [000] d.... 20013.261864: sched_switch: prev_comm=swapper/0 prev_pid=0 prev_prio=120 prev_state=R ==> next_comm=kworker/0:2 next_pid=568 next_prio=120
     kworker/0:2-568     [000] d.... 20013.261964: sched_switch: prev_comm=kworker/0:2 prev_pid=568 prev_prio=120 prev_state=I ==> next_comm=swapper/0 next_pid=0 next_prio=120
          <idle>-0       [000] dns.. 20013.301763: sched_wakeup: comm=kcompactd0 pid=44 prio=120 target_cpu=000
          <idle>-0       [000] d.... 20013.301866: sched_switch: prev_comm=swapper/0 prev_pid=0 prev_prio=120 prev_state=R ==> next_comm=kcompactd0 next_pid=44 next_prio=120
      kcompactd0-44      [000] d.... 20013.301925: sched_switch: prev_comm=kcompactd0 prev_pid=44 prev_prio=120 prev_state=S ==> next_comm=swapper/0 next_pid=0 next_prio=120
          <idle>-0       [002] dnh.. 20013.338559: sched_wakeup: comm=sshd pid=562 prio=120 target_cpu=002
          <idle>-0       [002] d.... 20013.338644: sched_switch: prev_comm=swapper/2 prev_pid=0 prev_prio=120 prev_state=R ==> next_comm=sshd next_pid=562 next_prio=120
          <idle>-0       [003] dnh.. 20013.339525: sched_wakeup: comm=kworker/u16:2 pid=49 prio=120 target_cpu=003
          <idle>-0       [003] d.... 20013.339602: sched_switch: prev_comm=swapper/3 prev_pid=0 prev_prio=120 prev_state=R ==> next_comm=kworker/u16:2 next_pid=49 next_prio=120
   kworker/u16:2-49      [003] d.... 20013.339711: sched_switch: prev_comm=kworker/u16:2 prev_pid=49 prev_prio=120 prev_state=I ==> next_comm=swapper/3 next_pid=0 next_prio=120
          <idle>-0       [001] dnh.. 20013.339746: sched_wakeup: comm=bash pid=563 prio=120 target_cpu=001
            sshd-562     [002] d.... 20013.339770: sched_switch: prev_comm=sshd prev_pid=562 prev_prio=120 prev_state=S ==> next_comm=swapper/2 next_pid=0 next_prio=120
          <idle>-0       [001] d.... 20013.339833: sched_switch: prev_comm=swapper/1 prev_pid=0 prev_prio=120 prev_state=R ==> next_comm=bash next_pid=563 next_prio=120
          <idle>-0       [003] dnh.. 20013.341537: sched_wakeup: comm=kworker/u16:2 pid=49 prio=120 target_cpu=003
          <idle>-0       [003] d.... 20013.341578: sched_switch: prev_comm=swapper/3 prev_pid=0 prev_prio=120 prev_state=R ==> next_comm=kworker/u16:2 next_pid=49 next_prio=120
            bash-563     [001] d.... 20013.341586: sched_switch: prev_comm=bash prev_pid=563 prev_prio=120 prev_state=S ==> next_comm=swapper/1 next_pid=0 next_prio=120
          <idle>-0       [002] dnH.. 20013.341788: sched_wakeup: comm=sshd pid=562 prio=120 target_cpu=002
   kworker/u16:2-49      [003] d.... 20013.341810: sched_switch: prev_comm=kworker/u16:2 prev_pid=49 prev_prio=120 prev_state=I ==> next_comm=swapper/3 next_pid=0 next_prio=120
          <idle>-0       [002] d.... 20013.341838: sched_switch: prev_comm=swapper/2 prev_pid=0 prev_prio=120 prev_state=R ==> next_comm=sshd next_pid=562 next_prio=120
            sshd-562     [002] d.... 20013.342818: sched_switch: prev_comm=sshd prev_pid=562 prev_prio=120 prev_state=S ==> next_comm=swapper/2 next_pid=0 next_prio=120
          <idle>-0       [002] dns.. 20013.471771: sched_wakeup: comm=kworker/2:0 pid=557 prio=120 target_cpu=002
          <idle>-0       [000] dns.. 20013.471777: sched_wakeup: comm=kworker/0:2 pid=568 prio=120 target_cpu=000
          <idle>-0       [000] d.... 20013.471909: sched_switch: prev_comm=swapper/0 prev_pid=0 prev_prio=120 prev_state=R ==> next_comm=kworker/0:2 next_pid=568 next_prio=120
          <idle>-0       [002] d.... 20013.471911: sched_switch: prev_comm=swapper/2 prev_pid=0 prev_prio=120 prev_state=R ==> next_comm=kworker/2:0 next_pid=557 next_prio=120
     kworker/2:0-557     [002] d.... 20013.471997: sched_switch: prev_comm=kworker/2:0 prev_pid=557 prev_prio=120 prev_state=I ==> next_comm=swapper/2 next_pid=0 next_prio=120
     kworker/0:2-568     [000] d.... 20013.472014: sched_switch: prev_comm=kworker/0:2 prev_pid=568 prev_prio=120 prev_state=I ==> next_comm=swapper/0 next_pid=0 next_prio=120
          <idle>-0       [002] dnh.. 20013.537985: sched_wakeup: comm=sshd pid=562 prio=120 target_cpu=002
          <idle>-0       [002] d.... 20013.538060: sched_switch: prev_comm=swapper/2 prev_pid=0 prev_prio=120 prev_state=R ==> next_comm=sshd next_pid=562 next_prio=120
          <idle>-0       [003] dnh.. 20013.538769: sched_wakeup: comm=kworker/u16:2 pid=49 prio=120 target_cpu=003
            sshd-562     [002] d.... 20013.538800: sched_switch: prev_comm=sshd prev_pid=562 prev_prio=120 prev_state=S ==> next_comm=swapper/2 next_pid=0 next_prio=120
          <idle>-0       [003] d.... 20013.538841: sched_switch: prev_comm=swapper/3 prev_pid=0 prev_prio=120 prev_state=R ==> next_comm=kworker/u16:2 next_pid=49 next_prio=120
          <idle>-0       [001] dnh.. 20013.538945: sched_wakeup: comm=bash pid=563 prio=120 target_cpu=001
   kworker/u16:2-49      [003] d.... 20013.538948: sched_switch: prev_comm=kworker/u16:2 prev_pid=49 prev_prio=120 prev_state=I ==> next_comm=swapper/3 next_pid=0 next_prio=120
          <idle>-0       [001] d.... 20013.538989: sched_switch: prev_comm=swapper/1 prev_pid=0 prev_prio=120 prev_state=R ==> next_comm=bash next_pid=563 next_prio=120
          <idle>-0       [003] dnh.. 20013.539596: sched_wakeup: comm=kworker/u16:2 pid=49 prio=120 target_cpu=003
          <idle>-0       [003] d.... 20013.539642: sched_switch: prev_comm=swapper/3 prev_pid=0 prev_prio=120 prev_state=R ==> next_comm=kworker/u16:2 next_pid=49 next_prio=120
   kworker/u16:2-49      [003] d.... 20013.539740: sched_switch: prev_comm=kworker/u16:2 prev_pid=49 prev_prio=120 prev_state=I ==> next_comm=swapper/3 next_pid=0 next_prio=120
            bash-563     [001] d.... 20013.539757: sched_switch: prev_comm=bash prev_pid=563 prev_prio=120 prev_state=S ==> next_comm=swapper/1 next_pid=0 next_prio=120
          <idle>-0       [002] dnh.. 20013.539801: sched_wakeup: comm=sshd pid=562 prio=120 target_cpu=002
          <idle>-0       [002] d.... 20013.539854: sched_switch: prev_comm=swapper/2 prev_pid=0 prev_prio=120 prev_state=R ==> next_comm=sshd next_pid=562 next_prio=120
            sshd-562     [002] d.... 20013.540895: sched_switch: prev_comm=sshd prev_pid=562 prev_prio=120 prev_state=S ==> next_comm=swapper/2 next_pid=0 next_prio=120
          <idle>-0       [001] dns.. 20013.681692: sched_wakeup: comm=kworker/1:0 pid=592 prio=120 target_cpu=001
          <idle>-0       [001] d.... 20013.681754: sched_switch: prev_comm=swapper/1 prev_pid=0 prev_prio=120 prev_state=R ==> next_comm=kworker/1:0 next_pid=592 next_prio=120
     kworker/1:0-592     [001] d.... 20013.681811: sched_switch: prev_comm=kworker/1:0 prev_pid=592 prev_prio=120 prev_state=I ==> next_comm=swapper/1 next_pid=0 next_prio=120
          <idle>-0       [001] dns.. 20013.691684: sched_wakeup: comm=kworker/1:0 pid=592 prio=120 target_cpu=001
          <idle>-0       [001] d.... 20013.691727: sched_switch: prev_comm=swapper/1 prev_pid=0 prev_prio=120 prev_state=R ==> next_comm=kworker/1:0 next_pid=592 next_prio=120
     kworker/1:0-592     [001] d.h.. 20013.691811: sched_wakeup: comm=kworker/1:0 pid=592 prio=120 target_cpu=001
     kworker/1:0-592     [001] d.... 20013.691885: sched_switch: prev_comm=kworker/1:0 prev_pid=592 prev_prio=120 prev_state=I ==> next_comm=swapper/1 next_pid=0 next_prio=120
          <idle>-0       [002] dnh.. 20013.697954: sched_wakeup: comm=sshd pid=562 prio=120 target_cpu=002
          <idle>-0       [002] d.... 20013.698035: sched_switch: prev_comm=swapper/2 prev_pid=0 prev_prio=120 prev_state=R ==> next_comm=sshd next_pid=562 next_prio=120
          <idle>-0       [003] dnh.. 20013.698848: sched_wakeup: comm=kworker/u16:2 pid=49 prio=120 target_cpu=003
          <idle>-0       [003] d.... 20013.698888: sched_switch: prev_comm=swapper/3 prev_pid=0 prev_prio=120 prev_state=R ==> next_comm=kworker/u16:2 next_pid=49 next_prio=120
   kworker/u16:2-49      [003] d.... 20013.698945: sched_switch: prev_comm=kworker/u16:2 prev_pid=49 prev_prio=120 prev_state=I ==> next_comm=swapper/3 next_pid=0 next_prio=120
          <idle>-0       [001] dnh.. 20013.698961: sched_wakeup: comm=bash pid=563 prio=120 target_cpu=001
          <idle>-0       [001] d.... 20013.698985: sched_switch: prev_comm=swapper/1 prev_pid=0 prev_prio=120 prev_state=R ==> next_comm=bash next_pid=563 next_prio=120
            sshd-562     [002] d.... 20013.698985: sched_switch: prev_comm=sshd prev_pid=562 prev_prio=120 prev_state=S ==> next_comm=swapper/2 next_pid=0 next_prio=120
            bash-563     [001] d.... 20013.699360: sched_switch: prev_comm=bash prev_pid=563 prev_prio=120 prev_state=S ==> next_comm=swapper/1 next_pid=0 next_prio=120
          <idle>-0       [000] dns.. 20013.811781: sched_wakeup: comm=kcompactd0 pid=44 prio=120 target_cpu=000
          <idle>-0       [000] d.... 20013.811885: sched_switch: prev_comm=swapper/0 prev_pid=0 prev_prio=120 prev_state=R ==> next_comm=kcompactd0 next_pid=44 next_prio=120
      kcompactd0-44      [000] d.... 20013.811961: sched_switch: prev_comm=kcompactd0 prev_pid=44 prev_prio=120 prev_state=S ==> next_comm=swapper/0 next_pid=0 next_prio=120
          <idle>-0       [002] dns.. 20013.891795: sched_wakeup: comm=kworker/2:0 pid=557 prio=120 target_cpu=002
          <idle>-0       [002] d.... 20013.891920: sched_switch: prev_comm=swapper/2 prev_pid=0 prev_prio=120 prev_state=R ==> next_comm=kworker/2:0 next_pid=557 next_prio=120
     kworker/2:0-557     [002] d.... 20013.892035: sched_switch: prev_comm=kworker/2:0 prev_pid=557 prev_prio=120 prev_state=I ==> next_comm=swapper/2 next_pid=0 next_prio=120
          <idle>-0       [002] dnh.. 20013.896358: sched_wakeup: comm=sshd pid=562 prio=120 target_cpu=002
          <idle>-0       [002] d.... 20013.896414: sched_switch: prev_comm=swapper/2 prev_pid=0 prev_prio=120 prev_state=R ==> next_comm=sshd next_pid=562 next_prio=120
          <idle>-0       [003] dnh.. 20013.897206: sched_wakeup: comm=kworker/u16:2 pid=49 prio=120 target_cpu=003
          <idle>-0       [003] d.... 20013.897244: sched_switch: prev_comm=swapper/3 prev_pid=0 prev_prio=120 prev_state=R ==> next_comm=kworker/u16:2 next_pid=49 next_prio=120
   kworker/u16:2-49      [003] d.... 20013.897299: sched_switch: prev_comm=kworker/u16:2 prev_pid=49 prev_prio=120 prev_state=I ==> next_comm=swapper/3 next_pid=0 next_prio=120
            sshd-562     [002] d.... 20013.897347: sched_switch: prev_comm=sshd prev_pid=562 prev_prio=120 prev_state=S ==> next_comm=swapper/2 next_pid=0 next_prio=120
          <idle>-0       [001] dnh.. 20013.897399: sched_wakeup: comm=bash pid=563 prio=120 target_cpu=001
          <idle>-0       [001] d.... 20013.897479: sched_switch: prev_comm=swapper/1 prev_pid=0 prev_prio=120 prev_state=R ==> next_comm=bash next_pid=563 next_prio=120
          <idle>-0       [003] dnh.. 20013.897987: sched_wakeup: comm=kworker/u16:2 pid=49 prio=120 target_cpu=003
          <idle>-0       [003] d.... 20013.898006: sched_switch: prev_comm=swapper/3 prev_pid=0 prev_prio=120 prev_state=R ==> next_comm=kworker/u16:2 next_pid=49 next_prio=120
   kworker/u16:2-49      [003] d.... 20013.898040: sched_switch: prev_comm=kworker/u16:2 prev_pid=49 prev_prio=120 prev_state=I ==> next_comm=swapper/3 next_pid=0 next_prio=120
          <idle>-0       [002] dnh.. 20013.898083: sched_wakeup: comm=sshd pid=562 prio=120 target_cpu=002
          <idle>-0       [002] d.... 20013.898108: sched_switch: prev_comm=swapper/2 prev_pid=0 prev_prio=120 prev_state=R ==> next_comm=sshd next_pid=562 next_prio=120
            bash-563     [001] d.... 20013.898214: sched_switch: prev_comm=bash prev_pid=563 prev_prio=120 prev_state=S ==> next_comm=swapper/1 next_pid=0 next_prio=120
            sshd-562     [002] d.... 20013.899235: sched_switch: prev_comm=sshd prev_pid=562 prev_prio=120 prev_state=S ==> next_comm=swapper/2 next_pid=0 next_prio=120
          <idle>-0       [001] dns.. 20013.931708: sched_wakeup: comm=kworker/1:1H pid=78 prio=100 target_cpu=001
          <idle>-0       [001] d.... 20013.931771: sched_switch: prev_comm=swapper/1 prev_pid=0 prev_prio=120 prev_state=R ==> next_comm=kworker/1:1H next_pid=78 next_prio=100
    kworker/1:1H-78      [001] d.... 20013.931811: sched_switch: prev_comm=kworker/1:1H prev_pid=78 prev_prio=100 prev_state=I ==> next_comm=swapper/1 next_pid=0 next_prio=120
          <idle>-0       [002] dns.. 20014.021770: sched_wakeup: comm=kworker/2:0 pid=557 prio=120 target_cpu=002
          <idle>-0       [002] d.... 20014.021902: sched_switch: prev_comm=swapper/2 prev_pid=0 prev_prio=120 prev_state=R ==> next_comm=kworker/2:0 next_pid=557 next_prio=120
     kworker/2:0-557     [002] d.... 20014.021984: sched_switch: prev_comm=kworker/2:0 prev_pid=557 prev_prio=120 prev_state=I ==> next_comm=swapper/2 next_pid=0 next_prio=120
          <idle>-0       [001] dns.. 20014.091699: sched_wakeup: comm=kworker/1:0 pid=592 prio=120 target_cpu=001
          <idle>-0       [001] d.... 20014.091767: sched_switch: prev_comm=swapper/1 prev_pid=0 prev_prio=120 prev_state=R ==> next_comm=kworker/1:0 next_pid=592 next_prio=120
          <idle>-0       [000] dns.. 20014.091769: sched_wakeup: comm=kworker/0:2 pid=568 prio=120 target_cpu=000
     kworker/1:0-592     [001] d.... 20014.091862: sched_switch: prev_comm=kworker/1:0 prev_pid=592 prev_prio=120 prev_state=I ==> next_comm=swapper/1 next_pid=0 next_prio=120
          <idle>-0       [000] d.... 20014.091890: sched_switch: prev_comm=swapper/0 prev_pid=0 prev_prio=120 prev_state=R ==> next_comm=kworker/0:2 next_pid=568 next_prio=120
     kworker/0:2-568     [000] d.... 20014.091978: sched_switch: prev_comm=kworker/0:2 prev_pid=568 prev_prio=120 prev_state=I ==> next_comm=swapper/0 next_pid=0 next_prio=120
          <idle>-0       [001] dns.. 20014.101694: sched_wakeup: comm=kworker/1:0 pid=592 prio=120 target_cpu=001
          <idle>-0       [001] d.... 20014.101736: sched_switch: prev_comm=swapper/1 prev_pid=0 prev_prio=120 prev_state=R ==> next_comm=kworker/1:0 next_pid=592 next_prio=120
     kworker/1:0-592     [001] d.... 20014.101780: sched_switch: prev_comm=kworker/1:0 prev_pid=592 prev_prio=120 prev_state=I ==> next_comm=swapper/1 next_pid=0 next_prio=120
          <idle>-0       [002] dnh.. 20014.150611: sched_wakeup: comm=sshd pid=562 prio=120 target_cpu=002
          <idle>-0       [002] d.... 20014.150681: sched_switch: prev_comm=swapper/2 prev_pid=0 prev_prio=120 prev_state=R ==> next_comm=sshd next_pid=562 next_prio=120
          <idle>-0       [003] dnh.. 20014.151515: sched_wakeup: comm=kworker/u16:2 pid=49 prio=120 target_cpu=003
          <idle>-0       [003] d.... 20014.151557: sched_switch: prev_comm=swapper/3 prev_pid=0 prev_prio=120 prev_state=R ==> next_comm=kworker/u16:2 next_pid=49 next_prio=120
   kworker/u16:2-49      [003] d.... 20014.151610: sched_switch: prev_comm=kworker/u16:2 prev_pid=49 prev_prio=120 prev_state=I ==> next_comm=swapper/3 next_pid=0 next_prio=120
          <idle>-0       [001] dnh.. 20014.151627: sched_wakeup: comm=bash pid=563 prio=120 target_cpu=001
            sshd-562     [002] d.... 20014.151643: sched_switch: prev_comm=sshd prev_pid=562 prev_prio=120 prev_state=S ==> next_comm=swapper/2 next_pid=0 next_prio=120
          <idle>-0       [001] d.... 20014.151669: sched_switch: prev_comm=swapper/1 prev_pid=0 prev_prio=120 prev_state=R ==> next_comm=bash next_pid=563 next_prio=120
          <idle>-0       [003] dnh.. 20014.151995: sched_wakeup: comm=kworker/u16:2 pid=49 prio=120 target_cpu=003
          <idle>-0       [003] d.... 20014.152040: sched_switch: prev_comm=swapper/3 prev_pid=0 prev_prio=120 prev_state=R ==> next_comm=kworker/u16:2 next_pid=49 next_prio=120
   kworker/u16:2-49      [003] d.... 20014.152118: sched_switch: prev_comm=kworker/u16:2 prev_pid=49 prev_prio=120 prev_state=I ==> next_comm=swapper/3 next_pid=0 next_prio=120
            bash-563     [001] d.... 20014.152129: sched_switch: prev_comm=bash prev_pid=563 prev_prio=120 prev_state=S ==> next_comm=swapper/1 next_pid=0 next_prio=120
          <idle>-0       [002] dnh.. 20014.152170: sched_wakeup: comm=sshd pid=562 prio=120 target_cpu=002
          <idle>-0       [002] d.... 20014.152310: sched_switch: prev_comm=swapper/2 prev_pid=0 prev_prio=120 prev_state=R ==> next_comm=sshd next_pid=562 next_prio=120
            sshd-562     [002] d.... 20014.153100: sched_switch: prev_comm=sshd prev_pid=562 prev_prio=120 prev_state=S ==> next_comm=swapper/2 next_pid=0 next_prio=120
          <idle>-0       [002] dnh.. 20014.211639: sched_wakeup: comm=sshd pid=562 prio=120 target_cpu=002
          <idle>-0       [002] d.... 20014.211739: sched_switch: prev_comm=swapper/2 prev_pid=0 prev_prio=120 prev_state=R ==> next_comm=sshd next_pid=562 next_prio=120
          <idle>-0       [003] dnh.. 20014.212605: sched_wakeup: comm=kworker/u16:2 pid=49 prio=120 target_cpu=003
          <idle>-0       [003] d.... 20014.212650: sched_switch: prev_comm=swapper/3 prev_pid=0 prev_prio=120 prev_state=R ==> next_comm=kworker/u16:2 next_pid=49 next_prio=120
   kworker/u16:2-49      [003] d.... 20014.212707: sched_switch: prev_comm=kworker/u16:2 prev_pid=49 prev_prio=120 prev_state=I ==> next_comm=swapper/3 next_pid=0 next_prio=120
          <idle>-0       [001] dnh.. 20014.212721: sched_wakeup: comm=bash pid=563 prio=120 target_cpu=001
          <idle>-0       [001] d.... 20014.212758: sched_switch: prev_comm=swapper/1 prev_pid=0 prev_prio=120 prev_state=R ==> next_comm=bash next_pid=563 next_prio=120
            sshd-562     [002] d.... 20014.212830: sched_switch: prev_comm=sshd prev_pid=562 prev_prio=120 prev_state=S ==> next_comm=swapper/2 next_pid=0 next_prio=120
          <idle>-0       [003] dnh.. 20014.213082: sched_wakeup: comm=kworker/u16:2 pid=49 prio=120 target_cpu=003
          <idle>-0       [003] d.... 20014.213124: sched_switch: prev_comm=swapper/3 prev_pid=0 prev_prio=120 prev_state=R ==> next_comm=kworker/u16:2 next_pid=49 next_prio=120
            bash-563     [001] d.... 20014.213127: sched_switch: prev_comm=bash prev_pid=563 prev_prio=120 prev_state=S ==> next_comm=swapper/1 next_pid=0 next_prio=120
   kworker/u16:2-49      [003] d.... 20014.213203: sched_switch: prev_comm=kworker/u16:2 prev_pid=49 prev_prio=120 prev_state=I ==> next_comm=swapper/3 next_pid=0 next_prio=120
          <idle>-0       [002] dnh.. 20014.213230: sched_wakeup: comm=sshd pid=562 prio=120 target_cpu=002
          <idle>-0       [002] d.... 20014.213256: sched_switch: prev_comm=swapper/2 prev_pid=0 prev_prio=120 prev_state=R ==> next_comm=sshd next_pid=562 next_prio=120
            sshd-562     [002] d.... 20014.213947: sched_switch: prev_comm=sshd prev_pid=562 prev_prio=120 prev_state=S ==> next_comm=swapper/2 next_pid=0 next_prio=120
          <idle>-0       [003] dns.. 20014.311702: sched_wakeup: comm=kworker/3:1 pid=570 prio=120 target_cpu=003
          <idle>-0       [003] d.... 20014.311760: sched_switch: prev_comm=swapper/3 prev_pid=0 prev_prio=120 prev_state=R ==> next_comm=kworker/3:1 next_pid=570 next_prio=120
     kworker/3:1-570     [003] d.... 20014.311816: sched_switch: prev_comm=kworker/3:1 prev_pid=570 prev_prio=120 prev_state=I ==> next_comm=swapper/3 next_pid=0 next_prio=120
          <idle>-0       [000] dnH.. 20014.321801: sched_wakeup: comm=kcompactd0 pid=44 prio=120 target_cpu=000
          <idle>-0       [000] d.... 20014.321905: sched_switch: prev_comm=swapper/0 prev_pid=0 prev_prio=120 prev_state=R ==> next_comm=kcompactd0 next_pid=44 next_prio=120
      kcompactd0-44      [000] d.... 20014.321984: sched_switch: prev_comm=kcompactd0 prev_pid=44 prev_prio=120 prev_state=S ==> next_comm=swapper/0 next_pid=0 next_prio=120
          <idle>-0       [003] dns.. 20014.491794: sched_wakeup: comm=kworker/u16:2 pid=49 prio=120 target_cpu=003
          <idle>-0       [003] d.... 20014.491898: sched_switch: prev_comm=swapper/3 prev_pid=0 prev_prio=120 prev_state=R ==> next_comm=kworker/u16:2 next_pid=49 next_prio=120
   kworker/u16:2-49      [003] d.... 20014.492008: sched_switch: prev_comm=kworker/u16:2 prev_pid=49 prev_prio=120 prev_state=I ==> next_comm=swapper/3 next_pid=0 next_prio=120
          <idle>-0       [003] dns.. 20014.521775: sched_wakeup: comm=kworker/3:1 pid=570 prio=120 target_cpu=003
          <idle>-0       [003] d.... 20014.521866: sched_switch: prev_comm=swapper/3 prev_pid=0 prev_prio=120 prev_state=R ==> next_comm=kworker/3:1 next_pid=570 next_prio=120
     kworker/3:1-570     [003] d.... 20014.521949: sched_switch: prev_comm=kworker/3:1 prev_pid=570 prev_prio=120 prev_state=I ==> next_comm=swapper/3 next_pid=0 next_prio=120
          <idle>-0       [003] dnH.. 20014.651811: sched_wakeup: comm=kworker/u16:2 pid=49 prio=120 target_cpu=003
          <idle>-0       [003] d.... 20014.651903: sched_switch: prev_comm=swapper/3 prev_pid=0 prev_prio=120 prev_state=R ==> next_comm=kworker/u16:2 next_pid=49 next_prio=120
   kworker/u16:2-49      [003] d.... 20014.652049: sched_switch: prev_comm=kworker/u16:2 prev_pid=49 prev_prio=120 prev_state=I ==> next_comm=swapper/3 next_pid=0 next_prio=120
          <idle>-0       [001] dns.. 20014.731713: sched_wakeup: comm=kworker/1:0 pid=592 prio=120 target_cpu=001
          <idle>-0       [001] d.... 20014.731778: sched_switch: prev_comm=swapper/1 prev_pid=0 prev_prio=120 prev_state=R ==> next_comm=kworker/1:0 next_pid=592 next_prio=120
     kworker/1:0-592     [001] d.... 20014.731844: sched_switch: prev_comm=kworker/1:0 prev_pid=592 prev_prio=120 prev_state=I ==> next_comm=swapper/1 next_pid=0 next_prio=120
          <idle>-0       [000] dnH.. 20014.831788: sched_wakeup: comm=kcompactd0 pid=44 prio=120 target_cpu=000
          <idle>-0       [000] d.... 20014.831896: sched_switch: prev_comm=swapper/0 prev_pid=0 prev_prio=120 prev_state=R ==> next_comm=kcompactd0 next_pid=44 next_prio=120
      kcompactd0-44      [000] d.... 20014.831973: sched_switch: prev_comm=kcompactd0 prev_pid=44 prev_prio=120 prev_state=S ==> next_comm=swapper/0 next_pid=0 next_prio=120
          <idle>-0       [001] dns.. 20014.941690: sched_wakeup: comm=kworker/1:0 pid=592 prio=120 target_cpu=001
          <idle>-0       [001] d.... 20014.941762: sched_switch: prev_comm=swapper/1 prev_pid=0 prev_prio=120 prev_state=R ==> next_comm=kworker/1:0 next_pid=592 next_prio=120
     kworker/1:0-592     [001] d.... 20014.941821: sched_switch: prev_comm=kworker/1:0 prev_pid=592 prev_prio=120 prev_state=I ==> next_comm=swapper/1 next_pid=0 next_prio=120
          <idle>-0       [001] dns.. 20015.131701: sched_wakeup: comm=kworker/1:0 pid=592 prio=120 target_cpu=001
          <idle>-0       [000] dns.. 20015.131722: sched_wakeup: comm=kworker/0:2 pid=568 prio=120 target_cpu=000
          <idle>-0       [000] d.... 20015.131786: sched_switch: prev_comm=swapper/0 prev_pid=0 prev_prio=120 prev_state=R ==> next_comm=kworker/0:2 next_pid=568 next_prio=120
          <idle>-0       [001] d.... 20015.131835: sched_switch: prev_comm=swapper/1 prev_pid=0 prev_prio=120 prev_state=R ==> next_comm=kworker/1:0 next_pid=592 next_prio=120
     kworker/0:2-568     [000] d.... 20015.131835: sched_switch: prev_comm=kworker/0:2 prev_pid=568 prev_prio=120 prev_state=I ==> next_comm=swapper/0 next_pid=0 next_prio=120
     kworker/1:0-592     [001] d.... 20015.131937: sched_switch: prev_comm=kworker/1:0 prev_pid=592 prev_prio=120 prev_state=I ==> next_comm=swapper/1 next_pid=0 next_prio=120
          <idle>-0       [001] dns.. 20015.151675: sched_wakeup: comm=kworker/1:0 pid=592 prio=120 target_cpu=001
          <idle>-0       [001] d.... 20015.151714: sched_switch: prev_comm=swapper/1 prev_pid=0 prev_prio=120 prev_state=R ==> next_comm=kworker/1:0 next_pid=592 next_prio=120
     kworker/1:0-592     [001] d.... 20015.151758: sched_switch: prev_comm=kworker/1:0 prev_pid=592 prev_prio=120 prev_state=I ==> next_comm=swapper/1 next_pid=0 next_prio=120
          <idle>-0       [000] dnH.. 20015.341813: sched_wakeup: comm=kcompactd0 pid=44 prio=120 target_cpu=000
          <idle>-0       [000] d.... 20015.341913: sched_switch: prev_comm=swapper/0 prev_pid=0 prev_prio=120 prev_state=R ==> next_comm=kcompactd0 next_pid=44 next_prio=120
      kcompactd0-44      [000] d.... 20015.341977: sched_switch: prev_comm=kcompactd0 prev_pid=44 prev_prio=120 prev_state=S ==> next_comm=swapper/0 next_pid=0 next_prio=120
          <idle>-0       [001] dns.. 20015.361691: sched_wakeup: comm=kworker/1:0 pid=592 prio=120 target_cpu=001
          <idle>-0       [001] d.... 20015.361746: sched_switch: prev_comm=swapper/1 prev_pid=0 prev_prio=120 prev_state=R ==> next_comm=kworker/1:0 next_pid=592 next_prio=120
     kworker/1:0-592     [001] d.... 20015.361805: sched_switch: prev_comm=kworker/1:0 prev_pid=592 prev_prio=120 prev_state=I ==> next_comm=swapper/1 next_pid=0 next_prio=120
          <idle>-0       [001] dns.. 20015.571679: sched_wakeup: comm=kworker/1:0 pid=592 prio=120 target_cpu=001
          <idle>-0       [001] d.... 20015.571731: sched_switch: prev_comm=swapper/1 prev_pid=0 prev_prio=120 prev_state=R ==> next_comm=kworker/1:0 next_pid=592 next_prio=120
     kworker/1:0-592     [001] d.... 20015.571777: sched_switch: prev_comm=kworker/1:0 prev_pid=592 prev_prio=120 prev_state=I ==> next_comm=swapper/1 next_pid=0 next_prio=120
          <idle>-0       [003] dns.. 20015.581722: sched_wakeup: comm=kworker/u16:2 pid=49 prio=120 target_cpu=003
          <idle>-0       [003] d.... 20015.581783: sched_switch: prev_comm=swapper/3 prev_pid=0 prev_prio=120 prev_state=R ==> next_comm=kworker/u16:2 next_pid=49 next_prio=120
   kworker/u16:2-49      [003] d.... 20015.581847: sched_switch: prev_comm=kworker/u16:2 prev_pid=49 prev_prio=120 prev_state=I ==> next_comm=swapper/3 next_pid=0 next_prio=120
          <idle>-0       [001] dnh.. 20015.706292: sched_wakeup: comm=raspbian_proc pid=608 prio=120 target_cpu=001
          <idle>-0       [001] d.... 20015.706334: sched_switch: prev_comm=swapper/1 prev_pid=0 prev_prio=120 prev_state=R ==> next_comm=raspbian_proc next_pid=608 next_prio=120
   raspbian_proc-608     [001] d.... 20015.706485: sched_wakeup: comm=kworker/1:0 pid=592 prio=120 target_cpu=001
   raspbian_proc-608     [001] d.... 20015.706586: sched_switch: prev_comm=raspbian_proc prev_pid=608 prev_prio=120 prev_state=S ==> next_comm=kworker/1:0 next_pid=592 next_prio=120
     kworker/1:0-592     [001] d.... 20015.706696: sched_switch: prev_comm=kworker/1:0 prev_pid=592 prev_prio=120 prev_state=I ==> next_comm=swapper/1 next_pid=0 next_prio=120
          <idle>-0       [001] dns.. 20015.771706: sched_wakeup: comm=kworker/1:0 pid=592 prio=120 target_cpu=001
          <idle>-0       [001] d.... 20015.771776: sched_switch: prev_comm=swapper/1 prev_pid=0 prev_prio=120 prev_state=R ==> next_comm=kworker/1:0 next_pid=592 next_prio=120
     kworker/1:0-592     [001] d.h.. 20015.771864: sched_wakeup: comm=kworker/1:0 pid=592 prio=120 target_cpu=001
     kworker/1:0-592     [001] d.... 20015.771935: sched_switch: prev_comm=kworker/1:0 prev_pid=592 prev_prio=120 prev_state=I ==> next_comm=swapper/1 next_pid=0 next_prio=120
          <idle>-0       [001] dns.. 20015.781687: sched_wakeup: comm=kworker/1:0 pid=592 prio=120 target_cpu=001
          <idle>-0       [001] d.... 20015.781730: sched_switch: prev_comm=swapper/1 prev_pid=0 prev_prio=120 prev_state=R ==> next_comm=kworker/1:0 next_pid=592 next_prio=120
     kworker/1:0-592     [001] d.... 20015.781773: sched_switch: prev_comm=kworker/1:0 prev_pid=592 prev_prio=120 prev_state=I ==> next_comm=swapper/1 next_pid=0 next_prio=120
          <idle>-0       [000] dnH.. 20015.851782: sched_wakeup: comm=kcompactd0 pid=44 prio=120 target_cpu=000
          <idle>-0       [000] d.... 20015.851911: sched_switch: prev_comm=swapper/0 prev_pid=0 prev_prio=120 prev_state=R ==> next_comm=kcompactd0 next_pid=44 next_prio=120
      kcompactd0-44      [000] d.... 20015.851974: sched_switch: prev_comm=kcompactd0 prev_pid=44 prev_prio=120 prev_state=S ==> next_comm=swapper/0 next_pid=0 next_prio=120
          <idle>-0       [002] dnh.. 20015.866199: sched_wakeup: comm=sshd pid=562 prio=120 target_cpu=002
          <idle>-0       [002] d.... 20015.866281: sched_switch: prev_comm=swapper/2 prev_pid=0 prev_prio=120 prev_state=R ==> next_comm=sshd next_pid=562 next_prio=120
          <idle>-0       [003] dnh.. 20015.867198: sched_wakeup: comm=kworker/u16:2 pid=49 prio=120 target_cpu=003
          <idle>-0       [003] d.... 20015.867238: sched_switch: prev_comm=swapper/3 prev_pid=0 prev_prio=120 prev_state=R ==> next_comm=kworker/u16:2 next_pid=49 next_prio=120
   kworker/u16:2-49      [003] d.... 20015.867291: sched_switch: prev_comm=kworker/u16:2 prev_pid=49 prev_prio=120 prev_state=I ==> next_comm=swapper/3 next_pid=0 next_prio=120
            sshd-562     [002] d.... 20015.867295: sched_switch: prev_comm=sshd prev_pid=562 prev_prio=120 prev_state=S ==> next_comm=swapper/2 next_pid=0 next_prio=120
          <idle>-0       [001] dnh.. 20015.867307: sched_wakeup: comm=bash pid=563 prio=120 target_cpu=001
          <idle>-0       [001] d.... 20015.867343: sched_switch: prev_comm=swapper/1 prev_pid=0 prev_prio=120 prev_state=R ==> next_comm=bash next_pid=563 next_prio=120
          <idle>-0       [003] dnh.. 20015.867617: sched_wakeup: comm=kworker/u16:2 pid=49 prio=120 target_cpu=003
          <idle>-0       [003] d.... 20015.867637: sched_switch: prev_comm=swapper/3 prev_pid=0 prev_prio=120 prev_state=R ==> next_comm=kworker/u16:2 next_pid=49 next_prio=120
   kworker/u16:2-49      [003] d.... 20015.867671: sched_switch: prev_comm=kworker/u16:2 prev_pid=49 prev_prio=120 prev_state=I ==> next_comm=swapper/3 next_pid=0 next_prio=120
            bash-563     [001] d.... 20015.867711: sched_switch: prev_comm=bash prev_pid=563 prev_prio=120 prev_state=S ==> next_comm=swapper/1 next_pid=0 next_prio=120
          <idle>-0       [002] dnh.. 20015.867720: sched_wakeup: comm=sshd pid=562 prio=120 target_cpu=002
          <idle>-0       [002] d.... 20015.867751: sched_switch: prev_comm=swapper/2 prev_pid=0 prev_prio=120 prev_state=R ==> next_comm=sshd next_pid=562 next_prio=120
            sshd-562     [002] d.... 20015.868471: sched_switch: prev_comm=sshd prev_pid=562 prev_prio=120 prev_state=S ==> next_comm=swapper/2 next_pid=0 next_prio=120
          <idle>-0       [002] dns.. 20015.991814: sched_wakeup: comm=kworker/2:0 pid=557 prio=120 target_cpu=002
          <idle>-0       [002] d.... 20015.991944: sched_switch: prev_comm=swapper/2 prev_pid=0 prev_prio=120 prev_state=R ==> next_comm=kworker/2:0 next_pid=557 next_prio=120
     kworker/2:0-557     [002] d.... 20015.992065: sched_switch: prev_comm=kworker/2:0 prev_pid=557 prev_prio=120 prev_state=I ==> next_comm=swapper/2 next_pid=0 next_prio=120
          <idle>-0       [002] dnh.. 20016.142196: sched_wakeup: comm=sshd pid=562 prio=120 target_cpu=002
          <idle>-0       [002] d.... 20016.142276: sched_switch: prev_comm=swapper/2 prev_pid=0 prev_prio=120 prev_state=R ==> next_comm=sshd next_pid=562 next_prio=120
          <idle>-0       [003] dnh.. 20016.142914: sched_wakeup: comm=kworker/u16:2 pid=49 prio=120 target_cpu=003
            sshd-562     [002] d.... 20016.142964: sched_switch: prev_comm=sshd prev_pid=562 prev_prio=120 prev_state=S ==> next_comm=swapper/2 next_pid=0 next_prio=120
          <idle>-0       [003] d.... 20016.142996: sched_switch: prev_comm=swapper/3 prev_pid=0 prev_prio=120 prev_state=R ==> next_comm=kworker/u16:2 next_pid=49 next_prio=120
          <idle>-0       [001] dnh.. 20016.143106: sched_wakeup: comm=bash pid=563 prio=120 target_cpu=001
   kworker/u16:2-49      [003] d.... 20016.143113: sched_switch: prev_comm=kworker/u16:2 prev_pid=49 prev_prio=120 prev_state=I ==> next_comm=swapper/3 next_pid=0 next_prio=120
          <idle>-0       [001] d.... 20016.143214: sched_switch: prev_comm=swapper/1 prev_pid=0 prev_prio=120 prev_state=R ==> next_comm=bash next_pid=563 next_prio=120
          <idle>-0       [003] dnh.. 20016.143524: sched_wakeup: comm=kworker/u16:2 pid=49 prio=120 target_cpu=003
          <idle>-0       [003] d.... 20016.143566: sched_switch: prev_comm=swapper/3 prev_pid=0 prev_prio=120 prev_state=R ==> next_comm=kworker/u16:2 next_pid=49 next_prio=120
            bash-563     [001] d.... 20016.143578: sched_switch: prev_comm=bash prev_pid=563 prev_prio=120 prev_state=S ==> next_comm=swapper/1 next_pid=0 next_prio=120
   kworker/u16:2-49      [003] d.... 20016.143650: sched_switch: prev_comm=kworker/u16:2 prev_pid=49 prev_prio=120 prev_state=I ==> next_comm=swapper/3 next_pid=0 next_prio=120
          <idle>-0       [002] dnh.. 20016.143721: sched_wakeup: comm=sshd pid=562 prio=120 target_cpu=002
          <idle>-0       [002] d.... 20016.143772: sched_switch: prev_comm=swapper/2 prev_pid=0 prev_prio=120 prev_state=R ==> next_comm=sshd next_pid=562 next_prio=120
            sshd-562     [002] d.... 20016.144795: sched_switch: prev_comm=sshd prev_pid=562 prev_prio=120 prev_state=S ==> next_comm=swapper/2 next_pid=0 next_prio=120
          <idle>-0       [001] dns.. 20016.171708: sched_wakeup: comm=kworker/1:0 pid=592 prio=120 target_cpu=001
          <idle>-0       [000] dns.. 20016.171786: sched_wakeup: comm=kworker/0:2 pid=568 prio=120 target_cpu=000
          <idle>-0       [001] d.... 20016.171789: sched_switch: prev_comm=swapper/1 prev_pid=0 prev_prio=120 prev_state=R ==> next_comm=kworker/1:0 next_pid=592 next_prio=120
     kworker/1:0-592     [001] d.... 20016.171882: sched_switch: prev_comm=kworker/1:0 prev_pid=592 prev_prio=120 prev_state=I ==> next_comm=swapper/1 next_pid=0 next_prio=120
          <idle>-0       [000] d.... 20016.171901: sched_switch: prev_comm=swapper/0 prev_pid=0 prev_prio=120 prev_state=R ==> next_comm=kworker/0:2 next_pid=568 next_prio=120
          <idle>-0       [001] dnh.. 20016.172010: sched_wakeup: comm=kworker/1:0 pid=592 prio=120 target_cpu=001
     kworker/0:2-568     [000] d.... 20016.172020: sched_switch: prev_comm=kworker/0:2 prev_pid=568 prev_prio=120 prev_state=I ==> next_comm=swapper/0 next_pid=0 next_prio=120
          <idle>-0       [001] d.... 20016.172032: sched_switch: prev_comm=swapper/1 prev_pid=0 prev_prio=120 prev_state=R ==> next_comm=kworker/1:0 next_pid=592 next_prio=120
     kworker/1:0-592     [001] d.... 20016.172075: sched_switch: prev_comm=kworker/1:0 prev_pid=592 prev_prio=120 prev_state=I ==> next_comm=swapper/1 next_pid=0 next_prio=120
          <idle>-0       [000] dns.. 20016.201777: sched_wakeup: comm=kworker/0:2 pid=568 prio=120 target_cpu=000
          <idle>-0       [000] d.... 20016.201860: sched_switch: prev_comm=swapper/0 prev_pid=0 prev_prio=120 prev_state=R ==> next_comm=kworker/0:2 next_pid=568 next_prio=120
     kworker/0:2-568     [000] d.... 20016.201950: sched_switch: prev_comm=kworker/0:2 prev_pid=568 prev_prio=120 prev_state=I ==> next_comm=swapper/0 next_pid=0 next_prio=120
          <idle>-0       [002] dnh.. 20016.303228: sched_wakeup: comm=sshd pid=562 prio=120 target_cpu=002
          <idle>-0       [002] d.... 20016.303312: sched_switch: prev_comm=swapper/2 prev_pid=0 prev_prio=120 prev_state=R ==> next_comm=sshd next_pid=562 next_prio=120
          <idle>-0       [003] dnh.. 20016.304067: sched_wakeup: comm=kworker/u16:2 pid=49 prio=120 target_cpu=003
            sshd-562     [002] d.... 20016.304109: sched_switch: prev_comm=sshd prev_pid=562 prev_prio=120 prev_state=S ==> next_comm=swapper/2 next_pid=0 next_prio=120
          <idle>-0       [003] d.... 20016.304138: sched_switch: prev_comm=swapper/3 prev_pid=0 prev_prio=120 prev_state=R ==> next_comm=kworker/u16:2 next_pid=49 next_prio=120
          <idle>-0       [001] dnh.. 20016.304235: sched_wakeup: comm=bash pid=563 prio=120 target_cpu=001
   kworker/u16:2-49      [003] d.... 20016.304242: sched_switch: prev_comm=kworker/u16:2 prev_pid=49 prev_prio=120 prev_state=I ==> next_comm=swapper/3 next_pid=0 next_prio=120
          <idle>-0       [001] d.... 20016.304275: sched_switch: prev_comm=swapper/1 prev_pid=0 prev_prio=120 prev_state=R ==> next_comm=bash next_pid=563 next_prio=120
          <idle>-0       [003] dnh.. 20016.304589: sched_wakeup: comm=kworker/u16:2 pid=49 prio=120 target_cpu=003
          <idle>-0       [003] d.... 20016.304631: sched_switch: prev_comm=swapper/3 prev_pid=0 prev_prio=120 prev_state=R ==> next_comm=kworker/u16:2 next_pid=49 next_prio=120
            bash-563     [001] d.... 20016.304649: sched_switch: prev_comm=bash prev_pid=563 prev_prio=120 prev_state=S ==> next_comm=swapper/1 next_pid=0 next_prio=120
   kworker/u16:2-49      [003] d.... 20016.304705: sched_switch: prev_comm=kworker/u16:2 prev_pid=49 prev_prio=120 prev_state=I ==> next_comm=swapper/3 next_pid=0 next_prio=120
          <idle>-0       [002] dnh.. 20016.304732: sched_wakeup: comm=sshd pid=562 prio=120 target_cpu=002
          <idle>-0       [002] d.... 20016.304759: sched_switch: prev_comm=swapper/2 prev_pid=0 prev_prio=120 prev_state=R ==> next_comm=sshd next_pid=562 next_prio=120
            sshd-562     [002] d.... 20016.305920: sched_switch: prev_comm=sshd prev_pid=562 prev_prio=120 prev_state=S ==> next_comm=swapper/2 next_pid=0 next_prio=120
          <idle>-0       [001] dnh.. 20016.331705: sched_wakeup: comm=kworker/1:0 pid=592 prio=120 target_cpu=001
          <idle>-0       [001] d.... 20016.331749: sched_switch: prev_comm=swapper/1 prev_pid=0 prev_prio=120 prev_state=R ==> next_comm=kworker/1:0 next_pid=592 next_prio=120
     kworker/1:0-592     [001] d.... 20016.331801: sched_switch: prev_comm=kworker/1:0 prev_pid=592 prev_prio=120 prev_state=I ==> next_comm=swapper/1 next_pid=0 next_prio=120
          <idle>-0       [000] dnH.. 20016.361789: sched_wakeup: comm=kcompactd0 pid=44 prio=120 target_cpu=000
          <idle>-0       [000] d.... 20016.361906: sched_switch: prev_comm=swapper/0 prev_pid=0 prev_prio=120 prev_state=R ==> next_comm=kcompactd0 next_pid=44 next_prio=120
      kcompactd0-44      [000] d.... 20016.361966: sched_switch: prev_comm=kcompactd0 prev_pid=44 prev_prio=120 prev_state=S ==> next_comm=swapper/0 next_pid=0 next_prio=120
          <idle>-0       [001] dns.. 20016.411701: sched_wakeup: comm=kworker/1:0 pid=592 prio=120 target_cpu=001
          <idle>-0       [001] d.... 20016.411755: sched_switch: prev_comm=swapper/1 prev_pid=0 prev_prio=120 prev_state=R ==> next_comm=kworker/1:0 next_pid=592 next_prio=120
     kworker/1:0-592     [001] d.... 20016.411806: sched_switch: prev_comm=kworker/1:0 prev_pid=592 prev_prio=120 prev_state=I ==> next_comm=swapper/1 next_pid=0 next_prio=120
          <idle>-0       [002] dnh.. 20016.459046: sched_wakeup: comm=sshd pid=562 prio=120 target_cpu=002
          <idle>-0       [002] d.... 20016.459125: sched_switch: prev_comm=swapper/2 prev_pid=0 prev_prio=120 prev_state=R ==> next_comm=sshd next_pid=562 next_prio=120
          <idle>-0       [003] dnh.. 20016.460047: sched_wakeup: comm=kworker/u16:2 pid=49 prio=120 target_cpu=003
          <idle>-0       [003] d.... 20016.460087: sched_switch: prev_comm=swapper/3 prev_pid=0 prev_prio=120 prev_state=R ==> next_comm=kworker/u16:2 next_pid=49 next_prio=120
   kworker/u16:2-49      [003] d.... 20016.460141: sched_switch: prev_comm=kworker/u16:2 prev_pid=49 prev_prio=120 prev_state=I ==> next_comm=swapper/3 next_pid=0 next_prio=120
          <idle>-0       [001] dnh.. 20016.460155: sched_wakeup: comm=bash pid=563 prio=120 target_cpu=001
          <idle>-0       [001] d.... 20016.460192: sched_switch: prev_comm=swapper/1 prev_pid=0 prev_prio=120 prev_state=R ==> next_comm=bash next_pid=563 next_prio=120
            sshd-562     [002] d.... 20016.460210: sched_switch: prev_comm=sshd prev_pid=562 prev_prio=120 prev_state=S ==> next_comm=swapper/2 next_pid=0 next_prio=120
          <idle>-0       [003] dnh.. 20016.460594: sched_wakeup: comm=kworker/u16:2 pid=49 prio=120 target_cpu=003
          <idle>-0       [003] d.... 20016.460635: sched_switch: prev_comm=swapper/3 prev_pid=0 prev_prio=120 prev_state=R ==> next_comm=kworker/u16:2 next_pid=49 next_prio=120
            bash-563     [001] d.... 20016.460652: sched_switch: prev_comm=bash prev_pid=563 prev_prio=120 prev_state=S ==> next_comm=swapper/1 next_pid=0 next_prio=120
   kworker/u16:2-49      [003] d.... 20016.460710: sched_switch: prev_comm=kworker/u16:2 prev_pid=49 prev_prio=120 prev_state=I ==> next_comm=swapper/3 next_pid=0 next_prio=120
          <idle>-0       [002] dnh.. 20016.460750: sched_wakeup: comm=sshd pid=562 prio=120 target_cpu=002
          <idle>-0       [002] d.... 20016.460780: sched_switch: prev_comm=swapper/2 prev_pid=0 prev_prio=120 prev_state=R ==> next_comm=sshd next_pid=562 next_prio=120
            sshd-562     [002] d.... 20016.461472: sched_switch: prev_comm=sshd prev_pid=562 prev_prio=120 prev_state=S ==> next_comm=swapper/2 next_pid=0 next_prio=120
          <idle>-0       [001] dns.. 20016.621684: sched_wakeup: comm=kworker/1:0 pid=592 prio=120 target_cpu=001
          <idle>-0       [001] d.... 20016.621749: sched_switch: prev_comm=swapper/1 prev_pid=0 prev_prio=120 prev_state=R ==> next_comm=kworker/1:0 next_pid=592 next_prio=120
     kworker/1:0-592     [001] d.... 20016.621805: sched_switch: prev_comm=kworker/1:0 prev_pid=592 prev_prio=120 prev_state=I ==> next_comm=swapper/1 next_pid=0 next_prio=120
          <idle>-0       [002] dns.. 20016.655996: sched_wakeup: comm=sshd pid=562 prio=120 target_cpu=002
          <idle>-0       [002] d.... 20016.656052: sched_switch: prev_comm=swapper/2 prev_pid=0 prev_prio=120 prev_state=R ==> next_comm=sshd next_pid=562 next_prio=120
          <idle>-0       [003] dnh.. 20016.656640: sched_wakeup: comm=kworker/u16:2 pid=49 prio=120 target_cpu=003
          <idle>-0       [003] d.... 20016.656685: sched_switch: prev_comm=swapper/3 prev_pid=0 prev_prio=120 prev_state=R ==> next_comm=kworker/u16:2 next_pid=49 next_prio=120
   kworker/u16:2-49      [003] d.... 20016.656746: sched_switch: prev_comm=kworker/u16:2 prev_pid=49 prev_prio=120 prev_state=I ==> next_comm=swapper/3 next_pid=0 next_prio=120
          <idle>-0       [001] dnh.. 20016.656758: sched_wakeup: comm=bash pid=563 prio=120 target_cpu=001
            sshd-562     [002] d.... 20016.656767: sched_switch: prev_comm=sshd prev_pid=562 prev_prio=120 prev_state=S ==> next_comm=swapper/2 next_pid=0 next_prio=120
          <idle>-0       [001] d.... 20016.656795: sched_switch: prev_comm=swapper/1 prev_pid=0 prev_prio=120 prev_state=R ==> next_comm=bash next_pid=563 next_prio=120
          <idle>-0       [003] dnh.. 20016.657108: sched_wakeup: comm=kworker/u16:2 pid=49 prio=120 target_cpu=003
          <idle>-0       [003] d.... 20016.657127: sched_switch: prev_comm=swapper/3 prev_pid=0 prev_prio=120 prev_state=R ==> next_comm=kworker/u16:2 next_pid=49 next_prio=120
   kworker/u16:2-49      [003] d.... 20016.657165: sched_switch: prev_comm=kworker/u16:2 prev_pid=49 prev_prio=120 prev_state=I ==> next_comm=swapper/3 next_pid=0 next_prio=120
            bash-563     [001] d.... 20016.657188: sched_switch: prev_comm=bash prev_pid=563 prev_prio=120 prev_state=S ==> next_comm=swapper/1 next_pid=0 next_prio=120
          <idle>-0       [002] dnh.. 20016.657204: sched_wakeup: comm=sshd pid=562 prio=120 target_cpu=002
          <idle>-0       [002] d.... 20016.657231: sched_switch: prev_comm=swapper/2 prev_pid=0 prev_prio=120 prev_state=R ==> next_comm=sshd next_pid=562 next_prio=120
            sshd-562     [002] d.... 20016.657959: sched_switch: prev_comm=sshd prev_pid=562 prev_prio=120 prev_state=S ==> next_comm=swapper/2 next_pid=0 next_prio=120
          <idle>-0       [002] dnh.. 20016.713637: sched_wakeup: comm=sshd pid=562 prio=120 target_cpu=002
          <idle>-0       [002] d.... 20016.713679: sched_switch: prev_comm=swapper/2 prev_pid=0 prev_prio=120 prev_state=R ==> next_comm=sshd next_pid=562 next_prio=120
          <idle>-0       [003] dnh.. 20016.714158: sched_wakeup: comm=kworker/u16:2 pid=49 prio=120 target_cpu=003
            sshd-562     [002] d.... 20016.714228: sched_switch: prev_comm=sshd prev_pid=562 prev_prio=120 prev_state=S ==> next_comm=swapper/2 next_pid=0 next_prio=120
          <idle>-0       [003] d.... 20016.714232: sched_switch: prev_comm=swapper/3 prev_pid=0 prev_prio=120 prev_state=R ==> next_comm=kworker/u16:2 next_pid=49 next_prio=120
          <idle>-0       [001] dnh.. 20016.714323: sched_wakeup: comm=bash pid=563 prio=120 target_cpu=001
   kworker/u16:2-49      [003] d.... 20016.714330: sched_switch: prev_comm=kworker/u16:2 prev_pid=49 prev_prio=120 prev_state=I ==> next_comm=swapper/3 next_pid=0 next_prio=120
          <idle>-0       [001] d.... 20016.714359: sched_switch: prev_comm=swapper/1 prev_pid=0 prev_prio=120 prev_state=R ==> next_comm=bash next_pid=563 next_prio=120
          <idle>-0       [003] dnh.. 20016.714656: sched_wakeup: comm=kworker/u16:2 pid=49 prio=120 target_cpu=003
          <idle>-0       [003] d.... 20016.714675: sched_switch: prev_comm=swapper/3 prev_pid=0 prev_prio=120 prev_state=R ==> next_comm=kworker/u16:2 next_pid=49 next_prio=120
   kworker/u16:2-49      [003] d.... 20016.714709: sched_switch: prev_comm=kworker/u16:2 prev_pid=49 prev_prio=120 prev_state=I ==> next_comm=swapper/3 next_pid=0 next_prio=120
            bash-563     [001] d.... 20016.714717: sched_switch: prev_comm=bash prev_pid=563 prev_prio=120 prev_state=S ==> next_comm=swapper/1 next_pid=0 next_prio=120
          <idle>-0       [002] dnh.. 20016.714798: sched_wakeup: comm=sshd pid=562 prio=120 target_cpu=002
          <idle>-0       [002] d.... 20016.714845: sched_switch: prev_comm=swapper/2 prev_pid=0 prev_prio=120 prev_state=R ==> next_comm=sshd next_pid=562 next_prio=120
            sshd-562     [002] d.... 20016.715917: sched_switch: prev_comm=sshd prev_pid=562 prev_prio=120 prev_state=S ==> next_comm=swapper/2 next_pid=0 next_prio=120
          <idle>-0       [002] dnh.. 20016.813134: sched_wakeup: comm=sshd pid=562 prio=120 target_cpu=002
          <idle>-0       [002] d.... 20016.813223: sched_switch: prev_comm=swapper/2 prev_pid=0 prev_prio=120 prev_state=R ==> next_comm=sshd next_pid=562 next_prio=120
          <idle>-0       [003] dnh.. 20016.814016: sched_wakeup: comm=kworker/u16:2 pid=49 prio=120 target_cpu=003
            sshd-562     [002] d.... 20016.814085: sched_switch: prev_comm=sshd prev_pid=562 prev_prio=120 prev_state=S ==> next_comm=swapper/2 next_pid=0 next_prio=120
          <idle>-0       [003] d.... 20016.814099: sched_switch: prev_comm=swapper/3 prev_pid=0 prev_prio=120 prev_state=R ==> next_comm=kworker/u16:2 next_pid=49 next_prio=120
   kworker/u16:2-49      [003] d.... 20016.814195: sched_switch: prev_comm=kworker/u16:2 prev_pid=49 prev_prio=120 prev_state=I ==> next_comm=swapper/3 next_pid=0 next_prio=120
          <idle>-0       [001] dnh.. 20016.814195: sched_wakeup: comm=bash pid=563 prio=120 target_cpu=001
          <idle>-0       [001] d.... 20016.814238: sched_switch: prev_comm=swapper/1 prev_pid=0 prev_prio=120 prev_state=R ==> next_comm=bash next_pid=563 next_prio=120
          <idle>-0       [003] dnh.. 20016.814555: sched_wakeup: comm=kworker/u16:2 pid=49 prio=120 target_cpu=003
          <idle>-0       [003] d.... 20016.814596: sched_switch: prev_comm=swapper/3 prev_pid=0 prev_prio=120 prev_state=R ==> next_comm=kworker/u16:2 next_pid=49 next_prio=120
            bash-563     [001] d.... 20016.814598: sched_switch: prev_comm=bash prev_pid=563 prev_prio=120 prev_state=S ==> next_comm=swapper/1 next_pid=0 next_prio=120
   kworker/u16:2-49      [003] d.... 20016.814672: sched_switch: prev_comm=kworker/u16:2 prev_pid=49 prev_prio=120 prev_state=I ==> next_comm=swapper/3 next_pid=0 next_prio=120
          <idle>-0       [002] dnh.. 20016.814696: sched_wakeup: comm=sshd pid=562 prio=120 target_cpu=002
          <idle>-0       [002] d.... 20016.814722: sched_switch: prev_comm=swapper/2 prev_pid=0 prev_prio=120 prev_state=R ==> next_comm=sshd next_pid=562 next_prio=120
            sshd-562     [002] d.... 20016.815715: sched_switch: prev_comm=sshd prev_pid=562 prev_prio=120 prev_state=S ==> next_comm=swapper/2 next_pid=0 next_prio=120
          <idle>-0       [001] dns.. 20016.831682: sched_wakeup: comm=kworker/1:0 pid=592 prio=120 target_cpu=001
          <idle>-0       [001] d.... 20016.831736: sched_switch: prev_comm=swapper/1 prev_pid=0 prev_prio=120 prev_state=R ==> next_comm=kworker/1:0 next_pid=592 next_prio=120
     kworker/1:0-592     [001] d.... 20016.831790: sched_switch: prev_comm=kworker/1:0 prev_pid=592 prev_prio=120 prev_state=I ==> next_comm=swapper/1 next_pid=0 next_prio=120
          <idle>-0       [000] dnH.. 20016.871800: sched_wakeup: comm=kcompactd0 pid=44 prio=120 target_cpu=000
          <idle>-0       [000] d.... 20016.871892: sched_switch: prev_comm=swapper/0 prev_pid=0 prev_prio=120 prev_state=R ==> next_comm=kcompactd0 next_pid=44 next_prio=120
      kcompactd0-44      [000] d.... 20016.871962: sched_switch: prev_comm=kcompactd0 prev_pid=44 prev_prio=120 prev_state=S ==> next_comm=swapper/0 next_pid=0 next_prio=120
          <idle>-0       [002] dnh.. 20016.933570: sched_wakeup: comm=sshd pid=562 prio=120 target_cpu=002
          <idle>-0       [002] d.... 20016.933606: sched_switch: prev_comm=swapper/2 prev_pid=0 prev_prio=120 prev_state=R ==> next_comm=sshd next_pid=562 next_prio=120
          <idle>-0       [003] dnh.. 20016.934131: sched_wakeup: comm=kworker/u16:2 pid=49 prio=120 target_cpu=003
            sshd-562     [002] d.... 20016.934168: sched_switch: prev_comm=sshd prev_pid=562 prev_prio=120 prev_state=S ==> next_comm=swapper/2 next_pid=0 next_prio=120
          <idle>-0       [003] d.... 20016.934214: sched_switch: prev_comm=swapper/3 prev_pid=0 prev_prio=120 prev_state=R ==> next_comm=kworker/u16:2 next_pid=49 next_prio=120
   kworker/u16:2-49      [003] d.... 20016.934327: sched_switch: prev_comm=kworker/u16:2 prev_pid=49 prev_prio=120 prev_state=I ==> next_comm=swapper/3 next_pid=0 next_prio=120
          <idle>-0       [001] dnh.. 20016.934387: sched_wakeup: comm=bash pid=563 prio=120 target_cpu=001
          <idle>-0       [001] d.... 20016.934479: sched_switch: prev_comm=swapper/1 prev_pid=0 prev_prio=120 prev_state=R ==> next_comm=bash next_pid=563 next_prio=120
          <idle>-0       [003] dnh.. 20016.935020: sched_wakeup: comm=kworker/u16:2 pid=49 prio=120 target_cpu=003
          <idle>-0       [003] d.... 20016.935060: sched_switch: prev_comm=swapper/3 prev_pid=0 prev_prio=120 prev_state=R ==> next_comm=kworker/u16:2 next_pid=49 next_prio=120
   kworker/u16:2-49      [003] d.... 20016.935134: sched_switch: prev_comm=kworker/u16:2 prev_pid=49 prev_prio=120 prev_state=I ==> next_comm=swapper/3 next_pid=0 next_prio=120
            bash-563     [001] d.... 20016.935142: sched_switch: prev_comm=bash prev_pid=563 prev_prio=120 prev_state=S ==> next_comm=swapper/1 next_pid=0 next_prio=120
          <idle>-0       [002] dnh.. 20016.935148: sched_wakeup: comm=sshd pid=562 prio=120 target_cpu=002
          <idle>-0       [002] d.... 20016.935173: sched_switch: prev_comm=swapper/2 prev_pid=0 prev_prio=120 prev_state=R ==> next_comm=sshd next_pid=562 next_prio=120
            sshd-562     [002] d.... 20016.935781: sched_switch: prev_comm=sshd prev_pid=562 prev_prio=120 prev_state=S ==> next_comm=swapper/2 next_pid=0 next_prio=120
          <idle>-0       [002] dns.. 20017.041692: sched_wakeup: comm=kworker/2:0 pid=557 prio=120 target_cpu=002
          <idle>-0       [002] d.... 20017.041750: sched_switch: prev_comm=swapper/2 prev_pid=0 prev_prio=120 prev_state=R ==> next_comm=kworker/2:0 next_pid=557 next_prio=120
     kworker/2:0-557     [002] d.... 20017.041809: sched_switch: prev_comm=kworker/2:0 prev_pid=557 prev_prio=120 prev_state=I ==> next_comm=swapper/2 next_pid=0 next_prio=120
          <idle>-0       [001] dns.. 20017.131701: sched_wakeup: comm=hwrng pid=62 prio=120 target_cpu=001
          <idle>-0       [001] dns.. 20017.131727: sched_wakeup: comm=kworker/1:0 pid=592 prio=120 target_cpu=001
          <idle>-0       [001] d.... 20017.131811: sched_switch: prev_comm=swapper/1 prev_pid=0 prev_prio=120 prev_state=R ==> next_comm=hwrng next_pid=62 next_prio=120
          <idle>-0       [003] dnH.. 20017.131845: sched_wakeup: comm=kworker/u16:2 pid=49 prio=120 target_cpu=003
           hwrng-62      [001] d.... 20017.131858: sched_switch: prev_comm=hwrng prev_pid=62 prev_prio=120 prev_state=S ==> next_comm=kworker/1:0 next_pid=592 next_prio=120
          <idle>-0       [000] dns.. 20017.131872: sched_wakeup: comm=kworker/0:2 pid=568 prio=120 target_cpu=000
     kworker/1:0-592     [001] d.... 20017.131912: sched_switch: prev_comm=kworker/1:0 prev_pid=592 prev_prio=120 prev_state=I ==> next_comm=swapper/1 next_pid=0 next_prio=120
          <idle>-0       [000] dns.. 20017.131929: sched_wakeup: comm=ksoftirqd/0 pid=14 prio=120 target_cpu=000
          <idle>-0       [003] d.... 20017.131968: sched_switch: prev_comm=swapper/3 prev_pid=0 prev_prio=120 prev_state=R ==> next_comm=kworker/u16:2 next_pid=49 next_prio=120
          <idle>-0       [000] d.... 20017.132003: sched_switch: prev_comm=swapper/0 prev_pid=0 prev_prio=120 prev_state=R ==> next_comm=kworker/0:2 next_pid=568 next_prio=120
     kworker/0:2-568     [000] d.... 20017.132092: sched_switch: prev_comm=kworker/0:2 prev_pid=568 prev_prio=120 prev_state=I ==> next_comm=ksoftirqd/0 next_pid=14 next_prio=120
   kworker/u16:2-49      [003] d.... 20017.132096: sched_switch: prev_comm=kworker/u16:2 prev_pid=49 prev_prio=120 prev_state=I ==> next_comm=swapper/3 next_pid=0 next_prio=120
     ksoftirqd/0-14      [000] d.... 20017.132182: sched_switch: prev_comm=ksoftirqd/0 prev_pid=14 prev_prio=120 prev_state=S ==> next_comm=swapper/0 next_pid=0 next_prio=120
          <idle>-0       [001] dns.. 20017.211693: sched_wakeup: comm=kworker/1:0 pid=592 prio=120 target_cpu=001
          <idle>-0       [001] d.... 20017.211761: sched_switch: prev_comm=swapper/1 prev_pid=0 prev_prio=120 prev_state=R ==> next_comm=kworker/1:0 next_pid=592 next_prio=120
     kworker/1:0-592     [001] d.... 20017.211863: sched_switch: prev_comm=kworker/1:0 prev_pid=592 prev_prio=120 prev_state=I ==> next_comm=swapper/1 next_pid=0 next_prio=120
          <idle>-0       [001] dns.. 20017.251698: sched_wakeup: comm=kworker/1:0 pid=592 prio=120 target_cpu=001
          <idle>-0       [001] d.... 20017.251757: sched_switch: prev_comm=swapper/1 prev_pid=0 prev_prio=120 prev_state=R ==> next_comm=kworker/1:0 next_pid=592 next_prio=120
     kworker/1:0-592     [001] d.... 20017.251809: sched_switch: prev_comm=kworker/1:0 prev_pid=592 prev_prio=120 prev_state=I ==> next_comm=swapper/1 next_pid=0 next_prio=120
          <idle>-0       [000] dnH.. 20017.381786: sched_wakeup: comm=kcompactd0 pid=44 prio=120 target_cpu=000
          <idle>-0       [000] d.... 20017.381892: sched_switch: prev_comm=swapper/0 prev_pid=0 prev_prio=120 prev_state=R ==> next_comm=kcompactd0 next_pid=44 next_prio=120
      kcompactd0-44      [000] d.... 20017.381965: sched_switch: prev_comm=kcompactd0 prev_pid=44 prev_prio=120 prev_state=S ==> next_comm=swapper/0 next_pid=0 next_prio=120
          <idle>-0       [002] dns.. 20017.431557: sched_wakeup: comm=sshd pid=562 prio=120 target_cpu=002
          <idle>-0       [002] d.... 20017.431609: sched_switch: prev_comm=swapper/2 prev_pid=0 prev_prio=120 prev_state=R ==> next_comm=sshd next_pid=562 next_prio=120
          <idle>-0       [003] dnh.. 20017.432237: sched_wakeup: comm=kworker/u16:2 pid=49 prio=120 target_cpu=003
            sshd-562     [002] d.... 20017.432283: sched_switch: prev_comm=sshd prev_pid=562 prev_prio=120 prev_state=S ==> next_comm=swapper/2 next_pid=0 next_prio=120
          <idle>-0       [003] d.... 20017.432317: sched_switch: prev_comm=swapper/3 prev_pid=0 prev_prio=120 prev_state=R ==> next_comm=kworker/u16:2 next_pid=49 next_prio=120
   kworker/u16:2-49      [003] d.... 20017.432446: sched_switch: prev_comm=kworker/u16:2 prev_pid=49 prev_prio=120 prev_state=I ==> next_comm=swapper/3 next_pid=0 next_prio=120
          <idle>-0       [001] dnh.. 20017.432491: sched_wakeup: comm=bash pid=563 prio=120 target_cpu=001
          <idle>-0       [001] d.... 20017.432572: sched_switch: prev_comm=swapper/1 prev_pid=0 prev_prio=120 prev_state=R ==> next_comm=bash next_pid=563 next_prio=120
          <idle>-0       [003] dnh.. 20017.433090: sched_wakeup: comm=kworker/u16:2 pid=49 prio=120 target_cpu=003
          <idle>-0       [003] d.... 20017.433113: sched_switch: prev_comm=swapper/3 prev_pid=0 prev_prio=120 prev_state=R ==> next_comm=kworker/u16:2 next_pid=49 next_prio=120
   kworker/u16:2-49      [003] d.... 20017.433154: sched_switch: prev_comm=kworker/u16:2 prev_pid=49 prev_prio=120 prev_state=I ==> next_comm=swapper/3 next_pid=0 next_prio=120
          <idle>-0       [002] dnh.. 20017.433200: sched_wakeup: comm=sshd pid=562 prio=120 target_cpu=002
          <idle>-0       [002] d.... 20017.433227: sched_switch: prev_comm=swapper/2 prev_pid=0 prev_prio=120 prev_state=R ==> next_comm=sshd next_pid=562 next_prio=120
            bash-563     [001] d.... 20017.433233: sched_switch: prev_comm=bash prev_pid=563 prev_prio=120 prev_state=S ==> next_comm=swapper/1 next_pid=0 next_prio=120
            sshd-562     [002] d.... 20017.433801: sched_switch: prev_comm=sshd prev_pid=562 prev_prio=120 prev_state=S ==> next_comm=swapper/2 next_pid=0 next_prio=120
          <idle>-0       [001] dns.. 20017.461687: sched_wakeup: comm=kworker/1:0 pid=592 prio=120 target_cpu=001
          <idle>-0       [001] d.... 20017.461749: sched_switch: prev_comm=swapper/1 prev_pid=0 prev_prio=120 prev_state=R ==> next_comm=kworker/1:0 next_pid=592 next_prio=120
     kworker/1:0-592     [001] d.... 20017.461801: sched_switch: prev_comm=kworker/1:0 prev_pid=592 prev_prio=120 prev_state=I ==> next_comm=swapper/1 next_pid=0 next_prio=120
          <idle>-0       [002] dnh.. 20017.613280: sched_wakeup: comm=sshd pid=562 prio=120 target_cpu=002
          <idle>-0       [002] d.... 20017.613363: sched_switch: prev_comm=swapper/2 prev_pid=0 prev_prio=120 prev_state=R ==> next_comm=sshd next_pid=562 next_prio=120
          <idle>-0       [003] dnh.. 20017.614287: sched_wakeup: comm=kworker/u16:2 pid=49 prio=120 target_cpu=003
          <idle>-0       [003] d.... 20017.614330: sched_switch: prev_comm=swapper/3 prev_pid=0 prev_prio=120 prev_state=R ==> next_comm=kworker/u16:2 next_pid=49 next_prio=120
   kworker/u16:2-49      [003] d.... 20017.614398: sched_switch: prev_comm=kworker/u16:2 prev_pid=49 prev_prio=120 prev_state=I ==> next_comm=swapper/3 next_pid=0 next_prio=120
          <idle>-0       [001] dnh.. 20017.614408: sched_wakeup: comm=bash pid=563 prio=120 target_cpu=001
          <idle>-0       [001] d.... 20017.614449: sched_switch: prev_comm=swapper/1 prev_pid=0 prev_prio=120 prev_state=R ==> next_comm=bash next_pid=563 next_prio=120
            sshd-562     [002] d.... 20017.614470: sched_switch: prev_comm=sshd prev_pid=562 prev_prio=120 prev_state=S ==> next_comm=swapper/2 next_pid=0 next_prio=120
          <idle>-0       [003] dnh.. 20017.614733: sched_wakeup: comm=kworker/u16:2 pid=49 prio=120 target_cpu=003
          <idle>-0       [003] d.... 20017.614754: sched_switch: prev_comm=swapper/3 prev_pid=0 prev_prio=120 prev_state=R ==> next_comm=kworker/u16:2 next_pid=49 next_prio=120
   kworker/u16:2-49      [003] d.... 20017.614795: sched_switch: prev_comm=kworker/u16:2 prev_pid=49 prev_prio=120 prev_state=I ==> next_comm=swapper/3 next_pid=0 next_prio=120
            bash-563     [001] d.... 20017.614824: sched_switch: prev_comm=bash prev_pid=563 prev_prio=120 prev_state=S ==> next_comm=swapper/1 next_pid=0 next_prio=120
          <idle>-0       [002] dnh.. 20017.614842: sched_wakeup: comm=sshd pid=562 prio=120 target_cpu=002
          <idle>-0       [002] d.... 20017.614871: sched_switch: prev_comm=swapper/2 prev_pid=0 prev_prio=120 prev_state=R ==> next_comm=sshd next_pid=562 next_prio=120
            sshd-562     [002] d.... 20017.615462: sched_switch: prev_comm=sshd prev_pid=562 prev_prio=120 prev_state=S ==> next_comm=swapper/2 next_pid=0 next_prio=120
          <idle>-0       [003] dns.. 20017.621780: sched_wakeup: comm=kworker/u16:2 pid=49 prio=120 target_cpu=003
          <idle>-0       [003] d.... 20017.621858: sched_switch: prev_comm=swapper/3 prev_pid=0 prev_prio=120 prev_state=R ==> next_comm=kworker/u16:2 next_pid=49 next_prio=120
   kworker/u16:2-49      [003] d.... 20017.621958: sched_switch: prev_comm=kworker/u16:2 prev_pid=49 prev_prio=120 prev_state=I ==> next_comm=swapper/3 next_pid=0 next_prio=120
          <idle>-0       [001] dns.. 20017.671703: sched_wakeup: comm=kworker/1:0 pid=592 prio=120 target_cpu=001
          <idle>-0       [001] d.... 20017.671776: sched_switch: prev_comm=swapper/1 prev_pid=0 prev_prio=120 prev_state=R ==> next_comm=kworker/1:0 next_pid=592 next_prio=120
     kworker/1:0-592     [001] d.... 20017.671831: sched_switch: prev_comm=kworker/1:0 prev_pid=592 prev_prio=120 prev_state=I ==> next_comm=swapper/1 next_pid=0 next_prio=120
          <idle>-0       [001] dns.. 20017.851717: sched_wakeup: comm=kworker/1:0 pid=592 prio=120 target_cpu=001
          <idle>-0       [001] d.... 20017.851775: sched_switch: prev_comm=swapper/1 prev_pid=0 prev_prio=120 prev_state=R ==> next_comm=kworker/1:0 next_pid=592 next_prio=120
     kworker/1:0-592     [001] d.h.. 20017.851880: sched_wakeup: comm=kworker/1:0 pid=592 prio=120 target_cpu=001
     kworker/1:0-592     [001] d.... 20017.851955: sched_switch: prev_comm=kworker/1:0 prev_pid=592 prev_prio=120 prev_state=I ==> next_comm=swapper/1 next_pid=0 next_prio=120
          <idle>-0       [001] dns.. 20017.881678: sched_wakeup: comm=kworker/1:0 pid=592 prio=120 target_cpu=001
          <idle>-0       [001] d.... 20017.881733: sched_switch: prev_comm=swapper/1 prev_pid=0 prev_prio=120 prev_state=R ==> next_comm=kworker/1:0 next_pid=592 next_prio=120
     kworker/1:0-592     [001] d.... 20017.881776: sched_switch: prev_comm=kworker/1:0 prev_pid=592 prev_prio=120 prev_state=I ==> next_comm=swapper/1 next_pid=0 next_prio=120
          <idle>-0       [000] dnH.. 20017.891802: sched_wakeup: comm=kcompactd0 pid=44 prio=120 target_cpu=000
          <idle>-0       [000] d.... 20017.891908: sched_switch: prev_comm=swapper/0 prev_pid=0 prev_prio=120 prev_state=R ==> next_comm=kcompactd0 next_pid=44 next_prio=120
      kcompactd0-44      [000] d.... 20017.891964: sched_switch: prev_comm=kcompactd0 prev_pid=44 prev_prio=120 prev_state=S ==> next_comm=swapper/0 next_pid=0 next_prio=120
          <idle>-0       [001] dns.. 20018.021708: sched_wakeup: comm=kworker/1:0 pid=592 prio=120 target_cpu=001
          <idle>-0       [001] d.... 20018.021786: sched_switch: prev_comm=swapper/1 prev_pid=0 prev_prio=120 prev_state=R ==> next_comm=kworker/1:0 next_pid=592 next_prio=120
     kworker/1:0-592     [001] d.... 20018.021831: sched_switch: prev_comm=kworker/1:0 prev_pid=592 prev_prio=120 prev_state=I ==> next_comm=swapper/1 next_pid=0 next_prio=120
          <idle>-0       [001] dns.. 20018.091687: sched_wakeup: comm=kworker/1:0 pid=592 prio=120 target_cpu=001
          <idle>-0       [001] d.... 20018.091750: sched_switch: prev_comm=swapper/1 prev_pid=0 prev_prio=120 prev_state=R ==> next_comm=kworker/1:0 next_pid=592 next_prio=120
          <idle>-0       [000] dns.. 20018.091761: sched_wakeup: comm=kworker/0:2 pid=568 prio=120 target_cpu=000
     kworker/1:0-592     [001] d.... 20018.091802: sched_switch: prev_comm=kworker/1:0 prev_pid=592 prev_prio=120 prev_state=I ==> next_comm=swapper/1 next_pid=0 next_prio=120
          <idle>-0       [000] d.... 20018.091870: sched_switch: prev_comm=swapper/0 prev_pid=0 prev_prio=120 prev_state=R ==> next_comm=kworker/0:2 next_pid=568 next_prio=120
     kworker/0:2-568     [000] d.... 20018.091961: sched_switch: prev_comm=kworker/0:2 prev_pid=568 prev_prio=120 prev_state=I ==> next_comm=swapper/0 next_pid=0 next_prio=120
          <idle>-0       [002] dns.. 20018.151832: sched_wakeup: comm=sshd pid=562 prio=120 target_cpu=002
          <idle>-0       [002] d.... 20018.151942: sched_switch: prev_comm=swapper/2 prev_pid=0 prev_prio=120 prev_state=R ==> next_comm=sshd next_pid=562 next_prio=120
          <idle>-0       [003] dnh.. 20018.152772: sched_wakeup: comm=kworker/u16:2 pid=49 prio=120 target_cpu=003
          <idle>-0       [003] d.... 20018.152807: sched_switch: prev_comm=swapper/3 prev_pid=0 prev_prio=120 prev_state=R ==> next_comm=kworker/u16:2 next_pid=49 next_prio=120
   kworker/u16:2-49      [003] d.... 20018.152865: sched_switch: prev_comm=kworker/u16:2 prev_pid=49 prev_prio=120 prev_state=I ==> next_comm=swapper/3 next_pid=0 next_prio=120
          <idle>-0       [001] dnh.. 20018.152940: sched_wakeup: comm=bash pid=563 prio=120 target_cpu=001
            sshd-562     [002] d.... 20018.153011: sched_switch: prev_comm=sshd prev_pid=562 prev_prio=120 prev_state=S ==> next_comm=swapper/2 next_pid=0 next_prio=120
          <idle>-0       [001] d.... 20018.153028: sched_switch: prev_comm=swapper/1 prev_pid=0 prev_prio=120 prev_state=R ==> next_comm=bash next_pid=563 next_prio=120
          <idle>-0       [003] dnh.. 20018.153564: sched_wakeup: comm=kworker/u16:2 pid=49 prio=120 target_cpu=003
          <idle>-0       [003] d.... 20018.153584: sched_switch: prev_comm=swapper/3 prev_pid=0 prev_prio=120 prev_state=R ==> next_comm=kworker/u16:2 next_pid=49 next_prio=120
   kworker/u16:2-49      [003] d.... 20018.153621: sched_switch: prev_comm=kworker/u16:2 prev_pid=49 prev_prio=120 prev_state=I ==> next_comm=swapper/3 next_pid=0 next_prio=120
            bash-563     [001] d.... 20018.153657: sched_switch: prev_comm=bash prev_pid=563 prev_prio=120 prev_state=S ==> next_comm=swapper/1 next_pid=0 next_prio=120
          <idle>-0       [002] dnh.. 20018.153664: sched_wakeup: comm=sshd pid=562 prio=120 target_cpu=002
          <idle>-0       [002] d.... 20018.153693: sched_switch: prev_comm=swapper/2 prev_pid=0 prev_prio=120 prev_state=R ==> next_comm=sshd next_pid=562 next_prio=120
            sshd-562     [002] d.... 20018.154280: sched_switch: prev_comm=sshd prev_pid=562 prev_prio=120 prev_state=S ==> next_comm=swapper/2 next_pid=0 next_prio=120
          <idle>-0       [001] dns.. 20018.251705: sched_wakeup: comm=kworker/1:0 pid=592 prio=120 target_cpu=001
          <idle>-0       [001] d.... 20018.251768: sched_switch: prev_comm=swapper/1 prev_pid=0 prev_prio=120 prev_state=R ==> next_comm=kworker/1:0 next_pid=592 next_prio=120
     kworker/1:0-592     [001] d.... 20018.251861: sched_switch: prev_comm=kworker/1:0 prev_pid=592 prev_prio=120 prev_state=I ==> next_comm=swapper/1 next_pid=0 next_prio=120
          <idle>-0       [001] dns.. 20018.301685: sched_wakeup: comm=kworker/1:0 pid=592 prio=120 target_cpu=001
          <idle>-0       [001] d.... 20018.301744: sched_switch: prev_comm=swapper/1 prev_pid=0 prev_prio=120 prev_state=R ==> next_comm=kworker/1:0 next_pid=592 next_prio=120
     kworker/1:0-592     [001] d.... 20018.301789: sched_switch: prev_comm=kworker/1:0 prev_pid=592 prev_prio=120 prev_state=I ==> next_comm=swapper/1 next_pid=0 next_prio=120
          <idle>-0       [002] dns.. 20018.350061: sched_wakeup: comm=sshd pid=562 prio=120 target_cpu=002
          <idle>-0       [002] d.... 20018.350155: sched_switch: prev_comm=swapper/2 prev_pid=0 prev_prio=120 prev_state=R ==> next_comm=sshd next_pid=562 next_prio=120
          <idle>-0       [003] dnh.. 20018.351010: sched_wakeup: comm=kworker/u16:2 pid=49 prio=120 target_cpu=003
            sshd-562     [002] d.... 20018.351058: sched_switch: prev_comm=sshd prev_pid=562 prev_prio=120 prev_state=S ==> next_comm=swapper/2 next_pid=0 next_prio=120
          <idle>-0       [003] d.... 20018.351206: sched_switch: prev_comm=swapper/3 prev_pid=0 prev_prio=120 prev_state=R ==> next_comm=kworker/u16:2 next_pid=49 next_prio=120
          <idle>-0       [001] dnh.. 20018.351307: sched_wakeup: comm=bash pid=563 prio=120 target_cpu=001
   kworker/u16:2-49      [003] d.... 20018.351328: sched_switch: prev_comm=kworker/u16:2 prev_pid=49 prev_prio=120 prev_state=I ==> next_comm=swapper/3 next_pid=0 next_prio=120
          <idle>-0       [001] d.... 20018.351344: sched_switch: prev_comm=swapper/1 prev_pid=0 prev_prio=120 prev_state=R ==> next_comm=bash next_pid=563 next_prio=120
          <idle>-0       [003] dnH.. 20018.351780: sched_wakeup: comm=kworker/u16:2 pid=49 prio=120 target_cpu=003
            bash-563     [001] d.... 20018.351850: sched_switch: prev_comm=bash prev_pid=563 prev_prio=120 prev_state=S ==> next_comm=swapper/1 next_pid=0 next_prio=120
          <idle>-0       [003] d.... 20018.351852: sched_switch: prev_comm=swapper/3 prev_pid=0 prev_prio=120 prev_state=R ==> next_comm=kworker/u16:2 next_pid=49 next_prio=120
   kworker/u16:2-49      [003] d.... 20018.351940: sched_switch: prev_comm=kworker/u16:2 prev_pid=49 prev_prio=120 prev_state=I ==> next_comm=swapper/3 next_pid=0 next_prio=120
          <idle>-0       [002] dnh.. 20018.352004: sched_wakeup: comm=sshd pid=562 prio=120 target_cpu=002
          <idle>-0       [002] d.... 20018.352077: sched_switch: prev_comm=swapper/2 prev_pid=0 prev_prio=120 prev_state=R ==> next_comm=sshd next_pid=562 next_prio=120
            sshd-562     [002] d.... 20018.353079: sched_switch: prev_comm=sshd prev_pid=562 prev_prio=120 prev_state=S ==> next_comm=swapper/2 next_pid=0 next_prio=120
          <idle>-0       [000] dnH.. 20018.401820: sched_wakeup: comm=kcompactd0 pid=44 prio=120 target_cpu=000
          <idle>-0       [000] d.... 20018.401923: sched_switch: prev_comm=swapper/0 prev_pid=0 prev_prio=120 prev_state=R ==> next_comm=kcompactd0 next_pid=44 next_prio=120
      kcompactd0-44      [000] d.... 20018.401966: sched_switch: prev_comm=kcompactd0 prev_pid=44 prev_prio=120 prev_state=S ==> next_comm=swapper/0 next_pid=0 next_prio=120
          <idle>-0       [002] dns.. 20018.511792: sched_wakeup: comm=kworker/2:0 pid=557 prio=120 target_cpu=002
          <idle>-0       [000] dns.. 20018.511792: sched_wakeup: comm=kworker/0:2 pid=568 prio=120 target_cpu=000
          <idle>-0       [000] d.... 20018.511902: sched_switch: prev_comm=swapper/0 prev_pid=0 prev_prio=120 prev_state=R ==> next_comm=kworker/0:2 next_pid=568 next_prio=120
          <idle>-0       [002] d.... 20018.511925: sched_switch: prev_comm=swapper/2 prev_pid=0 prev_prio=120 prev_state=R ==> next_comm=kworker/2:0 next_pid=557 next_prio=120
     kworker/0:2-568     [000] d.... 20018.512005: sched_switch: prev_comm=kworker/0:2 prev_pid=568 prev_prio=120 prev_state=I ==> next_comm=swapper/0 next_pid=0 next_prio=120
     kworker/2:0-557     [002] d.... 20018.512009: sched_switch: prev_comm=kworker/2:0 prev_pid=557 prev_prio=120 prev_state=I ==> next_comm=swapper/2 next_pid=0 next_prio=120
          <idle>-0       [001] dnh.. 20018.706642: sched_wakeup: comm=raspbian_proc pid=608 prio=120 target_cpu=001
          <idle>-0       [001] d.... 20018.706687: sched_switch: prev_comm=swapper/1 prev_pid=0 prev_prio=120 prev_state=R ==> next_comm=raspbian_proc next_pid=608 next_prio=120
   raspbian_proc-608     [001] d.... 20018.706827: sched_wakeup: comm=kworker/1:0 pid=592 prio=120 target_cpu=001
   raspbian_proc-608     [001] d.... 20018.706924: sched_switch: prev_comm=raspbian_proc prev_pid=608 prev_prio=120 prev_state=S ==> next_comm=kworker/1:0 next_pid=592 next_prio=120
     kworker/1:0-592     [001] d.... 20018.707053: sched_switch: prev_comm=kworker/1:0 prev_pid=592 prev_prio=120 prev_state=I ==> next_comm=swapper/1 next_pid=0 next_prio=120
          <idle>-0       [001] dns.. 20018.721692: sched_wakeup: comm=kworker/1:0 pid=592 prio=120 target_cpu=001
          <idle>-0       [001] d.... 20018.721738: sched_switch: prev_comm=swapper/1 prev_pid=0 prev_prio=120 prev_state=R ==> next_comm=kworker/1:0 next_pid=592 next_prio=120
     kworker/1:0-592     [001] d.... 20018.721786: sched_switch: prev_comm=kworker/1:0 prev_pid=592 prev_prio=120 prev_state=I ==> next_comm=swapper/1 next_pid=0 next_prio=120
          <idle>-0       [000] dnH.. 20018.911815: sched_wakeup: comm=kcompactd0 pid=44 prio=120 target_cpu=000
          <idle>-0       [000] d.... 20018.911958: sched_switch: prev_comm=swapper/0 prev_pid=0 prev_prio=120 prev_state=R ==> next_comm=kcompactd0 next_pid=44 next_prio=120
      kcompactd0-44      [000] d.... 20018.912028: sched_switch: prev_comm=kcompactd0 prev_pid=44 prev_prio=120 prev_state=S ==> next_comm=swapper/0 next_pid=0 next_prio=120
          <idle>-0       [001] dns.. 20018.931721: sched_wakeup: comm=kworker/1:0 pid=592 prio=120 target_cpu=001
          <idle>-0       [001] d.... 20018.931783: sched_switch: prev_comm=swapper/1 prev_pid=0 prev_prio=120 prev_state=R ==> next_comm=kworker/1:0 next_pid=592 next_prio=120
     kworker/1:0-592     [001] d.... 20018.931844: sched_switch: prev_comm=kworker/1:0 prev_pid=592 prev_prio=120 prev_state=I ==> next_comm=swapper/1 next_pid=0 next_prio=120
          <idle>-0       [002] dnh.. 20018.988463: sched_wakeup: comm=sshd pid=562 prio=120 target_cpu=002
          <idle>-0       [002] d.... 20018.988549: sched_switch: prev_comm=swapper/2 prev_pid=0 prev_prio=120 prev_state=R ==> next_comm=sshd next_pid=562 next_prio=120
          <idle>-0       [003] dnh.. 20018.989320: sched_wakeup: comm=kworker/u16:2 pid=49 prio=120 target_cpu=003
            sshd-562     [002] d.... 20018.989398: sched_switch: prev_comm=sshd prev_pid=562 prev_prio=120 prev_state=S ==> next_comm=swapper/2 next_pid=0 next_prio=120
          <idle>-0       [003] d.... 20018.989406: sched_switch: prev_comm=swapper/3 prev_pid=0 prev_prio=120 prev_state=R ==> next_comm=kworker/u16:2 next_pid=49 next_prio=120
          <idle>-0       [001] dnh.. 20018.989507: sched_wakeup: comm=bash pid=563 prio=120 target_cpu=001
   kworker/u16:2-49      [003] d.... 20018.989521: sched_switch: prev_comm=kworker/u16:2 prev_pid=49 prev_prio=120 prev_state=I ==> next_comm=swapper/3 next_pid=0 next_prio=120
          <idle>-0       [001] d.... 20018.989550: sched_switch: prev_comm=swapper/1 prev_pid=0 prev_prio=120 prev_state=R ==> next_comm=bash next_pid=563 next_prio=120
          <idle>-0       [003] dnh.. 20018.990040: sched_wakeup: comm=kworker/u16:2 pid=49 prio=120 target_cpu=003
          <idle>-0       [003] d.... 20018.990084: sched_switch: prev_comm=swapper/3 prev_pid=0 prev_prio=120 prev_state=R ==> next_comm=kworker/u16:2 next_pid=49 next_prio=120
            bash-563     [001] d.... 20018.990149: sched_switch: prev_comm=bash prev_pid=563 prev_prio=120 prev_state=S ==> next_comm=swapper/1 next_pid=0 next_prio=120
   kworker/u16:2-49      [003] d.... 20018.990164: sched_switch: prev_comm=kworker/u16:2 prev_pid=49 prev_prio=120 prev_state=I ==> next_comm=swapper/3 next_pid=0 next_prio=120
          <idle>-0       [002] dnh.. 20018.990193: sched_wakeup: comm=sshd pid=562 prio=120 target_cpu=002
          <idle>-0       [002] d.... 20018.990219: sched_switch: prev_comm=swapper/2 prev_pid=0 prev_prio=120 prev_state=R ==> next_comm=sshd next_pid=562 next_prio=120
            sshd-562     [002] d.... 20018.990908: sched_switch: prev_comm=sshd prev_pid=562 prev_prio=120 prev_state=S ==> next_comm=swapper/2 next_pid=0 next_prio=120
          <idle>-0       [002] dnh.. 20019.087964: sched_wakeup: comm=sshd pid=562 prio=120 target_cpu=002
          <idle>-0       [002] d.... 20019.088049: sched_switch: prev_comm=swapper/2 prev_pid=0 prev_prio=120 prev_state=R ==> next_comm=sshd next_pid=562 next_prio=120
          <idle>-0       [003] dnh.. 20019.088959: sched_wakeup: comm=kworker/u16:2 pid=49 prio=120 target_cpu=003
          <idle>-0       [003] d.... 20019.089041: sched_switch: prev_comm=swapper/3 prev_pid=0 prev_prio=120 prev_state=R ==> next_comm=kworker/u16:2 next_pid=49 next_prio=120
            sshd-562     [002] d.... 20019.089133: sched_switch: prev_comm=sshd prev_pid=562 prev_prio=120 prev_state=S ==> next_comm=swapper/2 next_pid=0 next_prio=120
          <idle>-0       [001] dnh.. 20019.089142: sched_wakeup: comm=bash pid=563 prio=120 target_cpu=001
   kworker/u16:2-49      [003] d.... 20019.089148: sched_switch: prev_comm=kworker/u16:2 prev_pid=49 prev_prio=120 prev_state=I ==> next_comm=swapper/3 next_pid=0 next_prio=120
          <idle>-0       [001] d.... 20019.089185: sched_switch: prev_comm=swapper/1 prev_pid=0 prev_prio=120 prev_state=R ==> next_comm=bash next_pid=563 next_prio=120
          <idle>-0       [003] dnh.. 20019.089485: sched_wakeup: comm=kworker/u16:2 pid=49 prio=120 target_cpu=003
          <idle>-0       [003] d.... 20019.089507: sched_switch: prev_comm=swapper/3 prev_pid=0 prev_prio=120 prev_state=R ==> next_comm=kworker/u16:2 next_pid=49 next_prio=120
   kworker/u16:2-49      [003] d.... 20019.089547: sched_switch: prev_comm=kworker/u16:2 prev_pid=49 prev_prio=120 prev_state=I ==> next_comm=swapper/3 next_pid=0 next_prio=120
            bash-563     [001] d.... 20019.089560: sched_switch: prev_comm=bash prev_pid=563 prev_prio=120 prev_state=S ==> next_comm=swapper/1 next_pid=0 next_prio=120
          <idle>-0       [002] dnh.. 20019.089592: sched_wakeup: comm=sshd pid=562 prio=120 target_cpu=002
          <idle>-0       [002] d.... 20019.089622: sched_switch: prev_comm=swapper/2 prev_pid=0 prev_prio=120 prev_state=R ==> next_comm=sshd next_pid=562 next_prio=120
            sshd-562     [002] d.... 20019.090199: sched_switch: prev_comm=sshd prev_pid=562 prev_prio=120 prev_state=S ==> next_comm=swapper/2 next_pid=0 next_prio=120
          <idle>-0       [001] dns.. 20019.141688: sched_wakeup: comm=kworker/1:0 pid=592 prio=120 target_cpu=001
          <idle>-0       [001] d.... 20019.141758: sched_switch: prev_comm=swapper/1 prev_pid=0 prev_prio=120 prev_state=R ==> next_comm=kworker/1:0 next_pid=592 next_prio=120
     kworker/1:0-592     [001] d.... 20019.141815: sched_switch: prev_comm=kworker/1:0 prev_pid=592 prev_prio=120 prev_state=I ==> next_comm=swapper/1 next_pid=0 next_prio=120
          <idle>-0       [001] dnh.. 20019.271684: sched_wakeup: comm=kworker/1:0 pid=592 prio=120 target_cpu=001
          <idle>-0       [001] d.... 20019.271763: sched_switch: prev_comm=swapper/1 prev_pid=0 prev_prio=120 prev_state=R ==> next_comm=kworker/1:0 next_pid=592 next_prio=120
     kworker/1:0-592     [001] d.... 20019.271822: sched_switch: prev_comm=kworker/1:0 prev_pid=592 prev_prio=120 prev_state=I ==> next_comm=swapper/1 next_pid=0 next_prio=120
          <idle>-0       [000] dns.. 20019.281780: sched_wakeup: comm=kworker/0:2 pid=568 prio=120 target_cpu=000
          <idle>-0       [000] d.... 20019.281884: sched_switch: prev_comm=swapper/0 prev_pid=0 prev_prio=120 prev_state=R ==> next_comm=kworker/0:2 next_pid=568 next_prio=120
     kworker/0:2-568     [000] d.... 20019.281972: sched_switch: prev_comm=kworker/0:2 prev_pid=568 prev_prio=120 prev_state=I ==> next_comm=swapper/0 next_pid=0 next_prio=120
          <idle>-0       [001] dns.. 20019.291693: sched_wakeup: comm=kworker/1:0 pid=592 prio=120 target_cpu=001
          <idle>-0       [001] d.... 20019.291738: sched_switch: prev_comm=swapper/1 prev_pid=0 prev_prio=120 prev_state=R ==> next_comm=kworker/1:0 next_pid=592 next_prio=120
     kworker/1:0-592     [001] d.... 20019.291822: sched_switch: prev_comm=kworker/1:0 prev_pid=592 prev_prio=120 prev_state=I ==> next_comm=swapper/1 next_pid=0 next_prio=120
          <idle>-0       [002] dnh.. 20019.347295: sched_wakeup: comm=sshd pid=562 prio=120 target_cpu=002
          <idle>-0       [002] d.... 20019.347371: sched_switch: prev_comm=swapper/2 prev_pid=0 prev_prio=120 prev_state=R ==> next_comm=sshd next_pid=562 next_prio=120
          <idle>-0       [003] dnh.. 20019.348120: sched_wakeup: comm=kworker/u16:2 pid=49 prio=120 target_cpu=003
            sshd-562     [002] d.... 20019.348243: sched_switch: prev_comm=sshd prev_pid=562 prev_prio=120 prev_state=S ==> next_comm=swapper/2 next_pid=0 next_prio=120
          <idle>-0       [003] d.... 20019.348284: sched_switch: prev_comm=swapper/3 prev_pid=0 prev_prio=120 prev_state=R ==> next_comm=kworker/u16:2 next_pid=49 next_prio=120
          <idle>-0       [001] dnh.. 20019.348375: sched_wakeup: comm=bash pid=563 prio=120 target_cpu=001
   kworker/u16:2-49      [003] d.... 20019.348393: sched_switch: prev_comm=kworker/u16:2 prev_pid=49 prev_prio=120 prev_state=I ==> next_comm=swapper/3 next_pid=0 next_prio=120
          <idle>-0       [001] d.... 20019.348416: sched_switch: prev_comm=swapper/1 prev_pid=0 prev_prio=120 prev_state=R ==> next_comm=bash next_pid=563 next_prio=120
          <idle>-0       [003] dnh.. 20019.348797: sched_wakeup: comm=kworker/u16:2 pid=49 prio=120 target_cpu=003
          <idle>-0       [003] d.... 20019.348840: sched_switch: prev_comm=swapper/3 prev_pid=0 prev_prio=120 prev_state=R ==> next_comm=kworker/u16:2 next_pid=49 next_prio=120
   kworker/u16:2-49      [003] d.... 20019.348916: sched_switch: prev_comm=kworker/u16:2 prev_pid=49 prev_prio=120 prev_state=I ==> next_comm=swapper/3 next_pid=0 next_prio=120
          <idle>-0       [002] dnh.. 20019.348939: sched_wakeup: comm=sshd pid=562 prio=120 target_cpu=002
          <idle>-0       [002] d.... 20019.348966: sched_switch: prev_comm=swapper/2 prev_pid=0 prev_prio=120 prev_state=R ==> next_comm=sshd next_pid=562 next_prio=120
          <idle>-0       [003] dnh.. 20019.349299: sched_wakeup: comm=kworker/u16:2 pid=49 prio=120 target_cpu=003
          <idle>-0       [003] d.... 20019.349341: sched_switch: prev_comm=swapper/3 prev_pid=0 prev_prio=120 prev_state=R ==> next_comm=kworker/u16:2 next_pid=49 next_prio=120
            sshd-562     [002] d.... 20019.349443: sched_switch: prev_comm=sshd prev_pid=562 prev_prio=120 prev_state=D ==> next_comm=swapper/2 next_pid=0 next_prio=120
   kworker/u16:2-49      [003] d.... 20019.349492: sched_switch: prev_comm=kworker/u16:2 prev_pid=49 prev_prio=120 prev_state=I ==> next_comm=swapper/3 next_pid=0 next_prio=120
          <idle>-0       [002] dnh.. 20019.349515: sched_wakeup: comm=sshd pid=562 prio=120 target_cpu=002
          <idle>-0       [002] d.... 20019.349540: sched_switch: prev_comm=swapper/2 prev_pid=0 prev_prio=120 prev_state=R ==> next_comm=sshd next_pid=562 next_prio=120
            sshd-562     [002] d.... 20019.350298: sched_switch: prev_comm=sshd prev_pid=562 prev_prio=120 prev_state=S ==> next_comm=swapper/2 next_pid=0 next_prio=120
            bash-563     [001] ..... 20019.351134: sys_clone+0xc/0x9c <-ret_fast_syscall+0x0/0x54
            bash-563     [001] ..... 20019.351162: <stack trace>
 => sys_clone+0x10/0x9c
 => ret_fast_syscall+0x0/0x54
            bash-563     [001] ..... 20019.351168: kernel_clone+0xc/0x388 <-sys_clone+0x78/0x9c
            bash-563     [001] ..... 20019.351174: <stack trace>
 => kernel_clone+0x10/0x388
 => sys_clone+0x78/0x9c
 => ret_fast_syscall+0x0/0x54
            bash-563     [001] ..... 20019.351178: copy_process+0xc/0x16a8 <-kernel_clone+0xac/0x388
            bash-563     [001] ..... 20019.351183: <stack trace>
 => copy_process+0x10/0x16a8
 => kernel_clone+0xac/0x388
 => sys_clone+0x78/0x9c
 => ret_fast_syscall+0x0/0x54
            bash-563     [001] d.s1. 20019.351775: sched_wakeup: comm=kworker/1:0 pid=592 prio=120 target_cpu=001
            bash-563     [001] ..... 20019.351876: sched_process_fork: comm=bash pid=563 child_comm=bash child_pid=609
          <idle>-0       [000] d.... 20019.352003: sched_switch: prev_comm=swapper/0 prev_pid=0 prev_prio=120 prev_state=R ==> next_comm=bash next_pid=609 next_prio=120
            bash-563     [001] ..... 20019.352992: sys_clone+0xc/0x9c <-ret_fast_syscall+0x0/0x54
            bash-563     [001] ..... 20019.353023: <stack trace>
 => sys_clone+0x10/0x9c
 => ret_fast_syscall+0x0/0x54
            bash-563     [001] ..... 20019.353028: kernel_clone+0xc/0x388 <-sys_clone+0x78/0x9c
            bash-563     [001] ..... 20019.353034: <stack trace>
 => kernel_clone+0x10/0x388
 => sys_clone+0x78/0x9c
 => ret_fast_syscall+0x0/0x54
            bash-563     [001] ..... 20019.353037: copy_process+0xc/0x16a8 <-kernel_clone+0xac/0x388
            bash-563     [001] ..... 20019.353043: <stack trace>
 => copy_process+0x10/0x16a8
 => kernel_clone+0xac/0x388
 => sys_clone+0x78/0x9c
 => ret_fast_syscall+0x0/0x54
              ps-609     [000] d.... 20019.353316: sched_switch: prev_comm=bash prev_pid=609 prev_prio=120 prev_state=S ==> next_comm=swapper/0 next_pid=0 next_prio=120
            bash-563     [001] ..... 20019.353522: sched_process_fork: comm=bash pid=563 child_comm=bash child_pid=610
          <idle>-0       [003] d.... 20019.353621: sched_switch: prev_comm=swapper/3 prev_pid=0 prev_prio=120 prev_state=R ==> next_comm=bash next_pid=610 next_prio=120
          <idle>-0       [000] dnh.. 20019.354745: sched_wakeup: comm=bash pid=609 prio=120 target_cpu=000
          <idle>-0       [000] d.... 20019.354776: sched_switch: prev_comm=swapper/0 prev_pid=0 prev_prio=120 prev_state=R ==> next_comm=bash next_pid=609 next_prio=120
            bash-563     [001] d.... 20019.354788: sched_switch: prev_comm=bash prev_pid=563 prev_prio=120 prev_state=S ==> next_comm=kworker/1:0 next_pid=592 next_prio=120
     kworker/1:0-592     [001] d.... 20019.354874: sched_switch: prev_comm=kworker/1:0 prev_pid=592 prev_prio=120 prev_state=I ==> next_comm=swapper/1 next_pid=0 next_prio=120
          <idle>-0       [001] dnh.. 20019.371798: sched_wakeup: comm=rcu_sched pid=15 prio=120 target_cpu=001
          <idle>-0       [001] d.... 20019.371835: sched_switch: prev_comm=swapper/1 prev_pid=0 prev_prio=120 prev_state=R ==> next_comm=rcu_sched next_pid=15 next_prio=120
       rcu_sched-15      [001] d.... 20019.371870: sched_switch: prev_comm=rcu_sched prev_pid=15 prev_prio=120 prev_state=I ==> next_comm=swapper/1 next_pid=0 next_prio=120
            grep-610     [003] d.... 20019.393017: sched_switch: prev_comm=grep prev_pid=610 prev_prio=120 prev_state=S ==> next_comm=swapper/3 next_pid=0 next_prio=120
          <idle>-0       [001] dns.. 20019.401705: sched_wakeup: comm=rcu_sched pid=15 prio=120 target_cpu=001
          <idle>-0       [001] d.... 20019.401770: sched_switch: prev_comm=swapper/1 prev_pid=0 prev_prio=120 prev_state=R ==> next_comm=rcu_sched next_pid=15 next_prio=120
       rcu_sched-15      [001] d.... 20019.401833: sched_switch: prev_comm=rcu_sched prev_pid=15 prev_prio=120 prev_state=I ==> next_comm=swapper/1 next_pid=0 next_prio=120
          <idle>-0       [001] dnH.. 20019.421745: sched_wakeup: comm=kcompactd0 pid=44 prio=120 target_cpu=001
          <idle>-0       [001] d.... 20019.421783: sched_switch: prev_comm=swapper/1 prev_pid=0 prev_prio=120 prev_state=R ==> next_comm=kcompactd0 next_pid=44 next_prio=120
      kcompactd0-44      [001] d.... 20019.421809: sched_switch: prev_comm=kcompactd0 prev_pid=44 prev_prio=120 prev_state=S ==> next_comm=swapper/1 next_pid=0 next_prio=120
          <idle>-0       [001] dns.. 20019.431681: sched_wakeup: comm=rcu_sched pid=15 prio=120 target_cpu=001
          <idle>-0       [001] d.... 20019.431729: sched_switch: prev_comm=swapper/1 prev_pid=0 prev_prio=120 prev_state=R ==> next_comm=rcu_sched next_pid=15 next_prio=120
       rcu_sched-15      [001] d.... 20019.431756: sched_switch: prev_comm=rcu_sched prev_pid=15 prev_prio=120 prev_state=I ==> next_comm=swapper/1 next_pid=0 next_prio=120
          <idle>-0       [001] dns.. 20019.461682: sched_wakeup: comm=rcu_sched pid=15 prio=120 target_cpu=001
          <idle>-0       [001] d.... 20019.461724: sched_switch: prev_comm=swapper/1 prev_pid=0 prev_prio=120 prev_state=R ==> next_comm=rcu_sched next_pid=15 next_prio=120
       rcu_sched-15      [001] d.... 20019.461769: sched_switch: prev_comm=rcu_sched prev_pid=15 prev_prio=120 prev_state=I ==> next_comm=swapper/1 next_pid=0 next_prio=120
          <idle>-0       [003] dnh.. 20019.489038: sched_wakeup: comm=grep pid=610 prio=120 target_cpu=003
          <idle>-0       [003] d.... 20019.489077: sched_switch: prev_comm=swapper/3 prev_pid=0 prev_prio=120 prev_state=R ==> next_comm=grep next_pid=610 next_prio=120
              ps-609     [000] ..... 20019.490062: do_exit+0xc/0xa24 <-do_group_exit+0x40/0x8c
              ps-609     [000] ..... 20019.490082: <stack trace>
 => do_exit+0x10/0xa24
 => do_group_exit+0x40/0x8c
 => pid_child_should_wake+0x0/0x68
              ps-609     [000] ..... 20019.490169: sched_process_exit: comm=ps pid=609 prio=120 group_dead=true
              ps-609     [000] dn... 20019.490947: signal_generate: sig=17 errno=0 code=1 comm=bash pid=563 grp=1 res=0
              ps-609     [000] d.... 20019.490991: sched_switch: prev_comm=ps prev_pid=609 prev_prio=120 prev_state=Z ==> next_comm=swapper/0 next_pid=0 next_prio=120
          <idle>-0       [001] dnh.. 20019.491005: sched_wakeup: comm=bash pid=563 prio=120 target_cpu=001
          <idle>-0       [001] d.... 20019.491026: sched_switch: prev_comm=swapper/1 prev_pid=0 prev_prio=120 prev_state=R ==> next_comm=bash next_pid=563 next_prio=120
            grep-610     [003] ..... 20019.491180: do_exit+0xc/0xa24 <-do_group_exit+0x40/0x8c
            grep-610     [003] ..... 20019.491198: <stack trace>
 => do_exit+0x10/0xa24
 => do_group_exit+0x40/0x8c
 => pid_child_should_wake+0x0/0x68
            grep-610     [003] ..... 20019.491227: sched_process_exit: comm=grep pid=610 prio=120 group_dead=true
            bash-563     [001] d.... 20019.491552: sched_switch: prev_comm=bash prev_pid=563 prev_prio=120 prev_state=S ==> next_comm=swapper/1 next_pid=0 next_prio=120
          <idle>-0       [001] dns.. 20019.491684: sched_wakeup: comm=rcu_sched pid=15 prio=120 target_cpu=001
          <idle>-0       [001] d.... 20019.491733: sched_switch: prev_comm=swapper/1 prev_pid=0 prev_prio=120 prev_state=R ==> next_comm=rcu_sched next_pid=15 next_prio=120
       rcu_sched-15      [001] d.... 20019.491760: sched_switch: prev_comm=rcu_sched prev_pid=15 prev_prio=120 prev_state=I ==> next_comm=swapper/1 next_pid=0 next_prio=120
            grep-610     [003] dn... 20019.491768: signal_generate: sig=17 errno=0 code=1 comm=bash pid=563 grp=1 res=2
            grep-610     [003] d.... 20019.491820: sched_switch: prev_comm=grep prev_pid=610 prev_prio=120 prev_state=Z ==> next_comm=swapper/3 next_pid=0 next_prio=120
          <idle>-0       [001] dnh.. 20019.491823: sched_wakeup: comm=bash pid=563 prio=120 target_cpu=001
          <idle>-0       [001] d.... 20019.491843: sched_switch: prev_comm=swapper/1 prev_pid=0 prev_prio=120 prev_state=R ==> next_comm=bash next_pid=563 next_prio=120
            bash-563     [001] d.... 20019.493836: signal_deliver: sig=17 errno=0 code=1 sa_handler=51b6fd sa_flags=14000000
          <idle>-0       [003] dnh.. 20019.495490: sched_wakeup: comm=kworker/u16:2 pid=49 prio=120 target_cpu=003
          <idle>-0       [003] d.... 20019.495512: sched_switch: prev_comm=swapper/3 prev_pid=0 prev_prio=120 prev_state=R ==> next_comm=kworker/u16:2 next_pid=49 next_prio=120
   kworker/u16:2-49      [003] d.... 20019.495560: sched_switch: prev_comm=kworker/u16:2 prev_pid=49 prev_prio=120 prev_state=I ==> next_comm=swapper/3 next_pid=0 next_prio=120
          <idle>-0       [002] dnh.. 20019.495584: sched_wakeup: comm=sshd pid=562 prio=120 target_cpu=002
          <idle>-0       [002] d.... 20019.495622: sched_switch: prev_comm=swapper/2 prev_pid=0 prev_prio=120 prev_state=R ==> next_comm=sshd next_pid=562 next_prio=120
          <idle>-0       [003] dnh.. 20019.495903: sched_wakeup: comm=kworker/u16:2 pid=49 prio=120 target_cpu=003
          <idle>-0       [003] d.... 20019.495919: sched_switch: prev_comm=swapper/3 prev_pid=0 prev_prio=120 prev_state=R ==> next_comm=kworker/u16:2 next_pid=49 next_prio=120
            sshd-562     [002] d.... 20019.495963: sched_switch: prev_comm=sshd prev_pid=562 prev_prio=120 prev_state=D ==> next_comm=swapper/2 next_pid=0 next_prio=120
            bash-563     [001] d.... 20019.495966: sched_switch: prev_comm=bash prev_pid=563 prev_prio=120 prev_state=S ==> next_comm=swapper/1 next_pid=0 next_prio=120
   kworker/u16:2-49      [003] d.... 20019.495987: sched_switch: prev_comm=kworker/u16:2 prev_pid=49 prev_prio=120 prev_state=I ==> next_comm=swapper/3 next_pid=0 next_prio=120
          <idle>-0       [002] dnh.. 20019.496012: sched_wakeup: comm=sshd pid=562 prio=120 target_cpu=002
          <idle>-0       [002] d.... 20019.496033: sched_switch: prev_comm=swapper/2 prev_pid=0 prev_prio=120 prev_state=R ==> next_comm=sshd next_pid=562 next_prio=120
            sshd-562     [002] d.... 20019.496641: sched_switch: prev_comm=sshd prev_pid=562 prev_prio=120 prev_state=S ==> next_comm=swapper/2 next_pid=0 next_prio=120
          <idle>-0       [001] dns.. 20019.521672: sched_wakeup: comm=rcu_sched pid=15 prio=120 target_cpu=001
          <idle>-0       [001] d.... 20019.521716: sched_switch: prev_comm=swapper/1 prev_pid=0 prev_prio=120 prev_state=R ==> next_comm=rcu_sched next_pid=15 next_prio=120
       rcu_sched-15      [001] d.... 20019.521769: sched_switch: prev_comm=rcu_sched prev_pid=15 prev_prio=120 prev_state=I ==> next_comm=swapper/1 next_pid=0 next_prio=120
          <idle>-0       [003] dns.. 20019.531761: sched_wakeup: comm=kworker/u16:2 pid=49 prio=120 target_cpu=003
          <idle>-0       [003] d.... 20019.531854: sched_switch: prev_comm=swapper/3 prev_pid=0 prev_prio=120 prev_state=R ==> next_comm=kworker/u16:2 next_pid=49 next_prio=120
   kworker/u16:2-49      [003] d.... 20019.531955: sched_switch: prev_comm=kworker/u16:2 prev_pid=49 prev_prio=120 prev_state=I ==> next_comm=swapper/3 next_pid=0 next_prio=120
          <idle>-0       [001] dns.. 20019.551669: sched_wakeup: comm=rcu_sched pid=15 prio=120 target_cpu=001
          <idle>-0       [001] d.... 20019.551707: sched_switch: prev_comm=swapper/1 prev_pid=0 prev_prio=120 prev_state=R ==> next_comm=rcu_sched next_pid=15 next_prio=120
       rcu_sched-15      [001] d.... 20019.551740: sched_switch: prev_comm=rcu_sched prev_pid=15 prev_prio=120 prev_state=I ==> next_comm=swapper/1 next_pid=0 next_prio=120
          <idle>-0       [001] dns.. 20019.571665: sched_wakeup: comm=kworker/1:0 pid=592 prio=120 target_cpu=001
          <idle>-0       [001] d.... 20019.571706: sched_switch: prev_comm=swapper/1 prev_pid=0 prev_prio=120 prev_state=R ==> next_comm=kworker/1:0 next_pid=592 next_prio=120
     kworker/1:0-592     [001] d.... 20019.571755: sched_switch: prev_comm=kworker/1:0 prev_pid=592 prev_prio=120 prev_state=I ==> next_comm=swapper/1 next_pid=0 next_prio=120
          <idle>-0       [001] dns.. 20019.581676: sched_wakeup: comm=rcu_sched pid=15 prio=120 target_cpu=001
          <idle>-0       [001] d.... 20019.581698: sched_switch: prev_comm=swapper/1 prev_pid=0 prev_prio=120 prev_state=R ==> next_comm=rcu_sched next_pid=15 next_prio=120
       rcu_sched-15      [001] d.... 20019.581731: sched_switch: prev_comm=rcu_sched prev_pid=15 prev_prio=120 prev_state=I ==> next_comm=swapper/1 next_pid=0 next_prio=120
          <idle>-0       [001] dns.. 20019.611671: sched_wakeup: comm=rcu_sched pid=15 prio=120 target_cpu=001
          <idle>-0       [001] d.... 20019.611708: sched_switch: prev_comm=swapper/1 prev_pid=0 prev_prio=120 prev_state=R ==> next_comm=rcu_sched next_pid=15 next_prio=120
       rcu_sched-15      [001] d.... 20019.611742: sched_switch: prev_comm=rcu_sched prev_pid=15 prev_prio=120 prev_state=I ==> next_comm=swapper/1 next_pid=0 next_prio=120
          <idle>-0       [000] dns.. 20019.621843: sched_wakeup: comm=kworker/0:2 pid=568 prio=120 target_cpu=000
          <idle>-0       [000] d.... 20019.621898: sched_switch: prev_comm=swapper/0 prev_pid=0 prev_prio=120 prev_state=R ==> next_comm=kworker/0:2 next_pid=568 next_prio=120
     kworker/0:2-568     [000] d.... 20019.622016: sched_switch: prev_comm=kworker/0:2 prev_pid=568 prev_prio=120 prev_state=I ==> next_comm=swapper/0 next_pid=0 next_prio=120
          <idle>-0       [001] dns.. 20019.641681: sched_wakeup: comm=rcu_sched pid=15 prio=120 target_cpu=001
          <idle>-0       [001] d.... 20019.641726: sched_switch: prev_comm=swapper/1 prev_pid=0 prev_prio=120 prev_state=R ==> next_comm=rcu_sched next_pid=15 next_prio=120
       rcu_sched-15      [001] d.... 20019.641763: sched_switch: prev_comm=rcu_sched prev_pid=15 prev_prio=120 prev_state=I ==> next_comm=swapper/1 next_pid=0 next_prio=120
          <idle>-0       [001] dns.. 20019.661688: sched_wakeup: comm=rcu_sched pid=15 prio=120 target_cpu=001
          <idle>-0       [001] d.... 20019.661710: sched_switch: prev_comm=swapper/1 prev_pid=0 prev_prio=120 prev_state=R ==> next_comm=rcu_sched next_pid=15 next_prio=120
       rcu_sched-15      [001] d.... 20019.661735: sched_switch: prev_comm=rcu_sched prev_pid=15 prev_prio=120 prev_state=I ==> next_comm=swapper/1 next_pid=0 next_prio=120
          <idle>-0       [001] dns.. 20019.681666: sched_wakeup: comm=rcu_sched pid=15 prio=120 target_cpu=001
          <idle>-0       [001] d.... 20019.681704: sched_switch: prev_comm=swapper/1 prev_pid=0 prev_prio=120 prev_state=R ==> next_comm=rcu_sched next_pid=15 next_prio=120
       rcu_sched-15      [001] d.... 20019.681731: sched_switch: prev_comm=rcu_sched prev_pid=15 prev_prio=120 prev_state=I ==> next_comm=swapper/1 next_pid=0 next_prio=120
          <idle>-0       [001] dns.. 20019.781676: sched_wakeup: comm=kworker/1:0 pid=592 prio=120 target_cpu=001
          <idle>-0       [001] d.... 20019.781729: sched_switch: prev_comm=swapper/1 prev_pid=0 prev_prio=120 prev_state=R ==> next_comm=kworker/1:0 next_pid=592 next_prio=120
     kworker/1:0-592     [001] d.... 20019.781778: sched_switch: prev_comm=kworker/1:0 prev_pid=592 prev_prio=120 prev_state=I ==> next_comm=swapper/1 next_pid=0 next_prio=120
          <idle>-0       [003] dns.. 20019.861778: sched_wakeup: comm=kworker/u16:2 pid=49 prio=120 target_cpu=003
          <idle>-0       [003] d.... 20019.861907: sched_switch: prev_comm=swapper/3 prev_pid=0 prev_prio=120 prev_state=R ==> next_comm=kworker/u16:2 next_pid=49 next_prio=120
   kworker/u16:2-49      [003] d.... 20019.862229: sched_switch: prev_comm=kworker/u16:2 prev_pid=49 prev_prio=120 prev_state=I ==> next_comm=swapper/3 next_pid=0 next_prio=120
          <idle>-0       [001] dns.. 20019.931680: sched_wakeup: comm=kworker/1:0 pid=592 prio=120 target_cpu=001
          <idle>-0       [001] d.... 20019.931764: sched_switch: prev_comm=swapper/1 prev_pid=0 prev_prio=120 prev_state=R ==> next_comm=kworker/1:0 next_pid=592 next_prio=120
          <idle>-0       [000] dnh.. 20019.931797: sched_wakeup: comm=kcompactd0 pid=44 prio=120 target_cpu=000
     kworker/1:0-592     [001] d.h.. 20019.931834: sched_wakeup: comm=kworker/1:0 pid=592 prio=120 target_cpu=001
          <idle>-0       [000] d.... 20019.931878: sched_switch: prev_comm=swapper/0 prev_pid=0 prev_prio=120 prev_state=R ==> next_comm=kcompactd0 next_pid=44 next_prio=120
     kworker/1:0-592     [001] d.... 20019.931893: sched_switch: prev_comm=kworker/1:0 prev_pid=592 prev_prio=120 prev_state=I ==> next_comm=swapper/1 next_pid=0 next_prio=120
      kcompactd0-44      [000] d.... 20019.931943: sched_switch: prev_comm=kcompactd0 prev_pid=44 prev_prio=120 prev_state=S ==> next_comm=swapper/0 next_pid=0 next_prio=120
          <idle>-0       [001] dns.. 20019.991701: sched_wakeup: comm=kworker/1:0 pid=592 prio=120 target_cpu=001
          <idle>-0       [001] d.... 20019.991774: sched_switch: prev_comm=swapper/1 prev_pid=0 prev_prio=120 prev_state=R ==> next_comm=kworker/1:0 next_pid=592 next_prio=120
     kworker/1:0-592     [001] d.... 20019.991830: sched_switch: prev_comm=kworker/1:0 prev_pid=592 prev_prio=120 prev_state=I ==> next_comm=swapper/1 next_pid=0 next_prio=120
          <idle>-0       [001] dns.. 20020.201739: sched_wakeup: comm=kworker/1:0 pid=592 prio=120 target_cpu=001
          <idle>-0       [001] d.... 20020.201802: sched_switch: prev_comm=swapper/1 prev_pid=0 prev_prio=120 prev_state=R ==> next_comm=kworker/1:0 next_pid=592 next_prio=120
          <idle>-0       [000] dns.. 20020.201821: sched_wakeup: comm=kworker/0:2 pid=568 prio=120 target_cpu=000
     kworker/1:0-592     [001] d.... 20020.201857: sched_switch: prev_comm=kworker/1:0 prev_pid=592 prev_prio=120 prev_state=I ==> next_comm=swapper/1 next_pid=0 next_prio=120
          <idle>-0       [000] d.... 20020.201939: sched_switch: prev_comm=swapper/0 prev_pid=0 prev_prio=120 prev_state=R ==> next_comm=kworker/0:2 next_pid=568 next_prio=120
     kworker/0:2-568     [000] d.... 20020.202018: sched_switch: prev_comm=kworker/0:2 prev_pid=568 prev_prio=120 prev_state=I ==> next_comm=swapper/0 next_pid=0 next_prio=120
          <idle>-0       [001] dns.. 20020.331698: sched_wakeup: comm=kworker/1:0 pid=592 prio=120 target_cpu=001
          <idle>-0       [001] d.... 20020.331755: sched_switch: prev_comm=swapper/1 prev_pid=0 prev_prio=120 prev_state=R ==> next_comm=kworker/1:0 next_pid=592 next_prio=120
     kworker/1:0-592     [001] d.... 20020.331846: sched_switch: prev_comm=kworker/1:0 prev_pid=592 prev_prio=120 prev_state=I ==> next_comm=swapper/1 next_pid=0 next_prio=120
          <idle>-0       [001] dns.. 20020.411693: sched_wakeup: comm=kworker/1:0 pid=592 prio=120 target_cpu=001
          <idle>-0       [001] d.... 20020.411756: sched_switch: prev_comm=swapper/1 prev_pid=0 prev_prio=120 prev_state=R ==> next_comm=kworker/1:0 next_pid=592 next_prio=120
     kworker/1:0-592     [001] d.... 20020.411806: sched_switch: prev_comm=kworker/1:0 prev_pid=592 prev_prio=120 prev_state=I ==> next_comm=swapper/1 next_pid=0 next_prio=120
          <idle>-0       [000] dnH.. 20020.441784: sched_wakeup: comm=kcompactd0 pid=44 prio=120 target_cpu=000
          <idle>-0       [000] d.... 20020.441894: sched_switch: prev_comm=swapper/0 prev_pid=0 prev_prio=120 prev_state=R ==> next_comm=kcompactd0 next_pid=44 next_prio=120
      kcompactd0-44      [000] d.... 20020.441937: sched_switch: prev_comm=kcompactd0 prev_pid=44 prev_prio=120 prev_state=S ==> next_comm=swapper/0 next_pid=0 next_prio=120
          <idle>-0       [002] dnh.. 20020.613594: sched_wakeup: comm=sshd pid=562 prio=120 target_cpu=002
          <idle>-0       [002] d.... 20020.613675: sched_switch: prev_comm=swapper/2 prev_pid=0 prev_prio=120 prev_state=R ==> next_comm=sshd next_pid=562 next_prio=120
          <idle>-0       [003] dnh.. 20020.614597: sched_wakeup: comm=kworker/u16:2 pid=49 prio=120 target_cpu=003
            sshd-562     [002] d.... 20020.614651: sched_switch: prev_comm=sshd prev_pid=562 prev_prio=120 prev_state=S ==> next_comm=swapper/2 next_pid=0 next_prio=120
          <idle>-0       [003] d.... 20020.614674: sched_switch: prev_comm=swapper/3 prev_pid=0 prev_prio=120 prev_state=R ==> next_comm=kworker/u16:2 next_pid=49 next_prio=120
          <idle>-0       [001] dnh.. 20020.614783: sched_wakeup: comm=bash pid=563 prio=120 target_cpu=001
   kworker/u16:2-49      [003] d.... 20020.614790: sched_switch: prev_comm=kworker/u16:2 prev_pid=49 prev_prio=120 prev_state=I ==> next_comm=swapper/3 next_pid=0 next_prio=120
          <idle>-0       [001] d.... 20020.614833: sched_switch: prev_comm=swapper/1 prev_pid=0 prev_prio=120 prev_state=R ==> next_comm=bash next_pid=563 next_prio=120
          <idle>-0       [003] dnh.. 20020.615171: sched_wakeup: comm=kworker/u16:2 pid=49 prio=120 target_cpu=003
          <idle>-0       [003] d.... 20020.615214: sched_switch: prev_comm=swapper/3 prev_pid=0 prev_prio=120 prev_state=R ==> next_comm=kworker/u16:2 next_pid=49 next_prio=120
            bash-563     [001] d.... 20020.615237: sched_switch: prev_comm=bash prev_pid=563 prev_prio=120 prev_state=S ==> next_comm=swapper/1 next_pid=0 next_prio=120
   kworker/u16:2-49      [003] d.... 20020.615294: sched_switch: prev_comm=kworker/u16:2 prev_pid=49 prev_prio=120 prev_state=I ==> next_comm=swapper/3 next_pid=0 next_prio=120
          <idle>-0       [002] dnh.. 20020.615365: sched_wakeup: comm=sshd pid=562 prio=120 target_cpu=002
          <idle>-0       [002] d.... 20020.615424: sched_switch: prev_comm=swapper/2 prev_pid=0 prev_prio=120 prev_state=R ==> next_comm=sshd next_pid=562 next_prio=120
            sshd-562     [002] d.... 20020.616510: sched_switch: prev_comm=sshd prev_pid=562 prev_prio=120 prev_state=S ==> next_comm=swapper/2 next_pid=0 next_prio=120
          <idle>-0       [001] dns.. 20020.621701: sched_wakeup: comm=kworker/1:0 pid=592 prio=120 target_cpu=001
          <idle>-0       [001] d.... 20020.621751: sched_switch: prev_comm=swapper/1 prev_pid=0 prev_prio=120 prev_state=R ==> next_comm=kworker/1:0 next_pid=592 next_prio=120
     kworker/1:0-592     [001] d.... 20020.621804: sched_switch: prev_comm=kworker/1:0 prev_pid=592 prev_prio=120 prev_state=I ==> next_comm=swapper/1 next_pid=0 next_prio=120
          <idle>-0       [002] dns.. 20020.732918: sched_wakeup: comm=sshd pid=562 prio=120 target_cpu=002
          <idle>-0       [002] d.... 20020.733017: sched_switch: prev_comm=swapper/2 prev_pid=0 prev_prio=120 prev_state=R ==> next_comm=sshd next_pid=562 next_prio=120
          <idle>-0       [003] dnh.. 20020.734006: sched_wakeup: comm=kworker/u16:2 pid=49 prio=120 target_cpu=003
          <idle>-0       [003] d.... 20020.734074: sched_switch: prev_comm=swapper/3 prev_pid=0 prev_prio=120 prev_state=R ==> next_comm=kworker/u16:2 next_pid=49 next_prio=120
   kworker/u16:2-49      [003] d.... 20020.734172: sched_switch: prev_comm=kworker/u16:2 prev_pid=49 prev_prio=120 prev_state=I ==> next_comm=swapper/3 next_pid=0 next_prio=120
          <idle>-0       [001] dnh.. 20020.734175: sched_wakeup: comm=bash pid=563 prio=120 target_cpu=001
          <idle>-0       [001] d.... 20020.734217: sched_switch: prev_comm=swapper/1 prev_pid=0 prev_prio=120 prev_state=R ==> next_comm=bash next_pid=563 next_prio=120
            sshd-562     [002] d.... 20020.734260: sched_switch: prev_comm=sshd prev_pid=562 prev_prio=120 prev_state=S ==> next_comm=swapper/2 next_pid=0 next_prio=120
          <idle>-0       [003] dnh.. 20020.734534: sched_wakeup: comm=kworker/u16:2 pid=49 prio=120 target_cpu=003
          <idle>-0       [003] d.... 20020.734556: sched_switch: prev_comm=swapper/3 prev_pid=0 prev_prio=120 prev_state=R ==> next_comm=kworker/u16:2 next_pid=49 next_prio=120
   kworker/u16:2-49      [003] d.... 20020.734597: sched_switch: prev_comm=kworker/u16:2 prev_pid=49 prev_prio=120 prev_state=I ==> next_comm=swapper/3 next_pid=0 next_prio=120
            bash-563     [001] d.... 20020.734605: sched_switch: prev_comm=bash prev_pid=563 prev_prio=120 prev_state=S ==> next_comm=swapper/1 next_pid=0 next_prio=120
          <idle>-0       [002] dnh.. 20020.734649: sched_wakeup: comm=sshd pid=562 prio=120 target_cpu=002
          <idle>-0       [002] d.... 20020.734682: sched_switch: prev_comm=swapper/2 prev_pid=0 prev_prio=120 prev_state=R ==> next_comm=sshd next_pid=562 next_prio=120
            sshd-562     [002] d.... 20020.735309: sched_switch: prev_comm=sshd prev_pid=562 prev_prio=120 prev_state=S ==> next_comm=swapper/2 next_pid=0 next_prio=120
          <idle>-0       [002] dns.. 20020.831744: sched_wakeup: comm=kworker/2:0 pid=557 prio=120 target_cpu=002
          <idle>-0       [002] d.... 20020.831811: sched_switch: prev_comm=swapper/2 prev_pid=0 prev_prio=120 prev_state=R ==> next_comm=kworker/2:0 next_pid=557 next_prio=120
     kworker/2:0-557     [002] d.... 20020.831872: sched_switch: prev_comm=kworker/2:0 prev_pid=557 prev_prio=120 prev_state=I ==> next_comm=swapper/2 next_pid=0 next_prio=120
          <idle>-0       [002] dnh.. 20020.910910: sched_wakeup: comm=sshd pid=562 prio=120 target_cpu=002
          <idle>-0       [002] d.... 20020.910996: sched_switch: prev_comm=swapper/2 prev_pid=0 prev_prio=120 prev_state=R ==> next_comm=sshd next_pid=562 next_prio=120
          <idle>-0       [003] dnh.. 20020.912089: sched_wakeup: comm=kworker/u16:2 pid=49 prio=120 target_cpu=003
            sshd-562     [002] d.... 20020.912176: sched_switch: prev_comm=sshd prev_pid=562 prev_prio=120 prev_state=S ==> next_comm=swapper/2 next_pid=0 next_prio=120
          <idle>-0       [003] d.... 20020.912178: sched_switch: prev_comm=swapper/3 prev_pid=0 prev_prio=120 prev_state=R ==> next_comm=kworker/u16:2 next_pid=49 next_prio=120
          <idle>-0       [001] dnh.. 20020.912286: sched_wakeup: comm=bash pid=563 prio=120 target_cpu=001
   kworker/u16:2-49      [003] d.... 20020.912299: sched_switch: prev_comm=kworker/u16:2 prev_pid=49 prev_prio=120 prev_state=I ==> next_comm=swapper/3 next_pid=0 next_prio=120
          <idle>-0       [001] d.... 20020.912327: sched_switch: prev_comm=swapper/1 prev_pid=0 prev_prio=120 prev_state=R ==> next_comm=bash next_pid=563 next_prio=120
          <idle>-0       [003] dnh.. 20020.912533: sched_wakeup: comm=kworker/u16:2 pid=49 prio=120 target_cpu=003
          <idle>-0       [003] d.... 20020.912572: sched_switch: prev_comm=swapper/3 prev_pid=0 prev_prio=120 prev_state=R ==> next_comm=kworker/u16:2 next_pid=49 next_prio=120
   kworker/u16:2-49      [003] d.... 20020.912643: sched_switch: prev_comm=kworker/u16:2 prev_pid=49 prev_prio=120 prev_state=I ==> next_comm=swapper/3 next_pid=0 next_prio=120
          <idle>-0       [002] dnh.. 20020.912678: sched_wakeup: comm=sshd pid=562 prio=120 target_cpu=002
          <idle>-0       [002] d.... 20020.912706: sched_switch: prev_comm=swapper/2 prev_pid=0 prev_prio=120 prev_state=R ==> next_comm=sshd next_pid=562 next_prio=120
            bash-563     [001] ..... 20020.913710: sys_clone+0xc/0x9c <-ret_fast_syscall+0x0/0x54
            bash-563     [001] ..... 20020.913728: <stack trace>
 => sys_clone+0x10/0x9c
 => ret_fast_syscall+0x0/0x54
            bash-563     [001] ..... 20020.913733: kernel_clone+0xc/0x388 <-sys_clone+0x78/0x9c
            bash-563     [001] ..... 20020.913739: <stack trace>
 => kernel_clone+0x10/0x388
 => sys_clone+0x78/0x9c
 => ret_fast_syscall+0x0/0x54
            bash-563     [001] ..... 20020.913741: copy_process+0xc/0x16a8 <-kernel_clone+0xac/0x388
            bash-563     [001] ..... 20020.913746: <stack trace>
 => copy_process+0x10/0x16a8
 => kernel_clone+0xac/0x388
 => sys_clone+0x78/0x9c
 => ret_fast_syscall+0x0/0x54
            sshd-562     [002] d.... 20020.913846: sched_switch: prev_comm=sshd prev_pid=562 prev_prio=120 prev_state=S ==> next_comm=swapper/2 next_pid=0 next_prio=120
            bash-563     [001] ..... 20020.914336: sched_process_fork: comm=bash pid=563 child_comm=bash child_pid=611
          <idle>-0       [000] d.... 20020.914447: sched_switch: prev_comm=swapper/0 prev_pid=0 prev_prio=120 prev_state=R ==> next_comm=bash next_pid=611 next_prio=120
            bash-563     [001] d.... 20020.915447: sched_switch: prev_comm=bash prev_pid=563 prev_prio=120 prev_state=S ==> next_comm=swapper/1 next_pid=0 next_prio=120
          <idle>-0       [001] dnH.. 20020.931741: sched_wakeup: comm=rcu_sched pid=15 prio=120 target_cpu=001
          <idle>-0       [001] d.... 20020.931781: sched_switch: prev_comm=swapper/1 prev_pid=0 prev_prio=120 prev_state=R ==> next_comm=rcu_sched next_pid=15 next_prio=120
       rcu_sched-15      [001] d.... 20020.931814: sched_switch: prev_comm=rcu_sched prev_pid=15 prev_prio=120 prev_state=I ==> next_comm=swapper/1 next_pid=0 next_prio=120
          <idle>-0       [001] dns.. 20020.951679: sched_wakeup: comm=rcu_sched pid=15 prio=120 target_cpu=001
          <idle>-0       [001] d.... 20020.951721: sched_switch: prev_comm=swapper/1 prev_pid=0 prev_prio=120 prev_state=R ==> next_comm=rcu_sched next_pid=15 next_prio=120
       rcu_sched-15      [001] d.... 20020.951749: sched_switch: prev_comm=rcu_sched prev_pid=15 prev_prio=120 prev_state=I ==> next_comm=swapper/1 next_pid=0 next_prio=120
          <idle>-0       [002] dnh.. 20020.951775: sched_wakeup: comm=kcompactd0 pid=44 prio=120 target_cpu=002
          <idle>-0       [002] d.... 20020.951844: sched_switch: prev_comm=swapper/2 prev_pid=0 prev_prio=120 prev_state=R ==> next_comm=kcompactd0 next_pid=44 next_prio=120
      kcompactd0-44      [002] d.... 20020.951911: sched_switch: prev_comm=kcompactd0 prev_pid=44 prev_prio=120 prev_state=S ==> next_comm=swapper/2 next_pid=0 next_prio=120
          <idle>-0       [001] dns.. 20020.971675: sched_wakeup: comm=rcu_sched pid=15 prio=120 target_cpu=001
          <idle>-0       [001] d.... 20020.971714: sched_switch: prev_comm=swapper/1 prev_pid=0 prev_prio=120 prev_state=R ==> next_comm=rcu_sched next_pid=15 next_prio=120
       rcu_sched-15      [001] d.... 20020.971750: sched_switch: prev_comm=rcu_sched prev_pid=15 prev_prio=120 prev_state=I ==> next_comm=swapper/1 next_pid=0 next_prio=120
          <idle>-0       [001] dnh.. 20020.981746: sched_wakeup: comm=rcu_sched pid=15 prio=120 target_cpu=001
          <idle>-0       [001] d.... 20020.981775: sched_switch: prev_comm=swapper/1 prev_pid=0 prev_prio=120 prev_state=R ==> next_comm=rcu_sched next_pid=15 next_prio=120
       rcu_sched-15      [001] d.... 20020.981798: sched_switch: prev_comm=rcu_sched prev_pid=15 prev_prio=120 prev_state=I ==> next_comm=swapper/1 next_pid=0 next_prio=120
          <idle>-0       [001] dns.. 20021.011674: sched_wakeup: comm=rcu_sched pid=15 prio=120 target_cpu=001
          <idle>-0       [001] d.... 20021.011711: sched_switch: prev_comm=swapper/1 prev_pid=0 prev_prio=120 prev_state=R ==> next_comm=rcu_sched next_pid=15 next_prio=120
       rcu_sched-15      [001] d.... 20021.011736: sched_switch: prev_comm=rcu_sched prev_pid=15 prev_prio=120 prev_state=I ==> next_comm=swapper/1 next_pid=0 next_prio=120
          <idle>-0       [001] dns.. 20021.031664: sched_wakeup: comm=rcu_sched pid=15 prio=120 target_cpu=001
          <idle>-0       [001] d.... 20021.031703: sched_switch: prev_comm=swapper/1 prev_pid=0 prev_prio=120 prev_state=R ==> next_comm=rcu_sched next_pid=15 next_prio=120
       rcu_sched-15      [001] d.... 20021.031733: sched_switch: prev_comm=rcu_sched prev_pid=15 prev_prio=120 prev_state=I ==> next_comm=swapper/1 next_pid=0 next_prio=120
          <idle>-0       [003] dnh.. 20021.034515: sched_wakeup: comm=kworker/u16:2 pid=49 prio=120 target_cpu=003
          <idle>-0       [003] d.... 20021.034581: sched_switch: prev_comm=swapper/3 prev_pid=0 prev_prio=120 prev_state=R ==> next_comm=kworker/u16:2 next_pid=49 next_prio=120
   kworker/u16:2-49      [003] d.... 20021.034690: sched_switch: prev_comm=kworker/u16:2 prev_pid=49 prev_prio=120 prev_state=I ==> next_comm=swapper/3 next_pid=0 next_prio=120
          <idle>-0       [002] dnh.. 20021.034736: sched_wakeup: comm=sshd pid=562 prio=120 target_cpu=002
          <idle>-0       [002] d.... 20021.034812: sched_switch: prev_comm=swapper/2 prev_pid=0 prev_prio=120 prev_state=R ==> next_comm=sshd next_pid=562 next_prio=120
          <idle>-0       [003] dnh.. 20021.035001: sched_wakeup: comm=kworker/u16:2 pid=49 prio=120 target_cpu=003
          <idle>-0       [003] d.... 20021.035145: sched_switch: prev_comm=swapper/3 prev_pid=0 prev_prio=120 prev_state=R ==> next_comm=kworker/u16:2 next_pid=49 next_prio=120
   kworker/u16:2-49      [003] d.... 20021.035207: sched_switch: prev_comm=kworker/u16:2 prev_pid=49 prev_prio=120 prev_state=I ==> next_comm=swapper/3 next_pid=0 next_prio=120
            sshd-562     [002] d.... 20021.035915: sched_switch: prev_comm=sshd prev_pid=562 prev_prio=120 prev_state=S ==> next_comm=swapper/2 next_pid=0 next_prio=120
              ps-611     [000] ..... 20021.039207: do_exit+0xc/0xa24 <-do_group_exit+0x40/0x8c
              ps-611     [000] ..... 20021.039224: <stack trace>
 => do_exit+0x10/0xa24
 => do_group_exit+0x40/0x8c
 => pid_child_should_wake+0x0/0x68
              ps-611     [000] ..... 20021.039255: sched_process_exit: comm=ps pid=611 prio=120 group_dead=true
              ps-611     [000] dn... 20021.039986: signal_generate: sig=17 errno=0 code=1 comm=bash pid=563 grp=1 res=0
              ps-611     [000] d.... 20021.040037: sched_switch: prev_comm=ps prev_pid=611 prev_prio=120 prev_state=Z ==> next_comm=swapper/0 next_pid=0 next_prio=120
          <idle>-0       [001] dnh.. 20021.040040: sched_wakeup: comm=bash pid=563 prio=120 target_cpu=001
          <idle>-0       [001] d.... 20021.040106: sched_switch: prev_comm=swapper/1 prev_pid=0 prev_prio=120 prev_state=R ==> next_comm=bash next_pid=563 next_prio=120
            bash-563     [001] d.... 20021.040660: signal_deliver: sig=17 errno=0 code=1 sa_handler=51b6fd sa_flags=14000000
          <idle>-0       [000] dns.. 20021.041743: sched_wakeup: comm=rcu_sched pid=15 prio=120 target_cpu=000
          <idle>-0       [000] d.... 20021.041770: sched_switch: prev_comm=swapper/0 prev_pid=0 prev_prio=120 prev_state=R ==> next_comm=rcu_sched next_pid=15 next_prio=120
       rcu_sched-15      [000] d.... 20021.041808: sched_switch: prev_comm=rcu_sched prev_pid=15 prev_prio=120 prev_state=I ==> next_comm=swapper/0 next_pid=0 next_prio=120
          <idle>-0       [003] dnh.. 20021.041877: sched_wakeup: comm=kworker/u16:2 pid=49 prio=120 target_cpu=003
          <idle>-0       [003] d.... 20021.041906: sched_switch: prev_comm=swapper/3 prev_pid=0 prev_prio=120 prev_state=R ==> next_comm=kworker/u16:2 next_pid=49 next_prio=120
   kworker/u16:2-49      [003] d.... 20021.041950: sched_switch: prev_comm=kworker/u16:2 prev_pid=49 prev_prio=120 prev_state=I ==> next_comm=swapper/3 next_pid=0 next_prio=120
          <idle>-0       [002] dnh.. 20021.041966: sched_wakeup: comm=sshd pid=562 prio=120 target_cpu=002
          <idle>-0       [002] d.... 20021.041990: sched_switch: prev_comm=swapper/2 prev_pid=0 prev_prio=120 prev_state=R ==> next_comm=sshd next_pid=562 next_prio=120
            sshd-562     [002] d.... 20021.042298: sched_switch: prev_comm=sshd prev_pid=562 prev_prio=120 prev_state=D ==> next_comm=swapper/2 next_pid=0 next_prio=120
          <idle>-0       [003] dnh.. 20021.042327: sched_wakeup: comm=kworker/u16:2 pid=49 prio=120 target_cpu=003
            bash-563     [001] d.... 20021.042329: sched_switch: prev_comm=bash prev_pid=563 prev_prio=120 prev_state=S ==> next_comm=swapper/1 next_pid=0 next_prio=120
          <idle>-0       [003] d.... 20021.042369: sched_switch: prev_comm=swapper/3 prev_pid=0 prev_prio=120 prev_state=R ==> next_comm=kworker/u16:2 next_pid=49 next_prio=120
   kworker/u16:2-49      [003] d.... 20021.042469: sched_switch: prev_comm=kworker/u16:2 prev_pid=49 prev_prio=120 prev_state=I ==> next_comm=swapper/3 next_pid=0 next_prio=120
          <idle>-0       [002] dnh.. 20021.042470: sched_wakeup: comm=sshd pid=562 prio=120 target_cpu=002
          <idle>-0       [002] d.... 20021.042490: sched_switch: prev_comm=swapper/2 prev_pid=0 prev_prio=120 prev_state=R ==> next_comm=sshd next_pid=562 next_prio=120
            sshd-562     [002] d.... 20021.043172: sched_switch: prev_comm=sshd prev_pid=562 prev_prio=120 prev_state=S ==> next_comm=swapper/2 next_pid=0 next_prio=120
          <idle>-0       [002] dns.. 20021.051734: sched_wakeup: comm=kworker/2:0 pid=557 prio=120 target_cpu=002
          <idle>-0       [000] dns.. 20021.051741: sched_wakeup: comm=kworker/0:2 pid=568 prio=120 target_cpu=000
          <idle>-0       [002] d.... 20021.051829: sched_switch: prev_comm=swapper/2 prev_pid=0 prev_prio=120 prev_state=R ==> next_comm=kworker/2:0 next_pid=557 next_prio=120
          <idle>-0       [000] dns.. 20021.051844: sched_wakeup: comm=ksoftirqd/0 pid=14 prio=120 target_cpu=000
          <idle>-0       [000] d.... 20021.051887: sched_switch: prev_comm=swapper/0 prev_pid=0 prev_prio=120 prev_state=R ==> next_comm=ksoftirqd/0 next_pid=14 next_prio=120
     kworker/2:0-557     [002] d.... 20021.051954: sched_switch: prev_comm=kworker/2:0 prev_pid=557 prev_prio=120 prev_state=I ==> next_comm=swapper/2 next_pid=0 next_prio=120
     ksoftirqd/0-14      [000] d.... 20021.051961: sched_switch: prev_comm=ksoftirqd/0 prev_pid=14 prev_prio=120 prev_state=S ==> next_comm=kworker/0:2 next_pid=568 next_prio=120
          <idle>-0       [001] dnh.. 20021.052034: sched_wakeup: comm=kworker/1:0 pid=592 prio=120 target_cpu=001
          <idle>-0       [001] d.... 20021.052059: sched_switch: prev_comm=swapper/1 prev_pid=0 prev_prio=120 prev_state=R ==> next_comm=kworker/1:0 next_pid=592 next_prio=120
     kworker/1:0-592     [001] d.... 20021.052171: sched_switch: prev_comm=kworker/1:0 prev_pid=592 prev_prio=120 prev_state=I ==> next_comm=swapper/1 next_pid=0 next_prio=120
          <idle>-0       [003] dnh.. 20021.052196: sched_wakeup: comm=kworker/3:1 pid=570 prio=120 target_cpu=003
     kworker/0:2-568     [000] d.... 20021.052244: sched_switch: prev_comm=kworker/0:2 prev_pid=568 prev_prio=120 prev_state=I ==> next_comm=swapper/0 next_pid=0 next_prio=120
          <idle>-0       [003] d.... 20021.052249: sched_switch: prev_comm=swapper/3 prev_pid=0 prev_prio=120 prev_state=R ==> next_comm=kworker/3:1 next_pid=570 next_prio=120
     kworker/3:1-570     [003] d.... 20021.052301: sched_switch: prev_comm=kworker/3:1 prev_pid=570 prev_prio=120 prev_state=I ==> next_comm=swapper/3 next_pid=0 next_prio=120
          <idle>-0       [000] dns.. 20021.061724: sched_wakeup: comm=rcu_sched pid=15 prio=120 target_cpu=000
          <idle>-0       [000] d.... 20021.061795: sched_switch: prev_comm=swapper/0 prev_pid=0 prev_prio=120 prev_state=R ==> next_comm=rcu_sched next_pid=15 next_prio=120
       rcu_sched-15      [000] d.... 20021.061856: sched_switch: prev_comm=rcu_sched prev_pid=15 prev_prio=120 prev_state=I ==> next_comm=swapper/0 next_pid=0 next_prio=120
          <idle>-0       [000] dns.. 20021.071940: sched_wakeup: comm=kworker/0:2 pid=568 prio=120 target_cpu=000
          <idle>-0       [000] d.... 20021.071984: sched_switch: prev_comm=swapper/0 prev_pid=0 prev_prio=120 prev_state=R ==> next_comm=kworker/0:2 next_pid=568 next_prio=120
     kworker/0:2-568     [000] d.... 20021.072175: sched_switch: prev_comm=kworker/0:2 prev_pid=568 prev_prio=120 prev_state=I ==> next_comm=swapper/0 next_pid=0 next_prio=120
          <idle>-0       [000] dns.. 20021.081776: sched_wakeup: comm=rcu_sched pid=15 prio=120 target_cpu=000
          <idle>-0       [000] d.... 20021.081855: sched_switch: prev_comm=swapper/0 prev_pid=0 prev_prio=120 prev_state=R ==> next_comm=rcu_sched next_pid=15 next_prio=120
       rcu_sched-15      [000] d.... 20021.081915: sched_switch: prev_comm=rcu_sched prev_pid=15 prev_prio=120 prev_state=I ==> next_comm=swapper/0 next_pid=0 next_prio=120
          <idle>-0       [000] dnh.. 20021.101788: sched_wakeup: comm=rcu_sched pid=15 prio=120 target_cpu=000
          <idle>-0       [000] d.... 20021.101853: sched_switch: prev_comm=swapper/0 prev_pid=0 prev_prio=120 prev_state=R ==> next_comm=rcu_sched next_pid=15 next_prio=120
       rcu_sched-15      [000] d.... 20021.101904: sched_switch: prev_comm=rcu_sched prev_pid=15 prev_prio=120 prev_state=I ==> next_comm=swapper/0 next_pid=0 next_prio=120
          <idle>-0       [000] dns.. 20021.121741: sched_wakeup: comm=rcu_sched pid=15 prio=120 target_cpu=000
          <idle>-0       [000] d.... 20021.121816: sched_switch: prev_comm=swapper/0 prev_pid=0 prev_prio=120 prev_state=R ==> next_comm=rcu_sched next_pid=15 next_prio=120
       rcu_sched-15      [000] d.... 20021.121874: sched_switch: prev_comm=rcu_sched prev_pid=15 prev_prio=120 prev_state=I ==> next_comm=swapper/0 next_pid=0 next_prio=120
          <idle>-0       [000] dnh.. 20021.141769: sched_wakeup: comm=rcu_sched pid=15 prio=120 target_cpu=000
          <idle>-0       [000] d.... 20021.141830: sched_switch: prev_comm=swapper/0 prev_pid=0 prev_prio=120 prev_state=R ==> next_comm=rcu_sched next_pid=15 next_prio=120
       rcu_sched-15      [000] d.... 20021.141891: sched_switch: prev_comm=rcu_sched prev_pid=15 prev_prio=120 prev_state=I ==> next_comm=swapper/0 next_pid=0 next_prio=120
          <idle>-0       [000] dns.. 20021.161749: sched_wakeup: comm=rcu_sched pid=15 prio=120 target_cpu=000
          <idle>-0       [000] d.... 20021.161826: sched_switch: prev_comm=swapper/0 prev_pid=0 prev_prio=120 prev_state=R ==> next_comm=rcu_sched next_pid=15 next_prio=120
       rcu_sched-15      [000] d.... 20021.161884: sched_switch: prev_comm=rcu_sched prev_pid=15 prev_prio=120 prev_state=I ==> next_comm=swapper/0 next_pid=0 next_prio=120
          <idle>-0       [000] dns.. 20021.261776: sched_wakeup: comm=kworker/0:2 pid=568 prio=120 target_cpu=000
          <idle>-0       [000] d.... 20021.261882: sched_switch: prev_comm=swapper/0 prev_pid=0 prev_prio=120 prev_state=R ==> next_comm=kworker/0:2 next_pid=568 next_prio=120
     kworker/0:2-568     [000] d.... 20021.261979: sched_switch: prev_comm=kworker/0:2 prev_pid=568 prev_prio=120 prev_state=I ==> next_comm=swapper/0 next_pid=0 next_prio=120
          <idle>-0       [000] dns.. 20021.371773: sched_wakeup: comm=kworker/0:2 pid=568 prio=120 target_cpu=000
          <idle>-0       [000] d.... 20021.371878: sched_switch: prev_comm=swapper/0 prev_pid=0 prev_prio=120 prev_state=R ==> next_comm=kworker/0:2 next_pid=568 next_prio=120
     kworker/0:2-568     [000] d.... 20021.372046: sched_switch: prev_comm=kworker/0:2 prev_pid=568 prev_prio=120 prev_state=I ==> next_comm=swapper/0 next_pid=0 next_prio=120
          <idle>-0       [002] dnH.. 20021.461827: sched_wakeup: comm=kcompactd0 pid=44 prio=120 target_cpu=002
          <idle>-0       [002] d.... 20021.461942: sched_switch: prev_comm=swapper/2 prev_pid=0 prev_prio=120 prev_state=R ==> next_comm=kcompactd0 next_pid=44 next_prio=120
      kcompactd0-44      [002] d.... 20021.462020: sched_switch: prev_comm=kcompactd0 prev_pid=44 prev_prio=120 prev_state=S ==> next_comm=swapper/2 next_pid=0 next_prio=120
          <idle>-0       [000] dns.. 20021.471774: sched_wakeup: comm=kworker/0:2 pid=568 prio=120 target_cpu=000
          <idle>-0       [000] d.... 20021.471863: sched_switch: prev_comm=swapper/0 prev_pid=0 prev_prio=120 prev_state=R ==> next_comm=kworker/0:2 next_pid=568 next_prio=120
     kworker/0:2-568     [000] d.... 20021.471960: sched_switch: prev_comm=kworker/0:2 prev_pid=568 prev_prio=120 prev_state=I ==> next_comm=swapper/0 next_pid=0 next_prio=120
          <idle>-0       [002] dns.. 20021.681709: sched_wakeup: comm=kworker/2:0 pid=557 prio=120 target_cpu=002
          <idle>-0       [002] d.... 20021.681777: sched_switch: prev_comm=swapper/2 prev_pid=0 prev_prio=120 prev_state=R ==> next_comm=kworker/2:0 next_pid=557 next_prio=120
     kworker/2:0-557     [002] d.... 20021.681841: sched_switch: prev_comm=kworker/2:0 prev_pid=557 prev_prio=120 prev_state=I ==> next_comm=swapper/2 next_pid=0 next_prio=120
          <idle>-0       [001] dnh.. 20021.706988: sched_wakeup: comm=raspbian_proc pid=608 prio=120 target_cpu=001
          <idle>-0       [001] d.... 20021.707039: sched_switch: prev_comm=swapper/1 prev_pid=0 prev_prio=120 prev_state=R ==> next_comm=raspbian_proc next_pid=608 next_prio=120
   raspbian_proc-608     [001] d.... 20021.707181: sched_wakeup: comm=kworker/1:0 pid=592 prio=120 target_cpu=001
   raspbian_proc-608     [001] d.... 20021.707278: sched_switch: prev_comm=raspbian_proc prev_pid=608 prev_prio=120 prev_state=S ==> next_comm=kworker/1:0 next_pid=592 next_prio=120
     kworker/1:0-592     [001] d.... 20021.707424: sched_switch: prev_comm=kworker/1:0 prev_pid=592 prev_prio=120 prev_state=I ==> next_comm=swapper/1 next_pid=0 next_prio=120
          <idle>-0       [001] dns.. 20021.891707: sched_wakeup: comm=kworker/1:0 pid=592 prio=120 target_cpu=001
          <idle>-0       [001] d.... 20021.891769: sched_switch: prev_comm=swapper/1 prev_pid=0 prev_prio=120 prev_state=R ==> next_comm=kworker/1:0 next_pid=592 next_prio=120
     kworker/1:0-592     [001] d.... 20021.891822: sched_switch: prev_comm=kworker/1:0 prev_pid=592 prev_prio=120 prev_state=I ==> next_comm=swapper/1 next_pid=0 next_prio=120
          <idle>-0       [002] dnh.. 20021.971804: sched_wakeup: comm=kcompactd0 pid=44 prio=120 target_cpu=002
          <idle>-0       [002] d.... 20021.971887: sched_switch: prev_comm=swapper/2 prev_pid=0 prev_prio=120 prev_state=R ==> next_comm=kcompactd0 next_pid=44 next_prio=120
      kcompactd0-44      [002] d.... 20021.971957: sched_switch: prev_comm=kcompactd0 prev_pid=44 prev_prio=120 prev_state=S ==> next_comm=swapper/2 next_pid=0 next_prio=120
          <idle>-0       [001] dns.. 20022.011711: sched_wakeup: comm=kworker/1:0 pid=592 prio=120 target_cpu=001
          <idle>-0       [001] d.... 20022.011772: sched_switch: prev_comm=swapper/1 prev_pid=0 prev_prio=120 prev_state=R ==> next_comm=kworker/1:0 next_pid=592 next_prio=120
          <idle>-0       [003] dns.. 20022.011812: sched_wakeup: comm=kworker/3:1 pid=570 prio=120 target_cpu=003
     kworker/1:0-592     [001] d.h.. 20022.011866: sched_wakeup: comm=kworker/1:0 pid=592 prio=120 target_cpu=001
          <idle>-0       [000] dnh.. 20022.011931: sched_wakeup: comm=kworker/u16:2 pid=49 prio=120 target_cpu=000
     kworker/1:0-592     [001] d.... 20022.011944: sched_switch: prev_comm=kworker/1:0 prev_pid=592 prev_prio=120 prev_state=I ==> next_comm=swapper/1 next_pid=0 next_prio=120
          <idle>-0       [003] d.... 20022.011948: sched_switch: prev_comm=swapper/3 prev_pid=0 prev_prio=120 prev_state=R ==> next_comm=kworker/3:1 next_pid=570 next_prio=120
          <idle>-0       [000] d.... 20022.012005: sched_switch: prev_comm=swapper/0 prev_pid=0 prev_prio=120 prev_state=R ==> next_comm=kworker/u16:2 next_pid=49 next_prio=120
     kworker/3:1-570     [003] d.... 20022.012036: sched_switch: prev_comm=kworker/3:1 prev_pid=570 prev_prio=120 prev_state=I ==> next_comm=swapper/3 next_pid=0 next_prio=120
   kworker/u16:2-49      [000] d.... 20022.012117: sched_switch: prev_comm=kworker/u16:2 prev_pid=49 prev_prio=120 prev_state=I ==> next_comm=swapper/0 next_pid=0 next_prio=120
          <idle>-0       [001] dns.. 20022.101703: sched_wakeup: comm=kworker/1:0 pid=592 prio=120 target_cpu=001
          <idle>-0       [001] d.... 20022.101762: sched_switch: prev_comm=swapper/1 prev_pid=0 prev_prio=120 prev_state=R ==> next_comm=kworker/1:0 next_pid=592 next_prio=120
     kworker/1:0-592     [001] d.... 20022.101809: sched_switch: prev_comm=kworker/1:0 prev_pid=592 prev_prio=120 prev_state=I ==> next_comm=swapper/1 next_pid=0 next_prio=120
          <idle>-0       [001] dnh.. 20022.271693: sched_wakeup: comm=kworker/1:0 pid=592 prio=120 target_cpu=001
          <idle>-0       [001] d.... 20022.271772: sched_switch: prev_comm=swapper/1 prev_pid=0 prev_prio=120 prev_state=R ==> next_comm=kworker/1:0 next_pid=592 next_prio=120
     kworker/1:0-592     [001] d.... 20022.271831: sched_switch: prev_comm=kworker/1:0 prev_pid=592 prev_prio=120 prev_state=I ==> next_comm=swapper/1 next_pid=0 next_prio=120
          <idle>-0       [001] dns.. 20022.311682: sched_wakeup: comm=kworker/1:0 pid=592 prio=120 target_cpu=001
          <idle>-0       [001] d.... 20022.311737: sched_switch: prev_comm=swapper/1 prev_pid=0 prev_prio=120 prev_state=R ==> next_comm=kworker/1:0 next_pid=592 next_prio=120
     kworker/1:0-592     [001] d.... 20022.311778: sched_switch: prev_comm=kworker/1:0 prev_pid=592 prev_prio=120 prev_state=I ==> next_comm=swapper/1 next_pid=0 next_prio=120
          <idle>-0       [001] dns.. 20022.411694: sched_wakeup: comm=kworker/1:0 pid=592 prio=120 target_cpu=001
          <idle>-0       [001] d.... 20022.411751: sched_switch: prev_comm=swapper/1 prev_pid=0 prev_prio=120 prev_state=R ==> next_comm=kworker/1:0 next_pid=592 next_prio=120
          <idle>-0       [000] dns.. 20022.411767: sched_wakeup: comm=kworker/0:2 pid=568 prio=120 target_cpu=000
     kworker/1:0-592     [001] d.... 20022.411838: sched_switch: prev_comm=kworker/1:0 prev_pid=592 prev_prio=120 prev_state=I ==> next_comm=swapper/1 next_pid=0 next_prio=120
          <idle>-0       [000] d.... 20022.411905: sched_switch: prev_comm=swapper/0 prev_pid=0 prev_prio=120 prev_state=R ==> next_comm=kworker/0:2 next_pid=568 next_prio=120
     kworker/0:2-568     [000] d.... 20022.412017: sched_switch: prev_comm=kworker/0:2 prev_pid=568 prev_prio=120 prev_state=I ==> next_comm=swapper/0 next_pid=0 next_prio=120
          <idle>-0       [002] dns.. 20022.481779: sched_wakeup: comm=kcompactd0 pid=44 prio=120 target_cpu=002
          <idle>-0       [002] d.... 20022.481875: sched_switch: prev_comm=swapper/2 prev_pid=0 prev_prio=120 prev_state=R ==> next_comm=kcompactd0 next_pid=44 next_prio=120
      kcompactd0-44      [002] d.... 20022.481949: sched_switch: prev_comm=kcompactd0 prev_pid=44 prev_prio=120 prev_state=S ==> next_comm=swapper/2 next_pid=0 next_prio=120
          <idle>-0       [001] dns.. 20022.521695: sched_wakeup: comm=kworker/1:0 pid=592 prio=120 target_cpu=001
          <idle>-0       [001] d.... 20022.521762: sched_switch: prev_comm=swapper/1 prev_pid=0 prev_prio=120 prev_state=R ==> next_comm=kworker/1:0 next_pid=592 next_prio=120
     kworker/1:0-592     [001] d.... 20022.521812: sched_switch: prev_comm=kworker/1:0 prev_pid=592 prev_prio=120 prev_state=I ==> next_comm=swapper/1 next_pid=0 next_prio=120
          <idle>-0       [001] dns.. 20022.731702: sched_wakeup: comm=kworker/1:0 pid=592 prio=120 target_cpu=001
          <idle>-0       [001] d.... 20022.731759: sched_switch: prev_comm=swapper/1 prev_pid=0 prev_prio=120 prev_state=R ==> next_comm=kworker/1:0 next_pid=592 next_prio=120
     kworker/1:0-592     [001] d.... 20022.731811: sched_switch: prev_comm=kworker/1:0 prev_pid=592 prev_prio=120 prev_state=I ==> next_comm=swapper/1 next_pid=0 next_prio=120
          <idle>-0       [002] dnh.. 20022.853559: sched_wakeup: comm=sshd pid=562 prio=120 target_cpu=002
          <idle>-0       [002] d.... 20022.853650: sched_switch: prev_comm=swapper/2 prev_pid=0 prev_prio=120 prev_state=R ==> next_comm=sshd next_pid=562 next_prio=120
          <idle>-0       [000] dnh.. 20022.854585: sched_wakeup: comm=kworker/u16:2 pid=49 prio=120 target_cpu=000
          <idle>-0       [000] d.... 20022.854663: sched_switch: prev_comm=swapper/0 prev_pid=0 prev_prio=120 prev_state=R ==> next_comm=kworker/u16:2 next_pid=49 next_prio=120
            sshd-562     [002] d.... 20022.854694: sched_switch: prev_comm=sshd prev_pid=562 prev_prio=120 prev_state=S ==> next_comm=swapper/2 next_pid=0 next_prio=120
   kworker/u16:2-49      [000] d.... 20022.854776: sched_switch: prev_comm=kworker/u16:2 prev_pid=49 prev_prio=120 prev_state=I ==> next_comm=swapper/0 next_pid=0 next_prio=120
          <idle>-0       [001] dnh.. 20022.854780: sched_wakeup: comm=bash pid=563 prio=120 target_cpu=001
          <idle>-0       [001] d.... 20022.854825: sched_switch: prev_comm=swapper/1 prev_pid=0 prev_prio=120 prev_state=R ==> next_comm=bash next_pid=563 next_prio=120
          <idle>-0       [000] dnh.. 20022.855165: sched_wakeup: comm=kworker/u16:2 pid=49 prio=120 target_cpu=000
          <idle>-0       [000] d.... 20022.855206: sched_switch: prev_comm=swapper/0 prev_pid=0 prev_prio=120 prev_state=R ==> next_comm=kworker/u16:2 next_pid=49 next_prio=120
            bash-563     [001] d.... 20022.855226: sched_switch: prev_comm=bash prev_pid=563 prev_prio=120 prev_state=S ==> next_comm=swapper/1 next_pid=0 next_prio=120
   kworker/u16:2-49      [000] d.... 20022.855287: sched_switch: prev_comm=kworker/u16:2 prev_pid=49 prev_prio=120 prev_state=I ==> next_comm=swapper/0 next_pid=0 next_prio=120
          <idle>-0       [002] dnh.. 20022.855306: sched_wakeup: comm=sshd pid=562 prio=120 target_cpu=002
          <idle>-0       [002] d.... 20022.855333: sched_switch: prev_comm=swapper/2 prev_pid=0 prev_prio=120 prev_state=R ==> next_comm=sshd next_pid=562 next_prio=120
            sshd-562     [002] d.... 20022.855912: sched_switch: prev_comm=sshd prev_pid=562 prev_prio=120 prev_state=S ==> next_comm=swapper/2 next_pid=0 next_prio=120
          <idle>-0       [002] dns.. 20022.941793: sched_wakeup: comm=kworker/2:0 pid=557 prio=120 target_cpu=002
          <idle>-0       [002] d.... 20022.941925: sched_switch: prev_comm=swapper/2 prev_pid=0 prev_prio=120 prev_state=R ==> next_comm=kworker/2:0 next_pid=557 next_prio=120
     kworker/2:0-557     [002] d.... 20022.942050: sched_switch: prev_comm=kworker/2:0 prev_pid=557 prev_prio=120 prev_state=I ==> next_comm=swapper/2 next_pid=0 next_prio=120
          <idle>-0       [002] dnh.. 20022.971492: sched_wakeup: comm=sshd pid=562 prio=120 target_cpu=002
          <idle>-0       [002] d.... 20022.971571: sched_switch: prev_comm=swapper/2 prev_pid=0 prev_prio=120 prev_state=R ==> next_comm=sshd next_pid=562 next_prio=120
          <idle>-0       [000] dnh.. 20022.972281: sched_wakeup: comm=kworker/u16:2 pid=49 prio=120 target_cpu=000
            sshd-562     [002] d.... 20022.972318: sched_switch: prev_comm=sshd prev_pid=562 prev_prio=120 prev_state=S ==> next_comm=swapper/2 next_pid=0 next_prio=120
          <idle>-0       [000] d.... 20022.972351: sched_switch: prev_comm=swapper/0 prev_pid=0 prev_prio=120 prev_state=R ==> next_comm=kworker/u16:2 next_pid=49 next_prio=120
   kworker/u16:2-49      [000] d.... 20022.972476: sched_switch: prev_comm=kworker/u16:2 prev_pid=49 prev_prio=120 prev_state=I ==> next_comm=swapper/0 next_pid=0 next_prio=120
          <idle>-0       [001] dnh.. 20022.972502: sched_wakeup: comm=bash pid=563 prio=120 target_cpu=001
          <idle>-0       [001] d.... 20022.972544: sched_switch: prev_comm=swapper/1 prev_pid=0 prev_prio=120 prev_state=R ==> next_comm=bash next_pid=563 next_prio=120
          <idle>-0       [000] dnh.. 20022.972825: sched_wakeup: comm=kworker/u16:2 pid=49 prio=120 target_cpu=000
          <idle>-0       [000] d.... 20022.972853: sched_switch: prev_comm=swapper/0 prev_pid=0 prev_prio=120 prev_state=R ==> next_comm=kworker/u16:2 next_pid=49 next_prio=120
            bash-563     [001] d.... 20022.972898: sched_switch: prev_comm=bash prev_pid=563 prev_prio=120 prev_state=S ==> next_comm=swapper/1 next_pid=0 next_prio=120
   kworker/u16:2-49      [000] d.... 20022.972946: sched_switch: prev_comm=kworker/u16:2 prev_pid=49 prev_prio=120 prev_state=I ==> next_comm=swapper/0 next_pid=0 next_prio=120
          <idle>-0       [002] dnh.. 20022.973019: sched_wakeup: comm=sshd pid=562 prio=120 target_cpu=002
          <idle>-0       [002] d.... 20022.973078: sched_switch: prev_comm=swapper/2 prev_pid=0 prev_prio=120 prev_state=R ==> next_comm=sshd next_pid=562 next_prio=120
            sshd-562     [002] d.... 20022.974107: sched_switch: prev_comm=sshd prev_pid=562 prev_prio=120 prev_state=S ==> next_comm=swapper/2 next_pid=0 next_prio=120
          <idle>-0       [002] dns.. 20022.991766: sched_wakeup: comm=kcompactd0 pid=44 prio=120 target_cpu=002
          <idle>-0       [002] d.... 20022.991865: sched_switch: prev_comm=swapper/2 prev_pid=0 prev_prio=120 prev_state=R ==> next_comm=kcompactd0 next_pid=44 next_prio=120
      kcompactd0-44      [002] d.... 20022.991936: sched_switch: prev_comm=kcompactd0 prev_pid=44 prev_prio=120 prev_state=S ==> next_comm=swapper/2 next_pid=0 next_prio=120
          <idle>-0       [002] dnh.. 20023.112984: sched_wakeup: comm=sshd pid=562 prio=120 target_cpu=002
          <idle>-0       [002] d.... 20023.113070: sched_switch: prev_comm=swapper/2 prev_pid=0 prev_prio=120 prev_state=R ==> next_comm=sshd next_pid=562 next_prio=120
          <idle>-0       [000] dnh.. 20023.113995: sched_wakeup: comm=kworker/u16:2 pid=49 prio=120 target_cpu=000
          <idle>-0       [000] d.... 20023.114043: sched_switch: prev_comm=swapper/0 prev_pid=0 prev_prio=120 prev_state=R ==> next_comm=kworker/u16:2 next_pid=49 next_prio=120
   kworker/u16:2-49      [000] d.... 20023.114114: sched_switch: prev_comm=kworker/u16:2 prev_pid=49 prev_prio=120 prev_state=I ==> next_comm=swapper/0 next_pid=0 next_prio=120
          <idle>-0       [001] dnh.. 20023.114148: sched_wakeup: comm=bash pid=563 prio=120 target_cpu=001
          <idle>-0       [001] d.... 20023.114191: sched_switch: prev_comm=swapper/1 prev_pid=0 prev_prio=120 prev_state=R ==> next_comm=bash next_pid=563 next_prio=120
            sshd-562     [002] d.... 20023.114284: sched_switch: prev_comm=sshd prev_pid=562 prev_prio=120 prev_state=S ==> next_comm=swapper/2 next_pid=0 next_prio=120
          <idle>-0       [000] dnh.. 20023.114518: sched_wakeup: comm=kworker/u16:2 pid=49 prio=120 target_cpu=000
          <idle>-0       [000] d.... 20023.114559: sched_switch: prev_comm=swapper/0 prev_pid=0 prev_prio=120 prev_state=R ==> next_comm=kworker/u16:2 next_pid=49 next_prio=120
            bash-563     [001] d.... 20023.114571: sched_switch: prev_comm=bash prev_pid=563 prev_prio=120 prev_state=S ==> next_comm=swapper/1 next_pid=0 next_prio=120
   kworker/u16:2-49      [000] d.... 20023.114643: sched_switch: prev_comm=kworker/u16:2 prev_pid=49 prev_prio=120 prev_state=I ==> next_comm=swapper/0 next_pid=0 next_prio=120
          <idle>-0       [002] dnh.. 20023.114671: sched_wakeup: comm=sshd pid=562 prio=120 target_cpu=002
          <idle>-0       [002] d.... 20023.114698: sched_switch: prev_comm=swapper/2 prev_pid=0 prev_prio=120 prev_state=R ==> next_comm=sshd next_pid=562 next_prio=120
            sshd-562     [002] d.... 20023.115322: sched_switch: prev_comm=sshd prev_pid=562 prev_prio=120 prev_state=S ==> next_comm=swapper/2 next_pid=0 next_prio=120
          <idle>-0       [002] dns.. 20023.151776: sched_wakeup: comm=kworker/2:0 pid=557 prio=120 target_cpu=002
          <idle>-0       [002] d.... 20023.151895: sched_switch: prev_comm=swapper/2 prev_pid=0 prev_prio=120 prev_state=R ==> next_comm=kworker/2:0 next_pid=557 next_prio=120
     kworker/2:0-557     [002] d.... 20023.152005: sched_switch: prev_comm=kworker/2:0 prev_pid=557 prev_prio=120 prev_state=I ==> next_comm=swapper/2 next_pid=0 next_prio=120
          <idle>-0       [002] dnh.. 20023.172607: sched_wakeup: comm=sshd pid=562 prio=120 target_cpu=002
          <idle>-0       [002] d.... 20023.172686: sched_switch: prev_comm=swapper/2 prev_pid=0 prev_prio=120 prev_state=R ==> next_comm=sshd next_pid=562 next_prio=120
          <idle>-0       [000] dnh.. 20023.173492: sched_wakeup: comm=kworker/u16:2 pid=49 prio=120 target_cpu=000
            sshd-562     [002] d.... 20023.173539: sched_switch: prev_comm=sshd prev_pid=562 prev_prio=120 prev_state=S ==> next_comm=swapper/2 next_pid=0 next_prio=120
          <idle>-0       [000] d.... 20023.173565: sched_switch: prev_comm=swapper/0 prev_pid=0 prev_prio=120 prev_state=R ==> next_comm=kworker/u16:2 next_pid=49 next_prio=120
          <idle>-0       [001] dnh.. 20023.173671: sched_wakeup: comm=bash pid=563 prio=120 target_cpu=001
   kworker/u16:2-49      [000] d.... 20023.173682: sched_switch: prev_comm=kworker/u16:2 prev_pid=49 prev_prio=120 prev_state=I ==> next_comm=swapper/0 next_pid=0 next_prio=120
          <idle>-0       [001] d.... 20023.173708: sched_switch: prev_comm=swapper/1 prev_pid=0 prev_prio=120 prev_state=R ==> next_comm=bash next_pid=563 next_prio=120
          <idle>-0       [000] dnh.. 20023.174011: sched_wakeup: comm=kworker/u16:2 pid=49 prio=120 target_cpu=000
          <idle>-0       [000] d.... 20023.174053: sched_switch: prev_comm=swapper/0 prev_pid=0 prev_prio=120 prev_state=R ==> next_comm=kworker/u16:2 next_pid=49 next_prio=120
            bash-563     [001] d.... 20023.174061: sched_switch: prev_comm=bash prev_pid=563 prev_prio=120 prev_state=S ==> next_comm=swapper/1 next_pid=0 next_prio=120
   kworker/u16:2-49      [000] d.... 20023.174135: sched_switch: prev_comm=kworker/u16:2 prev_pid=49 prev_prio=120 prev_state=I ==> next_comm=swapper/0 next_pid=0 next_prio=120
          <idle>-0       [002] dnh.. 20023.174150: sched_wakeup: comm=sshd pid=562 prio=120 target_cpu=002
          <idle>-0       [002] d.... 20023.174175: sched_switch: prev_comm=swapper/2 prev_pid=0 prev_prio=120 prev_state=R ==> next_comm=sshd next_pid=562 next_prio=120
            sshd-562     [002] d.... 20023.174909: sched_switch: prev_comm=sshd prev_pid=562 prev_prio=120 prev_state=S ==> next_comm=swapper/2 next_pid=0 next_prio=120
          <idle>-0       [002] dns.. 20023.361759: sched_wakeup: comm=kworker/2:0 pid=557 prio=120 target_cpu=002
          <idle>-0       [002] d.... 20023.361877: sched_switch: prev_comm=swapper/2 prev_pid=0 prev_prio=120 prev_state=R ==> next_comm=kworker/2:0 next_pid=557 next_prio=120
     kworker/2:0-557     [002] d.... 20023.362001: sched_switch: prev_comm=kworker/2:0 prev_pid=557 prev_prio=120 prev_state=I ==> next_comm=swapper/2 next_pid=0 next_prio=120
          <idle>-0       [002] dns.. 20023.451732: sched_wakeup: comm=kworker/2:0 pid=557 prio=120 target_cpu=002
          <idle>-0       [002] d.... 20023.451805: sched_switch: prev_comm=swapper/2 prev_pid=0 prev_prio=120 prev_state=R ==> next_comm=kworker/2:0 next_pid=557 next_prio=120
     kworker/2:0-557     [002] d.... 20023.451914: sched_switch: prev_comm=kworker/2:0 prev_pid=557 prev_prio=120 prev_state=I ==> next_comm=swapper/2 next_pid=0 next_prio=120
          <idle>-0       [002] dns.. 20023.492155: sched_wakeup: comm=sshd pid=562 prio=120 target_cpu=002
          <idle>-0       [002] d.... 20023.492249: sched_switch: prev_comm=swapper/2 prev_pid=0 prev_prio=120 prev_state=R ==> next_comm=sshd next_pid=562 next_prio=120
          <idle>-0       [000] dnh.. 20023.493061: sched_wakeup: comm=kworker/u16:2 pid=49 prio=120 target_cpu=000
          <idle>-0       [000] d.... 20023.493104: sched_switch: prev_comm=swapper/0 prev_pid=0 prev_prio=120 prev_state=R ==> next_comm=kworker/u16:2 next_pid=49 next_prio=120
            sshd-562     [002] d.... 20023.493147: sched_switch: prev_comm=sshd prev_pid=562 prev_prio=120 prev_state=S ==> next_comm=swapper/2 next_pid=0 next_prio=120
   kworker/u16:2-49      [000] d.... 20023.493165: sched_switch: prev_comm=kworker/u16:2 prev_pid=49 prev_prio=120 prev_state=I ==> next_comm=swapper/0 next_pid=0 next_prio=120
          <idle>-0       [001] dnh.. 20023.493190: sched_wakeup: comm=bash pid=563 prio=120 target_cpu=001
          <idle>-0       [001] d.... 20023.493232: sched_switch: prev_comm=swapper/1 prev_pid=0 prev_prio=120 prev_state=R ==> next_comm=bash next_pid=563 next_prio=120
          <idle>-0       [000] dnh.. 20023.493519: sched_wakeup: comm=kworker/u16:2 pid=49 prio=120 target_cpu=000
          <idle>-0       [000] d.... 20023.493541: sched_switch: prev_comm=swapper/0 prev_pid=0 prev_prio=120 prev_state=R ==> next_comm=kworker/u16:2 next_pid=49 next_prio=120
   kworker/u16:2-49      [000] d.... 20023.493583: sched_switch: prev_comm=kworker/u16:2 prev_pid=49 prev_prio=120 prev_state=I ==> next_comm=swapper/0 next_pid=0 next_prio=120
            bash-563     [001] d.... 20023.493597: sched_switch: prev_comm=bash prev_pid=563 prev_prio=120 prev_state=S ==> next_comm=swapper/1 next_pid=0 next_prio=120
          <idle>-0       [002] dnh.. 20023.493625: sched_wakeup: comm=sshd pid=562 prio=120 target_cpu=002
          <idle>-0       [002] d.... 20023.493656: sched_switch: prev_comm=swapper/2 prev_pid=0 prev_prio=120 prev_state=R ==> next_comm=sshd next_pid=562 next_prio=120
            sshd-562     [002] d.... 20023.494300: sched_switch: prev_comm=sshd prev_pid=562 prev_prio=120 prev_state=S ==> next_comm=swapper/2 next_pid=0 next_prio=120
          <idle>-0       [002] dns.. 20023.501761: sched_wakeup: comm=kcompactd0 pid=44 prio=120 target_cpu=002
          <idle>-0       [002] d.... 20023.501872: sched_switch: prev_comm=swapper/2 prev_pid=0 prev_prio=120 prev_state=R ==> next_comm=kcompactd0 next_pid=44 next_prio=120
      kcompactd0-44      [002] d.... 20023.501958: sched_switch: prev_comm=kcompactd0 prev_pid=44 prev_prio=120 prev_state=S ==> next_comm=swapper/2 next_pid=0 next_prio=120
          <idle>-0       [002] dns.. 20023.531753: sched_wakeup: comm=kworker/2:0 pid=557 prio=120 target_cpu=002
          <idle>-0       [002] d.... 20023.531861: sched_switch: prev_comm=swapper/2 prev_pid=0 prev_prio=120 prev_state=R ==> next_comm=kworker/2:0 next_pid=557 next_prio=120
     kworker/2:0-557     [002] d.... 20023.531927: sched_switch: prev_comm=kworker/2:0 prev_pid=557 prev_prio=120 prev_state=I ==> next_comm=swapper/2 next_pid=0 next_prio=120
          <idle>-0       [002] dns.. 20023.571755: sched_wakeup: comm=kworker/2:0 pid=557 prio=120 target_cpu=002
          <idle>-0       [002] d.... 20023.571869: sched_switch: prev_comm=swapper/2 prev_pid=0 prev_prio=120 prev_state=R ==> next_comm=kworker/2:0 next_pid=557 next_prio=120
     kworker/2:0-557     [002] d.... 20023.571966: sched_switch: prev_comm=kworker/2:0 prev_pid=557 prev_prio=120 prev_state=I ==> next_comm=swapper/2 next_pid=0 next_prio=120
          <idle>-0       [002] dns.. 20023.654391: sched_wakeup: comm=sshd pid=562 prio=120 target_cpu=002
          <idle>-0       [002] d.... 20023.654441: sched_switch: prev_comm=swapper/2 prev_pid=0 prev_prio=120 prev_state=R ==> next_comm=sshd next_pid=562 next_prio=120
          <idle>-0       [000] dnh.. 20023.654961: sched_wakeup: comm=kworker/u16:2 pid=49 prio=120 target_cpu=000
            sshd-562     [002] d.... 20023.655023: sched_switch: prev_comm=sshd prev_pid=562 prev_prio=120 prev_state=S ==> next_comm=swapper/2 next_pid=0 next_prio=120
          <idle>-0       [000] d.... 20023.655053: sched_switch: prev_comm=swapper/0 prev_pid=0 prev_prio=120 prev_state=R ==> next_comm=kworker/u16:2 next_pid=49 next_prio=120
          <idle>-0       [001] dnh.. 20023.655170: sched_wakeup: comm=bash pid=563 prio=120 target_cpu=001
          <idle>-0       [001] d.... 20023.655209: sched_switch: prev_comm=swapper/1 prev_pid=0 prev_prio=120 prev_state=R ==> next_comm=bash next_pid=563 next_prio=120
   kworker/u16:2-49      [000] d.... 20023.655270: sched_switch: prev_comm=kworker/u16:2 prev_pid=49 prev_prio=120 prev_state=I ==> next_comm=swapper/0 next_pid=0 next_prio=120
          <idle>-0       [000] dnh.. 20023.655479: sched_wakeup: comm=kworker/u16:2 pid=49 prio=120 target_cpu=000
          <idle>-0       [000] d.... 20023.655501: sched_switch: prev_comm=swapper/0 prev_pid=0 prev_prio=120 prev_state=R ==> next_comm=kworker/u16:2 next_pid=49 next_prio=120
            bash-563     [001] d.... 20023.655541: sched_switch: prev_comm=bash prev_pid=563 prev_prio=120 prev_state=S ==> next_comm=swapper/1 next_pid=0 next_prio=120
   kworker/u16:2-49      [000] d.... 20023.655548: sched_switch: prev_comm=kworker/u16:2 prev_pid=49 prev_prio=120 prev_state=I ==> next_comm=swapper/0 next_pid=0 next_prio=120
          <idle>-0       [002] dnh.. 20023.655591: sched_wakeup: comm=sshd pid=562 prio=120 target_cpu=002
          <idle>-0       [002] d.... 20023.655617: sched_switch: prev_comm=swapper/2 prev_pid=0 prev_prio=120 prev_state=R ==> next_comm=sshd next_pid=562 next_prio=120
            sshd-562     [002] d.... 20023.656646: sched_switch: prev_comm=sshd prev_pid=562 prev_prio=120 prev_state=S ==> next_comm=swapper/2 next_pid=0 next_prio=120
          <idle>-0       [002] dns.. 20023.781705: sched_wakeup: comm=kworker/2:0 pid=557 prio=120 target_cpu=002
          <idle>-0       [002] d.... 20023.781770: sched_switch: prev_comm=swapper/2 prev_pid=0 prev_prio=120 prev_state=R ==> next_comm=kworker/2:0 next_pid=557 next_prio=120
     kworker/2:0-557     [002] d.... 20023.781830: sched_switch: prev_comm=kworker/2:0 prev_pid=557 prev_prio=120 prev_state=I ==> next_comm=swapper/2 next_pid=0 next_prio=120
          <idle>-0       [002] dnh.. 20023.911963: sched_wakeup: comm=sshd pid=562 prio=120 target_cpu=002
          <idle>-0       [002] d.... 20023.912043: sched_switch: prev_comm=swapper/2 prev_pid=0 prev_prio=120 prev_state=R ==> next_comm=sshd next_pid=562 next_prio=120
          <idle>-0       [000] dnh.. 20023.912865: sched_wakeup: comm=kworker/u16:2 pid=49 prio=120 target_cpu=000
            sshd-562     [002] d.... 20023.912915: sched_switch: prev_comm=sshd prev_pid=562 prev_prio=120 prev_state=S ==> next_comm=swapper/2 next_pid=0 next_prio=120
          <idle>-0       [000] d.... 20023.912936: sched_switch: prev_comm=swapper/0 prev_pid=0 prev_prio=120 prev_state=R ==> next_comm=kworker/u16:2 next_pid=49 next_prio=120
   kworker/u16:2-49      [000] d.... 20023.913043: sched_switch: prev_comm=kworker/u16:2 prev_pid=49 prev_prio=120 prev_state=I ==> next_comm=swapper/0 next_pid=0 next_prio=120
          <idle>-0       [001] dnh.. 20023.913069: sched_wakeup: comm=bash pid=563 prio=120 target_cpu=001
          <idle>-0       [001] d.... 20023.913113: sched_switch: prev_comm=swapper/1 prev_pid=0 prev_prio=120 prev_state=R ==> next_comm=bash next_pid=563 next_prio=120
          <idle>-0       [000] dnh.. 20023.913488: sched_wakeup: comm=kworker/u16:2 pid=49 prio=120 target_cpu=000
            bash-563     [001] d.... 20023.913526: sched_switch: prev_comm=bash prev_pid=563 prev_prio=120 prev_state=S ==> next_comm=swapper/1 next_pid=0 next_prio=120
          <idle>-0       [000] d.... 20023.913534: sched_switch: prev_comm=swapper/0 prev_pid=0 prev_prio=120 prev_state=R ==> next_comm=kworker/u16:2 next_pid=49 next_prio=120
   kworker/u16:2-49      [000] d.... 20023.913638: sched_switch: prev_comm=kworker/u16:2 prev_pid=49 prev_prio=120 prev_state=I ==> next_comm=swapper/0 next_pid=0 next_prio=120
          <idle>-0       [002] dnh.. 20023.913652: sched_wakeup: comm=sshd pid=562 prio=120 target_cpu=002
          <idle>-0       [002] d.... 20023.913678: sched_switch: prev_comm=swapper/2 prev_pid=0 prev_prio=120 prev_state=R ==> next_comm=sshd next_pid=562 next_prio=120
            sshd-562     [002] d.... 20023.914702: sched_switch: prev_comm=sshd prev_pid=562 prev_prio=120 prev_state=S ==> next_comm=swapper/2 next_pid=0 next_prio=120
          <idle>-0       [003] dns.. 20023.991782: sched_wakeup: comm=kworker/3:1 pid=570 prio=120 target_cpu=003
          <idle>-0       [003] d.... 20023.991886: sched_switch: prev_comm=swapper/3 prev_pid=0 prev_prio=120 prev_state=R ==> next_comm=kworker/3:1 next_pid=570 next_prio=120
     kworker/3:1-570     [003] d.... 20023.992001: sched_switch: prev_comm=kworker/3:1 prev_pid=570 prev_prio=120 prev_state=I ==> next_comm=swapper/3 next_pid=0 next_prio=120
          <idle>-0       [002] dnh.. 20024.011850: sched_wakeup: comm=kcompactd0 pid=44 prio=120 target_cpu=002
          <idle>-0       [002] d.... 20024.011932: sched_switch: prev_comm=swapper/2 prev_pid=0 prev_prio=120 prev_state=R ==> next_comm=kcompactd0 next_pid=44 next_prio=120
      kcompactd0-44      [002] d.... 20024.012005: sched_switch: prev_comm=kcompactd0 prev_pid=44 prev_prio=120 prev_state=S ==> next_comm=swapper/2 next_pid=0 next_prio=120
          <idle>-0       [002] dns.. 20024.031763: sched_wakeup: comm=sshd pid=562 prio=120 target_cpu=002
          <idle>-0       [002] d.... 20024.031877: sched_switch: prev_comm=swapper/2 prev_pid=0 prev_prio=120 prev_state=R ==> next_comm=sshd next_pid=562 next_prio=120
            sshd-562     [002] d.... 20024.032415: sched_switch: prev_comm=sshd prev_pid=562 prev_prio=120 prev_state=S ==> next_comm=swapper/2 next_pid=0 next_prio=120
          <idle>-0       [000] dnh.. 20024.032428: sched_wakeup: comm=kworker/u16:2 pid=49 prio=120 target_cpu=000
          <idle>-0       [000] d.... 20024.032510: sched_switch: prev_comm=swapper/0 prev_pid=0 prev_prio=120 prev_state=R ==> next_comm=kworker/u16:2 next_pid=49 next_prio=120
          <idle>-0       [001] dnh.. 20024.032617: sched_wakeup: comm=bash pid=563 prio=120 target_cpu=001
   kworker/u16:2-49      [000] d.... 20024.032632: sched_switch: prev_comm=kworker/u16:2 prev_pid=49 prev_prio=120 prev_state=I ==> next_comm=swapper/0 next_pid=0 next_prio=120
          <idle>-0       [001] d.... 20024.032657: sched_switch: prev_comm=swapper/1 prev_pid=0 prev_prio=120 prev_state=R ==> next_comm=bash next_pid=563 next_prio=120
          <idle>-0       [000] dnh.. 20024.032900: sched_wakeup: comm=kworker/u16:2 pid=49 prio=120 target_cpu=000
          <idle>-0       [000] d.... 20024.032942: sched_switch: prev_comm=swapper/0 prev_pid=0 prev_prio=120 prev_state=R ==> next_comm=kworker/u16:2 next_pid=49 next_prio=120
   kworker/u16:2-49      [000] d.... 20024.033007: sched_switch: prev_comm=kworker/u16:2 prev_pid=49 prev_prio=120 prev_state=I ==> next_comm=swapper/0 next_pid=0 next_prio=120
          <idle>-0       [002] dnh.. 20024.033109: sched_wakeup: comm=sshd pid=562 prio=120 target_cpu=002
          <idle>-0       [002] d.... 20024.033194: sched_switch: prev_comm=swapper/2 prev_pid=0 prev_prio=120 prev_state=R ==> next_comm=sshd next_pid=562 next_prio=120
            bash-563     [001] ..... 20024.033645: sys_clone+0xc/0x9c <-ret_fast_syscall+0x0/0x54
            bash-563     [001] ..... 20024.033664: <stack trace>
 => sys_clone+0x10/0x9c
 => ret_fast_syscall+0x0/0x54
            bash-563     [001] ..... 20024.033668: kernel_clone+0xc/0x388 <-sys_clone+0x78/0x9c
            bash-563     [001] ..... 20024.033674: <stack trace>
 => kernel_clone+0x10/0x388
 => sys_clone+0x78/0x9c
 => ret_fast_syscall+0x0/0x54
            bash-563     [001] ..... 20024.033677: copy_process+0xc/0x16a8 <-kernel_clone+0xac/0x388
            bash-563     [001] ..... 20024.033682: <stack trace>
 => copy_process+0x10/0x16a8
 => kernel_clone+0xac/0x388
 => sys_clone+0x78/0x9c
 => ret_fast_syscall+0x0/0x54
            sshd-562     [002] d.... 20024.034180: sched_switch: prev_comm=sshd prev_pid=562 prev_prio=120 prev_state=S ==> next_comm=swapper/2 next_pid=0 next_prio=120
            bash-563     [001] ..... 20024.034225: sched_process_fork: comm=bash pid=563 child_comm=bash child_pid=612
          <idle>-0       [000] d.... 20024.034368: sched_switch: prev_comm=swapper/0 prev_pid=0 prev_prio=120 prev_state=R ==> next_comm=bash next_pid=612 next_prio=120
            bash-563     [001] d.... 20024.035189: sched_switch: prev_comm=bash prev_pid=563 prev_prio=120 prev_state=S ==> next_comm=swapper/1 next_pid=0 next_prio=120
          <idle>-0       [003] dnh.. 20024.041836: sched_wakeup: comm=rcu_sched pid=15 prio=120 target_cpu=003
          <idle>-0       [003] d.... 20024.041908: sched_switch: prev_comm=swapper/3 prev_pid=0 prev_prio=120 prev_state=R ==> next_comm=rcu_sched next_pid=15 next_prio=120
       rcu_sched-15      [003] d.... 20024.041974: sched_switch: prev_comm=rcu_sched prev_pid=15 prev_prio=120 prev_state=I ==> next_comm=swapper/3 next_pid=0 next_prio=120
          <idle>-0       [003] dns.. 20024.061684: sched_wakeup: comm=rcu_sched pid=15 prio=120 target_cpu=003
          <idle>-0       [003] d.... 20024.061720: sched_switch: prev_comm=swapper/3 prev_pid=0 prev_prio=120 prev_state=R ==> next_comm=rcu_sched next_pid=15 next_prio=120
       rcu_sched-15      [003] d.... 20024.061757: sched_switch: prev_comm=rcu_sched prev_pid=15 prev_prio=120 prev_state=I ==> next_comm=swapper/3 next_pid=0 next_prio=120
          <idle>-0       [003] dns.. 20024.081750: sched_wakeup: comm=rcu_sched pid=15 prio=120 target_cpu=003
          <idle>-0       [003] d.... 20024.081820: sched_switch: prev_comm=swapper/3 prev_pid=0 prev_prio=120 prev_state=R ==> next_comm=rcu_sched next_pid=15 next_prio=120
       rcu_sched-15      [003] d.... 20024.081871: sched_switch: prev_comm=rcu_sched prev_pid=15 prev_prio=120 prev_state=I ==> next_comm=swapper/3 next_pid=0 next_prio=120
          <idle>-0       [001] dns.. 20024.091704: sched_wakeup: comm=kworker/1:0 pid=592 prio=120 target_cpu=001
              ps-612     [000] dns.. 20024.091722: sched_wakeup: comm=kworker/0:2 pid=568 prio=120 target_cpu=000
          <idle>-0       [001] d.... 20024.091770: sched_switch: prev_comm=swapper/1 prev_pid=0 prev_prio=120 prev_state=R ==> next_comm=kworker/1:0 next_pid=592 next_prio=120
          <idle>-0       [003] dnH.. 20024.091803: sched_wakeup: comm=kworker/u16:2 pid=49 prio=120 target_cpu=003
              ps-612     [000] d.... 20024.091817: sched_switch: prev_comm=ps prev_pid=612 prev_prio=120 prev_state=R+ ==> next_comm=kworker/0:2 next_pid=568 next_prio=120
     kworker/1:0-592     [001] d.h.. 20024.091862: sched_wakeup: comm=kworker/1:0 pid=592 prio=120 target_cpu=001
          <idle>-0       [003] d.... 20024.091891: sched_switch: prev_comm=swapper/3 prev_pid=0 prev_prio=120 prev_state=R ==> next_comm=kworker/u16:2 next_pid=49 next_prio=120
     kworker/0:2-568     [000] d.... 20024.091901: sched_switch: prev_comm=kworker/0:2 prev_pid=568 prev_prio=120 prev_state=I ==> next_comm=ps next_pid=612 next_prio=120
     kworker/1:0-592     [001] d.... 20024.091959: sched_switch: prev_comm=kworker/1:0 prev_pid=592 prev_prio=120 prev_state=I ==> next_comm=swapper/1 next_pid=0 next_prio=120
   kworker/u16:2-49      [003] d.... 20024.092048: sched_switch: prev_comm=kworker/u16:2 prev_pid=49 prev_prio=120 prev_state=I ==> next_comm=swapper/3 next_pid=0 next_prio=120
          <idle>-0       [003] dnH.. 20024.101781: sched_wakeup: comm=rcu_sched pid=15 prio=120 target_cpu=003
          <idle>-0       [003] d.... 20024.101871: sched_switch: prev_comm=swapper/3 prev_pid=0 prev_prio=120 prev_state=R ==> next_comm=rcu_sched next_pid=15 next_prio=120
       rcu_sched-15      [003] d.... 20024.101937: sched_switch: prev_comm=rcu_sched prev_pid=15 prev_prio=120 prev_state=I ==> next_comm=swapper/3 next_pid=0 next_prio=120
          <idle>-0       [003] dns.. 20024.121750: sched_wakeup: comm=rcu_sched pid=15 prio=120 target_cpu=003
          <idle>-0       [003] d.... 20024.121820: sched_switch: prev_comm=swapper/3 prev_pid=0 prev_prio=120 prev_state=R ==> next_comm=rcu_sched next_pid=15 next_prio=120
       rcu_sched-15      [003] d.... 20024.121883: sched_switch: prev_comm=rcu_sched prev_pid=15 prev_prio=120 prev_state=I ==> next_comm=swapper/3 next_pid=0 next_prio=120
              ps-612     [000] d.s.. 20024.131712: sched_wakeup: comm=ksoftirqd/0 pid=14 prio=120 target_cpu=000
          <idle>-0       [003] dns.. 20024.141765: sched_wakeup: comm=rcu_sched pid=15 prio=120 target_cpu=003
              ps-612     [000] d.... 20024.141765: sched_switch: prev_comm=ps prev_pid=612 prev_prio=120 prev_state=R+ ==> next_comm=ksoftirqd/0 next_pid=14 next_prio=120
          <idle>-0       [003] d.... 20024.141817: sched_switch: prev_comm=swapper/3 prev_pid=0 prev_prio=120 prev_state=R ==> next_comm=rcu_sched next_pid=15 next_prio=120
     ksoftirqd/0-14      [000] d.... 20024.141824: sched_switch: prev_comm=ksoftirqd/0 prev_pid=14 prev_prio=120 prev_state=S ==> next_comm=ps next_pid=612 next_prio=120
       rcu_sched-15      [003] d.... 20024.141901: sched_switch: prev_comm=rcu_sched prev_pid=15 prev_prio=120 prev_state=I ==> next_comm=swapper/3 next_pid=0 next_prio=120
          <idle>-0       [003] dnh.. 20024.156169: sched_wakeup: comm=kworker/u16:2 pid=49 prio=120 target_cpu=003
          <idle>-0       [003] d.... 20024.156209: sched_switch: prev_comm=swapper/3 prev_pid=0 prev_prio=120 prev_state=R ==> next_comm=kworker/u16:2 next_pid=49 next_prio=120
   kworker/u16:2-49      [003] d.... 20024.156299: sched_switch: prev_comm=kworker/u16:2 prev_pid=49 prev_prio=120 prev_state=I ==> next_comm=swapper/3 next_pid=0 next_prio=120
          <idle>-0       [002] dnh.. 20024.156363: sched_wakeup: comm=sshd pid=562 prio=120 target_cpu=002
          <idle>-0       [002] d.... 20024.156444: sched_switch: prev_comm=swapper/2 prev_pid=0 prev_prio=120 prev_state=R ==> next_comm=sshd next_pid=562 next_prio=120
          <idle>-0       [003] dnh.. 20024.156553: sched_wakeup: comm=kworker/u16:2 pid=49 prio=120 target_cpu=003
          <idle>-0       [003] d.... 20024.156592: sched_switch: prev_comm=swapper/3 prev_pid=0 prev_prio=120 prev_state=R ==> next_comm=kworker/u16:2 next_pid=49 next_prio=120
   kworker/u16:2-49      [003] d.... 20024.156651: sched_switch: prev_comm=kworker/u16:2 prev_pid=49 prev_prio=120 prev_state=I ==> next_comm=swapper/3 next_pid=0 next_prio=120
          <idle>-0       [003] dnh.. 20024.156753: sched_wakeup: comm=kworker/u16:2 pid=49 prio=120 target_cpu=003
          <idle>-0       [003] d.... 20024.156786: sched_switch: prev_comm=swapper/3 prev_pid=0 prev_prio=120 prev_state=R ==> next_comm=kworker/u16:2 next_pid=49 next_prio=120
   kworker/u16:2-49      [003] d.... 20024.156833: sched_switch: prev_comm=kworker/u16:2 prev_pid=49 prev_prio=120 prev_state=I ==> next_comm=swapper/3 next_pid=0 next_prio=120
          <idle>-0       [003] dnh.. 20024.156883: sched_wakeup: comm=kworker/u16:2 pid=49 prio=120 target_cpu=003
          <idle>-0       [003] d.... 20024.156913: sched_switch: prev_comm=swapper/3 prev_pid=0 prev_prio=120 prev_state=R ==> next_comm=kworker/u16:2 next_pid=49 next_prio=120
   kworker/u16:2-49      [003] d.... 20024.156952: sched_switch: prev_comm=kworker/u16:2 prev_pid=49 prev_prio=120 prev_state=I ==> next_comm=swapper/3 next_pid=0 next_prio=120
          <idle>-0       [003] dnh.. 20024.156997: sched_wakeup: comm=kworker/u16:2 pid=49 prio=120 target_cpu=003
          <idle>-0       [003] d.... 20024.157026: sched_switch: prev_comm=swapper/3 prev_pid=0 prev_prio=120 prev_state=R ==> next_comm=kworker/u16:2 next_pid=49 next_prio=120
   kworker/u16:2-49      [003] d.... 20024.157066: sched_switch: prev_comm=kworker/u16:2 prev_pid=49 prev_prio=120 prev_state=I ==> next_comm=swapper/3 next_pid=0 next_prio=120
          <idle>-0       [003] dnh.. 20024.157116: sched_wakeup: comm=kworker/u16:2 pid=49 prio=120 target_cpu=003
          <idle>-0       [003] d.... 20024.157146: sched_switch: prev_comm=swapper/3 prev_pid=0 prev_prio=120 prev_state=R ==> next_comm=kworker/u16:2 next_pid=49 next_prio=120
   kworker/u16:2-49      [003] d.... 20024.157183: sched_switch: prev_comm=kworker/u16:2 prev_pid=49 prev_prio=120 prev_state=I ==> next_comm=swapper/3 next_pid=0 next_prio=120
          <idle>-0       [003] dnh.. 20024.157221: sched_wakeup: comm=kworker/u16:2 pid=49 prio=120 target_cpu=003
          <idle>-0       [003] d.... 20024.157254: sched_switch: prev_comm=swapper/3 prev_pid=0 prev_prio=120 prev_state=R ==> next_comm=kworker/u16:2 next_pid=49 next_prio=120
   kworker/u16:2-49      [003] d.... 20024.157297: sched_switch: prev_comm=kworker/u16:2 prev_pid=49 prev_prio=120 prev_state=I ==> next_comm=swapper/3 next_pid=0 next_prio=120
          <idle>-0       [003] dnh.. 20024.157339: sched_wakeup: comm=kworker/u16:2 pid=49 prio=120 target_cpu=003
          <idle>-0       [003] d.... 20024.157355: sched_switch: prev_comm=swapper/3 prev_pid=0 prev_prio=120 prev_state=R ==> next_comm=kworker/u16:2 next_pid=49 next_prio=120
   kworker/u16:2-49      [003] d.... 20024.157402: sched_switch: prev_comm=kworker/u16:2 prev_pid=49 prev_prio=120 prev_state=I ==> next_comm=swapper/3 next_pid=0 next_prio=120
          <idle>-0       [001] dnh.. 20024.157418: sched_wakeup: comm=kworker/u16:0 pid=419 prio=120 target_cpu=001
          <idle>-0       [001] d.... 20024.157453: sched_switch: prev_comm=swapper/1 prev_pid=0 prev_prio=120 prev_state=R ==> next_comm=kworker/u16:0 next_pid=419 next_prio=120
          <idle>-0       [003] dnh.. 20024.157482: sched_wakeup: comm=kworker/u16:2 pid=49 prio=120 target_cpu=003
   kworker/u16:0-419     [001] d.... 20024.157490: sched_switch: prev_comm=kworker/u16:0 prev_pid=419 prev_prio=120 prev_state=I ==> next_comm=swapper/1 next_pid=0 next_prio=120
          <idle>-0       [003] d.... 20024.157499: sched_switch: prev_comm=swapper/3 prev_pid=0 prev_prio=120 prev_state=R ==> next_comm=kworker/u16:2 next_pid=49 next_prio=120
   kworker/u16:2-49      [003] d.... 20024.157513: sched_switch: prev_comm=kworker/u16:2 prev_pid=49 prev_prio=120 prev_state=I ==> next_comm=swapper/3 next_pid=0 next_prio=120
          <idle>-0       [003] dnh.. 20024.157564: sched_wakeup: comm=kworker/u16:2 pid=49 prio=120 target_cpu=003
          <idle>-0       [003] dns.. 20024.157724: sched_wakeup: comm=ksoftirqd/3 pid=32 prio=120 target_cpu=003
          <idle>-0       [003] d.... 20024.157749: sched_switch: prev_comm=swapper/3 prev_pid=0 prev_prio=120 prev_state=R ==> next_comm=kworker/u16:2 next_pid=49 next_prio=120
   kworker/u16:2-49      [003] d.... 20024.157779: sched_switch: prev_comm=kworker/u16:2 prev_pid=49 prev_prio=120 prev_state=I ==> next_comm=ksoftirqd/3 next_pid=32 next_prio=120
              ps-612     [000] d.... 20024.157887: sched_wakeup: comm=kworker/u16:2 pid=49 prio=120 target_cpu=003
     ksoftirqd/3-32      [003] d.... 20024.157902: sched_switch: prev_comm=ksoftirqd/3 prev_pid=32 prev_prio=120 prev_state=S ==> next_comm=kworker/u16:2 next_pid=49 next_prio=120
   kworker/u16:2-49      [003] d.... 20024.157928: sched_switch: prev_comm=kworker/u16:2 prev_pid=49 prev_prio=120 prev_state=I ==> next_comm=swapper/3 next_pid=0 next_prio=120
          <idle>-0       [003] dnh.. 20024.157991: sched_wakeup: comm=kworker/u16:2 pid=49 prio=120 target_cpu=003
          <idle>-0       [003] d.... 20024.158009: sched_switch: prev_comm=swapper/3 prev_pid=0 prev_prio=120 prev_state=R ==> next_comm=kworker/u16:2 next_pid=49 next_prio=120
   kworker/u16:2-49      [003] d.... 20024.158042: sched_switch: prev_comm=kworker/u16:2 prev_pid=49 prev_prio=120 prev_state=I ==> next_comm=swapper/3 next_pid=0 next_prio=120
          <idle>-0       [001] dnh.. 20024.158056: sched_wakeup: comm=kworker/u16:0 pid=419 prio=120 target_cpu=001
          <idle>-0       [001] d.... 20024.158075: sched_switch: prev_comm=swapper/1 prev_pid=0 prev_prio=120 prev_state=R ==> next_comm=kworker/u16:0 next_pid=419 next_prio=120
          <idle>-0       [003] dnh.. 20024.158110: sched_wakeup: comm=kworker/u16:2 pid=49 prio=120 target_cpu=003
   kworker/u16:0-419     [001] d.... 20024.158121: sched_switch: prev_comm=kworker/u16:0 prev_pid=419 prev_prio=120 prev_state=I ==> next_comm=swapper/1 next_pid=0 next_prio=120
          <idle>-0       [003] d.... 20024.158125: sched_switch: prev_comm=swapper/3 prev_pid=0 prev_prio=120 prev_state=R ==> next_comm=kworker/u16:2 next_pid=49 next_prio=120
   kworker/u16:2-49      [003] d.... 20024.158141: sched_switch: prev_comm=kworker/u16:2 prev_pid=49 prev_prio=120 prev_state=I ==> next_comm=swapper/3 next_pid=0 next_prio=120
          <idle>-0       [003] dnh.. 20024.158175: sched_wakeup: comm=kworker/u16:2 pid=49 prio=120 target_cpu=003
          <idle>-0       [003] d.... 20024.158190: sched_switch: prev_comm=swapper/3 prev_pid=0 prev_prio=120 prev_state=R ==> next_comm=kworker/u16:2 next_pid=49 next_prio=120
   kworker/u16:2-49      [003] d.... 20024.158214: sched_switch: prev_comm=kworker/u16:2 prev_pid=49 prev_prio=120 prev_state=I ==> next_comm=swapper/3 next_pid=0 next_prio=120
          <idle>-0       [003] dnh.. 20024.158232: sched_wakeup: comm=kworker/u16:2 pid=49 prio=120 target_cpu=003
          <idle>-0       [003] d.... 20024.158246: sched_switch: prev_comm=swapper/3 prev_pid=0 prev_prio=120 prev_state=R ==> next_comm=kworker/u16:2 next_pid=49 next_prio=120
   kworker/u16:2-49      [003] d.... 20024.158268: sched_switch: prev_comm=kworker/u16:2 prev_pid=49 prev_prio=120 prev_state=I ==> next_comm=swapper/3 next_pid=0 next_prio=120
          <idle>-0       [003] dnh.. 20024.158292: sched_wakeup: comm=kworker/u16:2 pid=49 prio=120 target_cpu=003
          <idle>-0       [003] d.... 20024.158306: sched_switch: prev_comm=swapper/3 prev_pid=0 prev_prio=120 prev_state=R ==> next_comm=kworker/u16:2 next_pid=49 next_prio=120
   kworker/u16:2-49      [003] d.... 20024.158328: sched_switch: prev_comm=kworker/u16:2 prev_pid=49 prev_prio=120 prev_state=I ==> next_comm=swapper/3 next_pid=0 next_prio=120
          <idle>-0       [003] dnh.. 20024.158349: sched_wakeup: comm=kworker/u16:2 pid=49 prio=120 target_cpu=003
          <idle>-0       [003] d.... 20024.158363: sched_switch: prev_comm=swapper/3 prev_pid=0 prev_prio=120 prev_state=R ==> next_comm=kworker/u16:2 next_pid=49 next_prio=120
   kworker/u16:2-49      [003] d.... 20024.158395: sched_switch: prev_comm=kworker/u16:2 prev_pid=49 prev_prio=120 prev_state=I ==> next_comm=swapper/3 next_pid=0 next_prio=120
          <idle>-0       [003] dnh.. 20024.158414: sched_wakeup: comm=kworker/u16:2 pid=49 prio=120 target_cpu=003
          <idle>-0       [003] d.... 20024.158427: sched_switch: prev_comm=swapper/3 prev_pid=0 prev_prio=120 prev_state=R ==> next_comm=kworker/u16:2 next_pid=49 next_prio=120
   kworker/u16:2-49      [003] d.... 20024.158446: sched_switch: prev_comm=kworker/u16:2 prev_pid=49 prev_prio=120 prev_state=I ==> next_comm=swapper/3 next_pid=0 next_prio=120
          <idle>-0       [003] dnh.. 20024.158471: sched_wakeup: comm=kworker/u16:2 pid=49 prio=120 target_cpu=003
          <idle>-0       [003] d.... 20024.158486: sched_switch: prev_comm=swapper/3 prev_pid=0 prev_prio=120 prev_state=R ==> next_comm=kworker/u16:2 next_pid=49 next_prio=120
   kworker/u16:2-49      [003] d.... 20024.158506: sched_switch: prev_comm=kworker/u16:2 prev_pid=49 prev_prio=120 prev_state=I ==> next_comm=swapper/3 next_pid=0 next_prio=120
          <idle>-0       [003] dnh.. 20024.158527: sched_wakeup: comm=kworker/u16:2 pid=49 prio=120 target_cpu=003
          <idle>-0       [003] d.... 20024.158541: sched_switch: prev_comm=swapper/3 prev_pid=0 prev_prio=120 prev_state=R ==> next_comm=kworker/u16:2 next_pid=49 next_prio=120
   kworker/u16:2-49      [003] d.... 20024.158560: sched_switch: prev_comm=kworker/u16:2 prev_pid=49 prev_prio=120 prev_state=I ==> next_comm=swapper/3 next_pid=0 next_prio=120
          <idle>-0       [003] dnh.. 20024.158597: sched_wakeup: comm=kworker/u16:2 pid=49 prio=120 target_cpu=003
          <idle>-0       [003] d.... 20024.158616: sched_switch: prev_comm=swapper/3 prev_pid=0 prev_prio=120 prev_state=R ==> next_comm=kworker/u16:2 next_pid=49 next_prio=120
   kworker/u16:2-49      [003] d.... 20024.158645: sched_switch: prev_comm=kworker/u16:2 prev_pid=49 prev_prio=120 prev_state=I ==> next_comm=swapper/3 next_pid=0 next_prio=120
          <idle>-0       [001] dnh.. 20024.158666: sched_wakeup: comm=kworker/u16:0 pid=419 prio=120 target_cpu=001
          <idle>-0       [001] d.... 20024.158685: sched_switch: prev_comm=swapper/1 prev_pid=0 prev_prio=120 prev_state=R ==> next_comm=kworker/u16:0 next_pid=419 next_prio=120
   kworker/u16:0-419     [001] d.... 20024.158711: sched_switch: prev_comm=kworker/u16:0 prev_pid=419 prev_prio=120 prev_state=I ==> next_comm=swapper/1 next_pid=0 next_prio=120
          <idle>-0       [003] dnh.. 20024.158711: sched_wakeup: comm=kworker/u16:2 pid=49 prio=120 target_cpu=003
          <idle>-0       [003] d.... 20024.158726: sched_switch: prev_comm=swapper/3 prev_pid=0 prev_prio=120 prev_state=R ==> next_comm=kworker/u16:2 next_pid=49 next_prio=120
   kworker/u16:2-49      [003] d.... 20024.158739: sched_switch: prev_comm=kworker/u16:2 prev_pid=49 prev_prio=120 prev_state=I ==> next_comm=swapper/3 next_pid=0 next_prio=120
          <idle>-0       [003] dnh.. 20024.158773: sched_wakeup: comm=kworker/u16:2 pid=49 prio=120 target_cpu=003
          <idle>-0       [003] d.... 20024.158787: sched_switch: prev_comm=swapper/3 prev_pid=0 prev_prio=120 prev_state=R ==> next_comm=kworker/u16:2 next_pid=49 next_prio=120
   kworker/u16:2-49      [003] d.... 20024.158806: sched_switch: prev_comm=kworker/u16:2 prev_pid=49 prev_prio=120 prev_state=I ==> next_comm=swapper/3 next_pid=0 next_prio=120
          <idle>-0       [003] dnh.. 20024.158833: sched_wakeup: comm=kworker/u16:2 pid=49 prio=120 target_cpu=003
          <idle>-0       [003] d.... 20024.158848: sched_switch: prev_comm=swapper/3 prev_pid=0 prev_prio=120 prev_state=R ==> next_comm=kworker/u16:2 next_pid=49 next_prio=120
   kworker/u16:2-49      [003] d.... 20024.158869: sched_switch: prev_comm=kworker/u16:2 prev_pid=49 prev_prio=120 prev_state=I ==> next_comm=swapper/3 next_pid=0 next_prio=120
          <idle>-0       [003] dnh.. 20024.158890: sched_wakeup: comm=kworker/u16:2 pid=49 prio=120 target_cpu=003
          <idle>-0       [003] d.... 20024.158904: sched_switch: prev_comm=swapper/3 prev_pid=0 prev_prio=120 prev_state=R ==> next_comm=kworker/u16:2 next_pid=49 next_prio=120
   kworker/u16:2-49      [003] d.... 20024.158922: sched_switch: prev_comm=kworker/u16:2 prev_pid=49 prev_prio=120 prev_state=I ==> next_comm=swapper/3 next_pid=0 next_prio=120
          <idle>-0       [003] dnh.. 20024.158960: sched_wakeup: comm=kworker/u16:2 pid=49 prio=120 target_cpu=003
          <idle>-0       [003] d.... 20024.158976: sched_switch: prev_comm=swapper/3 prev_pid=0 prev_prio=120 prev_state=R ==> next_comm=kworker/u16:2 next_pid=49 next_prio=120
   kworker/u16:2-49      [003] d.... 20024.159005: sched_switch: prev_comm=kworker/u16:2 prev_pid=49 prev_prio=120 prev_state=I ==> next_comm=swapper/3 next_pid=0 next_prio=120
          <idle>-0       [001] dnh.. 20024.159070: sched_wakeup: comm=kworker/u16:0 pid=419 prio=120 target_cpu=001
          <idle>-0       [003] dnh.. 20024.159077: sched_wakeup: comm=kworker/u16:2 pid=49 prio=120 target_cpu=003
          <idle>-0       [003] d.... 20024.159091: sched_switch: prev_comm=swapper/3 prev_pid=0 prev_prio=120 prev_state=R ==> next_comm=kworker/u16:2 next_pid=49 next_prio=120
   kworker/u16:2-49      [003] d.... 20024.159110: sched_switch: prev_comm=kworker/u16:2 prev_pid=49 prev_prio=120 prev_state=I ==> next_comm=swapper/3 next_pid=0 next_prio=120
          <idle>-0       [001] d.... 20024.159112: sched_switch: prev_comm=swapper/1 prev_pid=0 prev_prio=120 prev_state=R ==> next_comm=kworker/u16:0 next_pid=419 next_prio=120
          <idle>-0       [003] dnh.. 20024.159138: sched_wakeup: comm=kworker/u16:2 pid=49 prio=120 target_cpu=003
          <idle>-0       [003] d.... 20024.159153: sched_switch: prev_comm=swapper/3 prev_pid=0 prev_prio=120 prev_state=R ==> next_comm=kworker/u16:2 next_pid=49 next_prio=120
   kworker/u16:2-49      [003] d.... 20024.159165: sched_switch: prev_comm=kworker/u16:2 prev_pid=49 prev_prio=120 prev_state=I ==> next_comm=swapper/3 next_pid=0 next_prio=120
   kworker/u16:0-419     [001] d.... 20024.159180: sched_switch: prev_comm=kworker/u16:0 prev_pid=419 prev_prio=120 prev_state=I ==> next_comm=swapper/1 next_pid=0 next_prio=120
          <idle>-0       [003] dnh.. 20024.159197: sched_wakeup: comm=kworker/u16:2 pid=49 prio=120 target_cpu=003
          <idle>-0       [003] d.... 20024.159211: sched_switch: prev_comm=swapper/3 prev_pid=0 prev_prio=120 prev_state=R ==> next_comm=kworker/u16:2 next_pid=49 next_prio=120
   kworker/u16:2-49      [003] d.... 20024.159230: sched_switch: prev_comm=kworker/u16:2 prev_pid=49 prev_prio=120 prev_state=I ==> next_comm=swapper/3 next_pid=0 next_prio=120
          <idle>-0       [003] dnh.. 20024.159254: sched_wakeup: comm=kworker/u16:2 pid=49 prio=120 target_cpu=003
          <idle>-0       [003] d.... 20024.159268: sched_switch: prev_comm=swapper/3 prev_pid=0 prev_prio=120 prev_state=R ==> next_comm=kworker/u16:2 next_pid=49 next_prio=120
   kworker/u16:2-49      [003] d.... 20024.159287: sched_switch: prev_comm=kworker/u16:2 prev_pid=49 prev_prio=120 prev_state=I ==> next_comm=swapper/3 next_pid=0 next_prio=120
          <idle>-0       [003] dnh.. 20024.159314: sched_wakeup: comm=kworker/u16:2 pid=49 prio=120 target_cpu=003
          <idle>-0       [003] d.... 20024.159328: sched_switch: prev_comm=swapper/3 prev_pid=0 prev_prio=120 prev_state=R ==> next_comm=kworker/u16:2 next_pid=49 next_prio=120
   kworker/u16:2-49      [003] d.... 20024.159347: sched_switch: prev_comm=kworker/u16:2 prev_pid=49 prev_prio=120 prev_state=I ==> next_comm=swapper/3 next_pid=0 next_prio=120
          <idle>-0       [003] dnh.. 20024.159374: sched_wakeup: comm=kworker/u16:2 pid=49 prio=120 target_cpu=003
          <idle>-0       [003] d.... 20024.159389: sched_switch: prev_comm=swapper/3 prev_pid=0 prev_prio=120 prev_state=R ==> next_comm=kworker/u16:2 next_pid=49 next_prio=120
   kworker/u16:2-49      [003] d.... 20024.159409: sched_switch: prev_comm=kworker/u16:2 prev_pid=49 prev_prio=120 prev_state=I ==> next_comm=swapper/3 next_pid=0 next_prio=120
          <idle>-0       [003] dnh.. 20024.159436: sched_wakeup: comm=kworker/u16:2 pid=49 prio=120 target_cpu=003
          <idle>-0       [003] d.... 20024.159450: sched_switch: prev_comm=swapper/3 prev_pid=0 prev_prio=120 prev_state=R ==> next_comm=kworker/u16:2 next_pid=49 next_prio=120
   kworker/u16:2-49      [003] d.... 20024.159469: sched_switch: prev_comm=kworker/u16:2 prev_pid=49 prev_prio=120 prev_state=I ==> next_comm=swapper/3 next_pid=0 next_prio=120
          <idle>-0       [003] dnh.. 20024.159490: sched_wakeup: comm=kworker/u16:2 pid=49 prio=120 target_cpu=003
          <idle>-0       [003] d.... 20024.159504: sched_switch: prev_comm=swapper/3 prev_pid=0 prev_prio=120 prev_state=R ==> next_comm=kworker/u16:2 next_pid=49 next_prio=120
   kworker/u16:2-49      [003] d.... 20024.159522: sched_switch: prev_comm=kworker/u16:2 prev_pid=49 prev_prio=120 prev_state=I ==> next_comm=swapper/3 next_pid=0 next_prio=120
          <idle>-0       [003] dnh.. 20024.159549: sched_wakeup: comm=kworker/u16:2 pid=49 prio=120 target_cpu=003
          <idle>-0       [003] d.... 20024.159564: sched_switch: prev_comm=swapper/3 prev_pid=0 prev_prio=120 prev_state=R ==> next_comm=kworker/u16:2 next_pid=49 next_prio=120
   kworker/u16:2-49      [003] d.... 20024.159582: sched_switch: prev_comm=kworker/u16:2 prev_pid=49 prev_prio=120 prev_state=I ==> next_comm=swapper/3 next_pid=0 next_prio=120
          <idle>-0       [003] dnh.. 20024.159609: sched_wakeup: comm=kworker/u16:2 pid=49 prio=120 target_cpu=003
          <idle>-0       [003] d.... 20024.159623: sched_switch: prev_comm=swapper/3 prev_pid=0 prev_prio=120 prev_state=R ==> next_comm=kworker/u16:2 next_pid=49 next_prio=120
   kworker/u16:2-49      [003] d.... 20024.159642: sched_switch: prev_comm=kworker/u16:2 prev_pid=49 prev_prio=120 prev_state=I ==> next_comm=swapper/3 next_pid=0 next_prio=120
          <idle>-0       [003] dnh.. 20024.159668: sched_wakeup: comm=kworker/u16:2 pid=49 prio=120 target_cpu=003
          <idle>-0       [003] d.... 20024.159683: sched_switch: prev_comm=swapper/3 prev_pid=0 prev_prio=120 prev_state=R ==> next_comm=kworker/u16:2 next_pid=49 next_prio=120
   kworker/u16:2-49      [003] d.... 20024.159701: sched_switch: prev_comm=kworker/u16:2 prev_pid=49 prev_prio=120 prev_state=I ==> next_comm=swapper/3 next_pid=0 next_prio=120
          <idle>-0       [003] dnh.. 20024.159724: sched_wakeup: comm=kworker/u16:2 pid=49 prio=120 target_cpu=003
          <idle>-0       [003] d.... 20024.159739: sched_switch: prev_comm=swapper/3 prev_pid=0 prev_prio=120 prev_state=R ==> next_comm=kworker/u16:2 next_pid=49 next_prio=120
   kworker/u16:2-49      [003] d.... 20024.159757: sched_switch: prev_comm=kworker/u16:2 prev_pid=49 prev_prio=120 prev_state=I ==> next_comm=swapper/3 next_pid=0 next_prio=120
          <idle>-0       [003] dnh.. 20024.159784: sched_wakeup: comm=kworker/u16:2 pid=49 prio=120 target_cpu=003
          <idle>-0       [003] d.... 20024.159799: sched_switch: prev_comm=swapper/3 prev_pid=0 prev_prio=120 prev_state=R ==> next_comm=kworker/u16:2 next_pid=49 next_prio=120
   kworker/u16:2-49      [003] d.... 20024.159817: sched_switch: prev_comm=kworker/u16:2 prev_pid=49 prev_prio=120 prev_state=I ==> next_comm=swapper/3 next_pid=0 next_prio=120
          <idle>-0       [003] dnh.. 20024.159840: sched_wakeup: comm=kworker/u16:2 pid=49 prio=120 target_cpu=003
          <idle>-0       [003] d.... 20024.159855: sched_switch: prev_comm=swapper/3 prev_pid=0 prev_prio=120 prev_state=R ==> next_comm=kworker/u16:2 next_pid=49 next_prio=120
   kworker/u16:2-49      [003] d.... 20024.159872: sched_switch: prev_comm=kworker/u16:2 prev_pid=49 prev_prio=120 prev_state=I ==> next_comm=swapper/3 next_pid=0 next_prio=120
          <idle>-0       [003] dnh.. 20024.159900: sched_wakeup: comm=kworker/u16:2 pid=49 prio=120 target_cpu=003
          <idle>-0       [003] d.... 20024.159914: sched_switch: prev_comm=swapper/3 prev_pid=0 prev_prio=120 prev_state=R ==> next_comm=kworker/u16:2 next_pid=49 next_prio=120
   kworker/u16:2-49      [003] d.... 20024.159934: sched_switch: prev_comm=kworker/u16:2 prev_pid=49 prev_prio=120 prev_state=I ==> next_comm=swapper/3 next_pid=0 next_prio=120
          <idle>-0       [003] dnh.. 20024.159957: sched_wakeup: comm=kworker/u16:2 pid=49 prio=120 target_cpu=003
          <idle>-0       [003] d.... 20024.159972: sched_switch: prev_comm=swapper/3 prev_pid=0 prev_prio=120 prev_state=R ==> next_comm=kworker/u16:2 next_pid=49 next_prio=120
   kworker/u16:2-49      [003] d.... 20024.159990: sched_switch: prev_comm=kworker/u16:2 prev_pid=49 prev_prio=120 prev_state=I ==> next_comm=swapper/3 next_pid=0 next_prio=120
          <idle>-0       [003] dnh.. 20024.160021: sched_wakeup: comm=kworker/u16:2 pid=49 prio=120 target_cpu=003
          <idle>-0       [003] d.... 20024.160036: sched_switch: prev_comm=swapper/3 prev_pid=0 prev_prio=120 prev_state=R ==> next_comm=kworker/u16:2 next_pid=49 next_prio=120
   kworker/u16:2-49      [003] d.... 20024.160055: sched_switch: prev_comm=kworker/u16:2 prev_pid=49 prev_prio=120 prev_state=I ==> next_comm=swapper/3 next_pid=0 next_prio=120
          <idle>-0       [003] dnh.. 20024.160081: sched_wakeup: comm=kworker/u16:2 pid=49 prio=120 target_cpu=003
          <idle>-0       [003] d.... 20024.160097: sched_switch: prev_comm=swapper/3 prev_pid=0 prev_prio=120 prev_state=R ==> next_comm=kworker/u16:2 next_pid=49 next_prio=120
   kworker/u16:2-49      [003] d.... 20024.160116: sched_switch: prev_comm=kworker/u16:2 prev_pid=49 prev_prio=120 prev_state=I ==> next_comm=swapper/3 next_pid=0 next_prio=120
          <idle>-0       [003] dnh.. 20024.160137: sched_wakeup: comm=kworker/u16:2 pid=49 prio=120 target_cpu=003
          <idle>-0       [003] d.... 20024.160153: sched_switch: prev_comm=swapper/3 prev_pid=0 prev_prio=120 prev_state=R ==> next_comm=kworker/u16:2 next_pid=49 next_prio=120
   kworker/u16:2-49      [003] d.... 20024.160171: sched_switch: prev_comm=kworker/u16:2 prev_pid=49 prev_prio=120 prev_state=I ==> next_comm=swapper/3 next_pid=0 next_prio=120
          <idle>-0       [003] dnh.. 20024.160200: sched_wakeup: comm=kworker/u16:2 pid=49 prio=120 target_cpu=003
          <idle>-0       [003] d.... 20024.160215: sched_switch: prev_comm=swapper/3 prev_pid=0 prev_prio=120 prev_state=R ==> next_comm=kworker/u16:2 next_pid=49 next_prio=120
   kworker/u16:2-49      [003] d.... 20024.160233: sched_switch: prev_comm=kworker/u16:2 prev_pid=49 prev_prio=120 prev_state=I ==> next_comm=swapper/3 next_pid=0 next_prio=120
          <idle>-0       [003] dnh.. 20024.160252: sched_wakeup: comm=kworker/u16:2 pid=49 prio=120 target_cpu=003
          <idle>-0       [003] d.... 20024.160267: sched_switch: prev_comm=swapper/3 prev_pid=0 prev_prio=120 prev_state=R ==> next_comm=kworker/u16:2 next_pid=49 next_prio=120
   kworker/u16:2-49      [003] d.... 20024.160285: sched_switch: prev_comm=kworker/u16:2 prev_pid=49 prev_prio=120 prev_state=I ==> next_comm=swapper/3 next_pid=0 next_prio=120
          <idle>-0       [003] dnh.. 20024.160313: sched_wakeup: comm=kworker/u16:2 pid=49 prio=120 target_cpu=003
          <idle>-0       [003] d.... 20024.160327: sched_switch: prev_comm=swapper/3 prev_pid=0 prev_prio=120 prev_state=R ==> next_comm=kworker/u16:2 next_pid=49 next_prio=120
   kworker/u16:2-49      [003] d.... 20024.160345: sched_switch: prev_comm=kworker/u16:2 prev_pid=49 prev_prio=120 prev_state=I ==> next_comm=swapper/3 next_pid=0 next_prio=120
          <idle>-0       [003] dnh.. 20024.160371: sched_wakeup: comm=kworker/u16:2 pid=49 prio=120 target_cpu=003
          <idle>-0       [003] d.... 20024.160387: sched_switch: prev_comm=swapper/3 prev_pid=0 prev_prio=120 prev_state=R ==> next_comm=kworker/u16:2 next_pid=49 next_prio=120
   kworker/u16:2-49      [003] d.... 20024.160406: sched_switch: prev_comm=kworker/u16:2 prev_pid=49 prev_prio=120 prev_state=I ==> next_comm=swapper/3 next_pid=0 next_prio=120
          <idle>-0       [003] dnh.. 20024.160433: sched_wakeup: comm=kworker/u16:2 pid=49 prio=120 target_cpu=003
          <idle>-0       [003] d.... 20024.160447: sched_switch: prev_comm=swapper/3 prev_pid=0 prev_prio=120 prev_state=R ==> next_comm=kworker/u16:2 next_pid=49 next_prio=120
   kworker/u16:2-49      [003] d.... 20024.160465: sched_switch: prev_comm=kworker/u16:2 prev_pid=49 prev_prio=120 prev_state=I ==> next_comm=swapper/3 next_pid=0 next_prio=120
          <idle>-0       [003] dnh.. 20024.160491: sched_wakeup: comm=kworker/u16:2 pid=49 prio=120 target_cpu=003
          <idle>-0       [003] d.... 20024.160505: sched_switch: prev_comm=swapper/3 prev_pid=0 prev_prio=120 prev_state=R ==> next_comm=kworker/u16:2 next_pid=49 next_prio=120
   kworker/u16:2-49      [003] d.... 20024.160523: sched_switch: prev_comm=kworker/u16:2 prev_pid=49 prev_prio=120 prev_state=I ==> next_comm=swapper/3 next_pid=0 next_prio=120
          <idle>-0       [003] dnh.. 20024.160546: sched_wakeup: comm=kworker/u16:2 pid=49 prio=120 target_cpu=003
          <idle>-0       [003] d.... 20024.160561: sched_switch: prev_comm=swapper/3 prev_pid=0 prev_prio=120 prev_state=R ==> next_comm=kworker/u16:2 next_pid=49 next_prio=120
   kworker/u16:2-49      [003] d.... 20024.160578: sched_switch: prev_comm=kworker/u16:2 prev_pid=49 prev_prio=120 prev_state=I ==> next_comm=swapper/3 next_pid=0 next_prio=120
          <idle>-0       [003] dnh.. 20024.160605: sched_wakeup: comm=kworker/u16:2 pid=49 prio=120 target_cpu=003
          <idle>-0       [003] d.... 20024.160619: sched_switch: prev_comm=swapper/3 prev_pid=0 prev_prio=120 prev_state=R ==> next_comm=kworker/u16:2 next_pid=49 next_prio=120
   kworker/u16:2-49      [003] d.... 20024.160637: sched_switch: prev_comm=kworker/u16:2 prev_pid=49 prev_prio=120 prev_state=I ==> next_comm=swapper/3 next_pid=0 next_prio=120
          <idle>-0       [003] dnh.. 20024.160661: sched_wakeup: comm=kworker/u16:2 pid=49 prio=120 target_cpu=003
          <idle>-0       [003] d.... 20024.160675: sched_switch: prev_comm=swapper/3 prev_pid=0 prev_prio=120 prev_state=R ==> next_comm=kworker/u16:2 next_pid=49 next_prio=120
   kworker/u16:2-49      [003] d.... 20024.160693: sched_switch: prev_comm=kworker/u16:2 prev_pid=49 prev_prio=120 prev_state=I ==> next_comm=swapper/3 next_pid=0 next_prio=120
          <idle>-0       [003] dnh.. 20024.160720: sched_wakeup: comm=kworker/u16:2 pid=49 prio=120 target_cpu=003
          <idle>-0       [003] d.... 20024.160734: sched_switch: prev_comm=swapper/3 prev_pid=0 prev_prio=120 prev_state=R ==> next_comm=kworker/u16:2 next_pid=49 next_prio=120
   kworker/u16:2-49      [003] d.... 20024.160752: sched_switch: prev_comm=kworker/u16:2 prev_pid=49 prev_prio=120 prev_state=I ==> next_comm=swapper/3 next_pid=0 next_prio=120
          <idle>-0       [003] dnh.. 20024.160775: sched_wakeup: comm=kworker/u16:2 pid=49 prio=120 target_cpu=003
          <idle>-0       [003] d.... 20024.160790: sched_switch: prev_comm=swapper/3 prev_pid=0 prev_prio=120 prev_state=R ==> next_comm=kworker/u16:2 next_pid=49 next_prio=120
   kworker/u16:2-49      [003] d.... 20024.160807: sched_switch: prev_comm=kworker/u16:2 prev_pid=49 prev_prio=120 prev_state=I ==> next_comm=swapper/3 next_pid=0 next_prio=120
          <idle>-0       [003] dnh.. 20024.160841: sched_wakeup: comm=kworker/u16:2 pid=49 prio=120 target_cpu=003
          <idle>-0       [003] d.... 20024.160857: sched_switch: prev_comm=swapper/3 prev_pid=0 prev_prio=120 prev_state=R ==> next_comm=kworker/u16:2 next_pid=49 next_prio=120
   kworker/u16:2-49      [003] d.... 20024.160875: sched_switch: prev_comm=kworker/u16:2 prev_pid=49 prev_prio=120 prev_state=I ==> next_comm=swapper/3 next_pid=0 next_prio=120
          <idle>-0       [003] dnh.. 20024.160898: sched_wakeup: comm=kworker/u16:2 pid=49 prio=120 target_cpu=003
          <idle>-0       [003] d.... 20024.160913: sched_switch: prev_comm=swapper/3 prev_pid=0 prev_prio=120 prev_state=R ==> next_comm=kworker/u16:2 next_pid=49 next_prio=120
   kworker/u16:2-49      [003] d.... 20024.160931: sched_switch: prev_comm=kworker/u16:2 prev_pid=49 prev_prio=120 prev_state=I ==> next_comm=swapper/3 next_pid=0 next_prio=120
          <idle>-0       [003] dnh.. 20024.160973: sched_wakeup: comm=kworker/u16:2 pid=49 prio=120 target_cpu=003
          <idle>-0       [003] d.... 20024.160988: sched_switch: prev_comm=swapper/3 prev_pid=0 prev_prio=120 prev_state=R ==> next_comm=kworker/u16:2 next_pid=49 next_prio=120
   kworker/u16:2-49      [003] d.... 20024.161007: sched_switch: prev_comm=kworker/u16:2 prev_pid=49 prev_prio=120 prev_state=I ==> next_comm=swapper/3 next_pid=0 next_prio=120
          <idle>-0       [003] dnh.. 20024.161073: sched_wakeup: comm=kworker/u16:2 pid=49 prio=120 target_cpu=003
          <idle>-0       [003] d.... 20024.161088: sched_switch: prev_comm=swapper/3 prev_pid=0 prev_prio=120 prev_state=R ==> next_comm=kworker/u16:2 next_pid=49 next_prio=120
   kworker/u16:2-49      [003] d.... 20024.161107: sched_switch: prev_comm=kworker/u16:2 prev_pid=49 prev_prio=120 prev_state=I ==> next_comm=swapper/3 next_pid=0 next_prio=120
          <idle>-0       [003] dnh.. 20024.161136: sched_wakeup: comm=kworker/u16:2 pid=49 prio=120 target_cpu=003
          <idle>-0       [003] d.... 20024.161150: sched_switch: prev_comm=swapper/3 prev_pid=0 prev_prio=120 prev_state=R ==> next_comm=kworker/u16:2 next_pid=49 next_prio=120
   kworker/u16:2-49      [003] d.... 20024.161168: sched_switch: prev_comm=kworker/u16:2 prev_pid=49 prev_prio=120 prev_state=I ==> next_comm=swapper/3 next_pid=0 next_prio=120
          <idle>-0       [003] dnh.. 20024.161194: sched_wakeup: comm=kworker/u16:2 pid=49 prio=120 target_cpu=003
          <idle>-0       [003] d.... 20024.161208: sched_switch: prev_comm=swapper/3 prev_pid=0 prev_prio=120 prev_state=R ==> next_comm=kworker/u16:2 next_pid=49 next_prio=120
   kworker/u16:2-49      [003] d.... 20024.161226: sched_switch: prev_comm=kworker/u16:2 prev_pid=49 prev_prio=120 prev_state=I ==> next_comm=swapper/3 next_pid=0 next_prio=120
          <idle>-0       [003] dnh.. 20024.161252: sched_wakeup: comm=kworker/u16:2 pid=49 prio=120 target_cpu=003
          <idle>-0       [003] d.... 20024.161269: sched_switch: prev_comm=swapper/3 prev_pid=0 prev_prio=120 prev_state=R ==> next_comm=kworker/u16:2 next_pid=49 next_prio=120
   kworker/u16:2-49      [003] d.... 20024.161287: sched_switch: prev_comm=kworker/u16:2 prev_pid=49 prev_prio=120 prev_state=I ==> next_comm=swapper/3 next_pid=0 next_prio=120
          <idle>-0       [003] dnh.. 20024.161308: sched_wakeup: comm=kworker/u16:2 pid=49 prio=120 target_cpu=003
          <idle>-0       [003] d.... 20024.161321: sched_switch: prev_comm=swapper/3 prev_pid=0 prev_prio=120 prev_state=R ==> next_comm=kworker/u16:2 next_pid=49 next_prio=120
   kworker/u16:2-49      [003] d.... 20024.161339: sched_switch: prev_comm=kworker/u16:2 prev_pid=49 prev_prio=120 prev_state=I ==> next_comm=swapper/3 next_pid=0 next_prio=120
          <idle>-0       [003] dnh.. 20024.161367: sched_wakeup: comm=kworker/u16:2 pid=49 prio=120 target_cpu=003
          <idle>-0       [003] d.... 20024.161381: sched_switch: prev_comm=swapper/3 prev_pid=0 prev_prio=120 prev_state=R ==> next_comm=kworker/u16:2 next_pid=49 next_prio=120
   kworker/u16:2-49      [003] d.... 20024.161402: sched_switch: prev_comm=kworker/u16:2 prev_pid=49 prev_prio=120 prev_state=I ==> next_comm=swapper/3 next_pid=0 next_prio=120
          <idle>-0       [003] dnh.. 20024.161429: sched_wakeup: comm=kworker/u16:2 pid=49 prio=120 target_cpu=003
          <idle>-0       [003] d.... 20024.161443: sched_switch: prev_comm=swapper/3 prev_pid=0 prev_prio=120 prev_state=R ==> next_comm=kworker/u16:2 next_pid=49 next_prio=120
   kworker/u16:2-49      [003] d.... 20024.161461: sched_switch: prev_comm=kworker/u16:2 prev_pid=49 prev_prio=120 prev_state=I ==> next_comm=swapper/3 next_pid=0 next_prio=120
          <idle>-0       [003] dnh.. 20024.161484: sched_wakeup: comm=kworker/u16:2 pid=49 prio=120 target_cpu=003
          <idle>-0       [003] d.... 20024.161498: sched_switch: prev_comm=swapper/3 prev_pid=0 prev_prio=120 prev_state=R ==> next_comm=kworker/u16:2 next_pid=49 next_prio=120
   kworker/u16:2-49      [003] d.... 20024.161516: sched_switch: prev_comm=kworker/u16:2 prev_pid=49 prev_prio=120 prev_state=I ==> next_comm=swapper/3 next_pid=0 next_prio=120
          <idle>-0       [003] dnh.. 20024.161542: sched_wakeup: comm=kworker/u16:2 pid=49 prio=120 target_cpu=003
          <idle>-0       [003] d.... 20024.161556: sched_switch: prev_comm=swapper/3 prev_pid=0 prev_prio=120 prev_state=R ==> next_comm=kworker/u16:2 next_pid=49 next_prio=120
   kworker/u16:2-49      [003] d.... 20024.161574: sched_switch: prev_comm=kworker/u16:2 prev_pid=49 prev_prio=120 prev_state=I ==> next_comm=swapper/3 next_pid=0 next_prio=120
          <idle>-0       [003] dnh.. 20024.161599: sched_wakeup: comm=kworker/u16:2 pid=49 prio=120 target_cpu=003
          <idle>-0       [003] d.... 20024.161620: sched_switch: prev_comm=swapper/3 prev_pid=0 prev_prio=120 prev_state=R ==> next_comm=kworker/u16:2 next_pid=49 next_prio=120
          <idle>-0       [001] dnH.. 20024.161719: sched_wakeup: comm=rcu_sched pid=15 prio=120 target_cpu=001
   kworker/u16:2-49      [003] d.... 20024.161728: sched_switch: prev_comm=kworker/u16:2 prev_pid=49 prev_prio=120 prev_state=I ==> next_comm=swapper/3 next_pid=0 next_prio=120
          <idle>-0       [001] dns.. 20024.161746: sched_wakeup: comm=ksoftirqd/1 pid=22 prio=120 target_cpu=001
          <idle>-0       [003] dnh.. 20024.161767: sched_wakeup: comm=kworker/u16:2 pid=49 prio=120 target_cpu=003
          <idle>-0       [001] d.... 20024.161767: sched_switch: prev_comm=swapper/1 prev_pid=0 prev_prio=120 prev_state=R ==> next_comm=rcu_sched next_pid=15 next_prio=120
          <idle>-0       [003] d.... 20024.161783: sched_switch: prev_comm=swapper/3 prev_pid=0 prev_prio=120 prev_state=R ==> next_comm=kworker/u16:2 next_pid=49 next_prio=120
       rcu_sched-15      [001] d.... 20024.161794: sched_switch: prev_comm=rcu_sched prev_pid=15 prev_prio=120 prev_state=I ==> next_comm=ksoftirqd/1 next_pid=22 next_prio=120
   kworker/u16:2-49      [003] d.... 20024.161802: sched_switch: prev_comm=kworker/u16:2 prev_pid=49 prev_prio=120 prev_state=I ==> next_comm=swapper/3 next_pid=0 next_prio=120
          <idle>-0       [003] dnh.. 20024.161834: sched_wakeup: comm=kworker/u16:2 pid=49 prio=120 target_cpu=003
     ksoftirqd/1-22      [001] d.... 20024.161843: sched_switch: prev_comm=ksoftirqd/1 prev_pid=22 prev_prio=120 prev_state=S ==> next_comm=swapper/1 next_pid=0 next_prio=120
          <idle>-0       [003] d.... 20024.161848: sched_switch: prev_comm=swapper/3 prev_pid=0 prev_prio=120 prev_state=R ==> next_comm=kworker/u16:2 next_pid=49 next_prio=120
   kworker/u16:2-49      [003] d.... 20024.161867: sched_switch: prev_comm=kworker/u16:2 prev_pid=49 prev_prio=120 prev_state=I ==> next_comm=swapper/3 next_pid=0 next_prio=120
          <idle>-0       [003] dnh.. 20024.161893: sched_wakeup: comm=kworker/u16:2 pid=49 prio=120 target_cpu=003
          <idle>-0       [003] d.... 20024.161908: sched_switch: prev_comm=swapper/3 prev_pid=0 prev_prio=120 prev_state=R ==> next_comm=kworker/u16:2 next_pid=49 next_prio=120
   kworker/u16:2-49      [003] d.... 20024.161926: sched_switch: prev_comm=kworker/u16:2 prev_pid=49 prev_prio=120 prev_state=I ==> next_comm=swapper/3 next_pid=0 next_prio=120
          <idle>-0       [003] dnh.. 20024.161948: sched_wakeup: comm=kworker/u16:2 pid=49 prio=120 target_cpu=003
          <idle>-0       [003] d.... 20024.161962: sched_switch: prev_comm=swapper/3 prev_pid=0 prev_prio=120 prev_state=R ==> next_comm=kworker/u16:2 next_pid=49 next_prio=120
   kworker/u16:2-49      [003] d.... 20024.161979: sched_switch: prev_comm=kworker/u16:2 prev_pid=49 prev_prio=120 prev_state=I ==> next_comm=swapper/3 next_pid=0 next_prio=120
          <idle>-0       [003] dnh.. 20024.162014: sched_wakeup: comm=kworker/u16:2 pid=49 prio=120 target_cpu=003
          <idle>-0       [003] d.... 20024.162029: sched_switch: prev_comm=swapper/3 prev_pid=0 prev_prio=120 prev_state=R ==> next_comm=kworker/u16:2 next_pid=49 next_prio=120
   kworker/u16:2-49      [003] d.... 20024.162055: sched_switch: prev_comm=kworker/u16:2 prev_pid=49 prev_prio=120 prev_state=I ==> next_comm=swapper/3 next_pid=0 next_prio=120
          <idle>-0       [001] dnh.. 20024.162077: sched_wakeup: comm=kworker/u16:0 pid=419 prio=120 target_cpu=001
          <idle>-0       [003] dnh.. 20024.162079: sched_wakeup: comm=kworker/u16:2 pid=49 prio=120 target_cpu=003
          <idle>-0       [003] d.... 20024.162094: sched_switch: prev_comm=swapper/3 prev_pid=0 prev_prio=120 prev_state=R ==> next_comm=kworker/u16:2 next_pid=49 next_prio=120
          <idle>-0       [001] d.... 20024.162094: sched_switch: prev_comm=swapper/1 prev_pid=0 prev_prio=120 prev_state=R ==> next_comm=kworker/u16:0 next_pid=419 next_prio=120
   kworker/u16:0-419     [001] d.... 20024.162110: sched_switch: prev_comm=kworker/u16:0 prev_pid=419 prev_prio=120 prev_state=I ==> next_comm=swapper/1 next_pid=0 next_prio=120
   kworker/u16:2-49      [003] d.... 20024.162111: sched_switch: prev_comm=kworker/u16:2 prev_pid=49 prev_prio=120 prev_state=I ==> next_comm=swapper/3 next_pid=0 next_prio=120
          <idle>-0       [003] dnh.. 20024.162133: sched_wakeup: comm=kworker/u16:2 pid=49 prio=120 target_cpu=003
          <idle>-0       [003] d.... 20024.162147: sched_switch: prev_comm=swapper/3 prev_pid=0 prev_prio=120 prev_state=R ==> next_comm=kworker/u16:2 next_pid=49 next_prio=120
   kworker/u16:2-49      [003] d.... 20024.162165: sched_switch: prev_comm=kworker/u16:2 prev_pid=49 prev_prio=120 prev_state=I ==> next_comm=swapper/3 next_pid=0 next_prio=120
          <idle>-0       [003] dnh.. 20024.162192: sched_wakeup: comm=kworker/u16:2 pid=49 prio=120 target_cpu=003
          <idle>-0       [003] d.... 20024.162206: sched_switch: prev_comm=swapper/3 prev_pid=0 prev_prio=120 prev_state=R ==> next_comm=kworker/u16:2 next_pid=49 next_prio=120
   kworker/u16:2-49      [003] d.... 20024.162224: sched_switch: prev_comm=kworker/u16:2 prev_pid=49 prev_prio=120 prev_state=I ==> next_comm=swapper/3 next_pid=0 next_prio=120
          <idle>-0       [003] dnh.. 20024.162250: sched_wakeup: comm=kworker/u16:2 pid=49 prio=120 target_cpu=003
          <idle>-0       [003] d.... 20024.162264: sched_switch: prev_comm=swapper/3 prev_pid=0 prev_prio=120 prev_state=R ==> next_comm=kworker/u16:2 next_pid=49 next_prio=120
   kworker/u16:2-49      [003] d.... 20024.162282: sched_switch: prev_comm=kworker/u16:2 prev_pid=49 prev_prio=120 prev_state=I ==> next_comm=swapper/3 next_pid=0 next_prio=120
          <idle>-0       [003] dnh.. 20024.162304: sched_wakeup: comm=kworker/u16:2 pid=49 prio=120 target_cpu=003
          <idle>-0       [003] d.... 20024.162318: sched_switch: prev_comm=swapper/3 prev_pid=0 prev_prio=120 prev_state=R ==> next_comm=kworker/u16:2 next_pid=49 next_prio=120
   kworker/u16:2-49      [003] d.... 20024.162335: sched_switch: prev_comm=kworker/u16:2 prev_pid=49 prev_prio=120 prev_state=I ==> next_comm=swapper/3 next_pid=0 next_prio=120
          <idle>-0       [003] dnh.. 20024.162449: sched_wakeup: comm=kworker/u16:2 pid=49 prio=120 target_cpu=003
          <idle>-0       [003] d.... 20024.162463: sched_switch: prev_comm=swapper/3 prev_pid=0 prev_prio=120 prev_state=R ==> next_comm=kworker/u16:2 next_pid=49 next_prio=120
   kworker/u16:2-49      [003] d.... 20024.162481: sched_switch: prev_comm=kworker/u16:2 prev_pid=49 prev_prio=120 prev_state=I ==> next_comm=swapper/3 next_pid=0 next_prio=120
            sshd-562     [002] d.... 20024.162880: sched_switch: prev_comm=sshd prev_pid=562 prev_prio=120 prev_state=S ==> next_comm=swapper/2 next_pid=0 next_prio=120
              ps-612     [000] ..... 20024.164702: do_exit+0xc/0xa24 <-do_group_exit+0x40/0x8c
              ps-612     [000] ..... 20024.164717: <stack trace>
 => do_exit+0x10/0xa24
 => do_group_exit+0x40/0x8c
 => pid_child_should_wake+0x0/0x68
              ps-612     [000] ..... 20024.164745: sched_process_exit: comm=ps pid=612 prio=120 group_dead=true
              ps-612     [000] dn... 20024.165389: signal_generate: sig=17 errno=0 code=1 comm=bash pid=563 grp=1 res=0
              ps-612     [000] d.... 20024.165429: sched_switch: prev_comm=ps prev_pid=612 prev_prio=120 prev_state=Z ==> next_comm=swapper/0 next_pid=0 next_prio=120
          <idle>-0       [001] dnh.. 20024.165440: sched_wakeup: comm=bash pid=563 prio=120 target_cpu=001
          <idle>-0       [001] d.... 20024.165458: sched_switch: prev_comm=swapper/1 prev_pid=0 prev_prio=120 prev_state=R ==> next_comm=bash next_pid=563 next_prio=120
            bash-563     [001] d.... 20024.165871: signal_deliver: sig=17 errno=0 code=1 sa_handler=51b6fd sa_flags=14000000
          <idle>-0       [003] dnh.. 20024.166920: sched_wakeup: comm=kworker/u16:2 pid=49 prio=120 target_cpu=003
          <idle>-0       [003] d.... 20024.166938: sched_switch: prev_comm=swapper/3 prev_pid=0 prev_prio=120 prev_state=R ==> next_comm=kworker/u16:2 next_pid=49 next_prio=120
   kworker/u16:2-49      [003] d.... 20024.166973: sched_switch: prev_comm=kworker/u16:2 prev_pid=49 prev_prio=120 prev_state=I ==> next_comm=swapper/3 next_pid=0 next_prio=120
          <idle>-0       [002] dnh.. 20024.167012: sched_wakeup: comm=sshd pid=562 prio=120 target_cpu=002
          <idle>-0       [002] d.... 20024.167037: sched_switch: prev_comm=swapper/2 prev_pid=0 prev_prio=120 prev_state=R ==> next_comm=sshd next_pid=562 next_prio=120
          <idle>-0       [003] dnh.. 20024.167281: sched_wakeup: comm=kworker/u16:2 pid=49 prio=120 target_cpu=003
          <idle>-0       [003] d.... 20024.167296: sched_switch: prev_comm=swapper/3 prev_pid=0 prev_prio=120 prev_state=R ==> next_comm=kworker/u16:2 next_pid=49 next_prio=120
            sshd-562     [002] d.... 20024.167329: sched_switch: prev_comm=sshd prev_pid=562 prev_prio=120 prev_state=D ==> next_comm=swapper/2 next_pid=0 next_prio=120
            bash-563     [001] d.... 20024.167336: sched_switch: prev_comm=bash prev_pid=563 prev_prio=120 prev_state=S ==> next_comm=swapper/1 next_pid=0 next_prio=120
   kworker/u16:2-49      [003] d.... 20024.167351: sched_switch: prev_comm=kworker/u16:2 prev_pid=49 prev_prio=120 prev_state=I ==> next_comm=swapper/3 next_pid=0 next_prio=120
          <idle>-0       [002] dnh.. 20024.167372: sched_wakeup: comm=sshd pid=562 prio=120 target_cpu=002
          <idle>-0       [002] d.... 20024.167396: sched_switch: prev_comm=swapper/2 prev_pid=0 prev_prio=120 prev_state=R ==> next_comm=sshd next_pid=562 next_prio=120
            sshd-562     [002] d.... 20024.167775: sched_switch: prev_comm=sshd prev_pid=562 prev_prio=120 prev_state=S ==> next_comm=swapper/2 next_pid=0 next_prio=120
          <idle>-0       [001] dnh.. 20024.171807: sched_wakeup: comm=rcu_sched pid=15 prio=120 target_cpu=001
          <idle>-0       [001] d.... 20024.171829: sched_switch: prev_comm=swapper/1 prev_pid=0 prev_prio=120 prev_state=R ==> next_comm=rcu_sched next_pid=15 next_prio=120
       rcu_sched-15      [001] d.... 20024.171872: sched_switch: prev_comm=rcu_sched prev_pid=15 prev_prio=120 prev_state=I ==> next_comm=swapper/1 next_pid=0 next_prio=120
          <idle>-0       [001] dns.. 20024.191707: sched_wakeup: comm=rcu_sched pid=15 prio=120 target_cpu=001
          <idle>-0       [001] d.... 20024.191748: sched_switch: prev_comm=swapper/1 prev_pid=0 prev_prio=120 prev_state=R ==> next_comm=rcu_sched next_pid=15 next_prio=120
       rcu_sched-15      [001] d.... 20024.191781: sched_switch: prev_comm=rcu_sched prev_pid=15 prev_prio=120 prev_state=I ==> next_comm=swapper/1 next_pid=0 next_prio=120
          <idle>-0       [003] dns.. 20024.201758: sched_wakeup: comm=kworker/3:1 pid=570 prio=120 target_cpu=003
          <idle>-0       [003] d.... 20024.201851: sched_switch: prev_comm=swapper/3 prev_pid=0 prev_prio=120 prev_state=R ==> next_comm=kworker/3:1 next_pid=570 next_prio=120
          <idle>-0       [000] dns.. 20024.201857: sched_wakeup: comm=kworker/0:2 pid=568 prio=120 target_cpu=000
          <idle>-0       [000] d.... 20024.201904: sched_switch: prev_comm=swapper/0 prev_pid=0 prev_prio=120 prev_state=R ==> next_comm=kworker/0:2 next_pid=568 next_prio=120
     kworker/3:1-570     [003] d.... 20024.201939: sched_switch: prev_comm=kworker/3:1 prev_pid=570 prev_prio=120 prev_state=I ==> next_comm=swapper/3 next_pid=0 next_prio=120
     kworker/0:2-568     [000] d.... 20024.201995: sched_switch: prev_comm=kworker/0:2 prev_pid=568 prev_prio=120 prev_state=I ==> next_comm=swapper/0 next_pid=0 next_prio=120
          <idle>-0       [001] dns.. 20024.211696: sched_wakeup: comm=rcu_sched pid=15 prio=120 target_cpu=001
          <idle>-0       [001] d.... 20024.211719: sched_switch: prev_comm=swapper/1 prev_pid=0 prev_prio=120 prev_state=R ==> next_comm=rcu_sched next_pid=15 next_prio=120
       rcu_sched-15      [001] d.... 20024.211756: sched_switch: prev_comm=rcu_sched prev_pid=15 prev_prio=120 prev_state=I ==> next_comm=swapper/1 next_pid=0 next_prio=120
          <idle>-0       [002] dns.. 20024.221690: sched_wakeup: comm=ksoftirqd/2 pid=27 prio=120 target_cpu=002
          <idle>-0       [002] d.... 20024.221766: sched_switch: prev_comm=swapper/2 prev_pid=0 prev_prio=120 prev_state=R ==> next_comm=ksoftirqd/2 next_pid=27 next_prio=120
     ksoftirqd/2-27      [002] d.... 20024.221910: sched_switch: prev_comm=ksoftirqd/2 prev_pid=27 prev_prio=120 prev_state=S ==> next_comm=swapper/2 next_pid=0 next_prio=120
          <idle>-0       [001] dns.. 20024.231682: sched_wakeup: comm=rcu_sched pid=15 prio=120 target_cpu=001
          <idle>-0       [001] d.... 20024.231725: sched_switch: prev_comm=swapper/1 prev_pid=0 prev_prio=120 prev_state=R ==> next_comm=rcu_sched next_pid=15 next_prio=120
       rcu_sched-15      [001] d.... 20024.231751: sched_switch: prev_comm=rcu_sched prev_pid=15 prev_prio=120 prev_state=I ==> next_comm=swapper/1 next_pid=0 next_prio=120
          <idle>-0       [001] dns.. 20024.251665: sched_wakeup: comm=rcu_sched pid=15 prio=120 target_cpu=001
          <idle>-0       [001] d.... 20024.251702: sched_switch: prev_comm=swapper/1 prev_pid=0 prev_prio=120 prev_state=R ==> next_comm=rcu_sched next_pid=15 next_prio=120
       rcu_sched-15      [001] d.... 20024.251730: sched_switch: prev_comm=rcu_sched prev_pid=15 prev_prio=120 prev_state=I ==> next_comm=swapper/1 next_pid=0 next_prio=120
          <idle>-0       [001] dns.. 20024.271702: sched_wakeup: comm=rcu_sched pid=15 prio=120 target_cpu=001
          <idle>-0       [001] d.... 20024.271724: sched_switch: prev_comm=swapper/1 prev_pid=0 prev_prio=120 prev_state=R ==> next_comm=rcu_sched next_pid=15 next_prio=120
       rcu_sched-15      [001] d.... 20024.271754: sched_switch: prev_comm=rcu_sched prev_pid=15 prev_prio=120 prev_state=I ==> next_comm=swapper/1 next_pid=0 next_prio=120
          <idle>-0       [001] dns.. 20024.291668: sched_wakeup: comm=rcu_sched pid=15 prio=120 target_cpu=001
          <idle>-0       [001] d.... 20024.291708: sched_switch: prev_comm=swapper/1 prev_pid=0 prev_prio=120 prev_state=R ==> next_comm=rcu_sched next_pid=15 next_prio=120
       rcu_sched-15      [001] d.... 20024.291735: sched_switch: prev_comm=rcu_sched prev_pid=15 prev_prio=120 prev_state=I ==> next_comm=swapper/1 next_pid=0 next_prio=120
          <idle>-0       [001] dns.. 20024.411717: sched_wakeup: comm=kworker/1:0 pid=592 prio=120 target_cpu=001
          <idle>-0       [003] dnH.. 20024.411782: sched_wakeup: comm=kworker/u16:2 pid=49 prio=120 target_cpu=003
          <idle>-0       [001] d.... 20024.411793: sched_switch: prev_comm=swapper/1 prev_pid=0 prev_prio=120 prev_state=R ==> next_comm=kworker/1:0 next_pid=592 next_prio=120
     kworker/1:0-592     [001] d.... 20024.411850: sched_switch: prev_comm=kworker/1:0 prev_pid=592 prev_prio=120 prev_state=I ==> next_comm=swapper/1 next_pid=0 next_prio=120
          <idle>-0       [003] d.... 20024.411897: sched_switch: prev_comm=swapper/3 prev_pid=0 prev_prio=120 prev_state=R ==> next_comm=kworker/u16:2 next_pid=49 next_prio=120
          <idle>-0       [001] dnh.. 20024.411980: sched_wakeup: comm=kworker/u16:0 pid=419 prio=120 target_cpu=001
          <idle>-0       [001] d.... 20024.412009: sched_switch: prev_comm=swapper/1 prev_pid=0 prev_prio=120 prev_state=R ==> next_comm=kworker/u16:0 next_pid=419 next_prio=120
   kworker/u16:0-419     [001] d.... 20024.412112: sched_switch: prev_comm=kworker/u16:0 prev_pid=419 prev_prio=120 prev_state=I ==> next_comm=swapper/1 next_pid=0 next_prio=120
          <idle>-0       [000] dnh.. 20024.412161: sched_wakeup: comm=kworker/u16:1 pid=465 prio=120 target_cpu=000
   kworker/u16:2-49      [003] d.... 20024.412184: sched_switch: prev_comm=kworker/u16:2 prev_pid=49 prev_prio=120 prev_state=I ==> next_comm=swapper/3 next_pid=0 next_prio=120
          <idle>-0       [000] d.... 20024.412317: sched_switch: prev_comm=swapper/0 prev_pid=0 prev_prio=120 prev_state=R ==> next_comm=kworker/u16:1 next_pid=465 next_prio=120
   kworker/u16:1-465     [000] d.... 20024.412369: sched_switch: prev_comm=kworker/u16:1 prev_pid=465 prev_prio=120 prev_state=I ==> next_comm=swapper/0 next_pid=0 next_prio=120
          <idle>-0       [002] dns.. 20024.491766: sched_wakeup: comm=kworker/2:0 pid=557 prio=120 target_cpu=002
          <idle>-0       [002] d.... 20024.491895: sched_switch: prev_comm=swapper/2 prev_pid=0 prev_prio=120 prev_state=R ==> next_comm=kworker/2:0 next_pid=557 next_prio=120
     kworker/2:0-557     [002] d.... 20024.492085: sched_switch: prev_comm=kworker/2:0 prev_pid=557 prev_prio=120 prev_state=I ==> next_comm=swapper/2 next_pid=0 next_prio=120
          <idle>-0       [002] dns.. 20024.521775: sched_wakeup: comm=kcompactd0 pid=44 prio=120 target_cpu=002
          <idle>-0       [002] d.... 20024.521880: sched_switch: prev_comm=swapper/2 prev_pid=0 prev_prio=120 prev_state=R ==> next_comm=kcompactd0 next_pid=44 next_prio=120
      kcompactd0-44      [002] d.... 20024.521941: sched_switch: prev_comm=kcompactd0 prev_pid=44 prev_prio=120 prev_state=S ==> next_comm=swapper/2 next_pid=0 next_prio=120
          <idle>-0       [000] dnH.. 20024.571826: sched_wakeup: comm=kworker/u16:1 pid=465 prio=120 target_cpu=000
          <idle>-0       [000] d.... 20024.571923: sched_switch: prev_comm=swapper/0 prev_pid=0 prev_prio=120 prev_state=R ==> next_comm=kworker/u16:1 next_pid=465 next_prio=120
   kworker/u16:1-465     [000] d.... 20024.572002: sched_switch: prev_comm=kworker/u16:1 prev_pid=465 prev_prio=120 prev_state=I ==> next_comm=swapper/0 next_pid=0 next_prio=120
          <idle>-0       [000] dns.. 20024.621775: sched_wakeup: comm=kworker/0:2 pid=568 prio=120 target_cpu=000
          <idle>-0       [000] d.... 20024.621892: sched_switch: prev_comm=swapper/0 prev_pid=0 prev_prio=120 prev_state=R ==> next_comm=kworker/0:2 next_pid=568 next_prio=120
     kworker/0:2-568     [000] d.... 20024.621983: sched_switch: prev_comm=kworker/0:2 prev_pid=568 prev_prio=120 prev_state=I ==> next_comm=swapper/0 next_pid=0 next_prio=120
          <idle>-0       [001] dnh.. 20024.707358: sched_wakeup: comm=raspbian_proc pid=608 prio=120 target_cpu=001
          <idle>-0       [001] d.... 20024.707416: sched_switch: prev_comm=swapper/1 prev_pid=0 prev_prio=120 prev_state=R ==> next_comm=raspbian_proc next_pid=608 next_prio=120
   raspbian_proc-608     [001] d.... 20024.707561: sched_wakeup: comm=kworker/1:0 pid=592 prio=120 target_cpu=001
   raspbian_proc-608     [001] d.... 20024.707660: sched_switch: prev_comm=raspbian_proc prev_pid=608 prev_prio=120 prev_state=S ==> next_comm=kworker/1:0 next_pid=592 next_prio=120
     kworker/1:0-592     [001] d.... 20024.707779: sched_switch: prev_comm=kworker/1:0 prev_pid=592 prev_prio=120 prev_state=I ==> next_comm=swapper/1 next_pid=0 next_prio=120
          <idle>-0       [001] dns.. 20024.831696: sched_wakeup: comm=kworker/1:0 pid=592 prio=120 target_cpu=001
          <idle>-0       [001] d.... 20024.831754: sched_switch: prev_comm=swapper/1 prev_pid=0 prev_prio=120 prev_state=R ==> next_comm=kworker/1:0 next_pid=592 next_prio=120
     kworker/1:0-592     [001] d.... 20024.831812: sched_switch: prev_comm=kworker/1:0 prev_pid=592 prev_prio=120 prev_state=I ==> next_comm=swapper/1 next_pid=0 next_prio=120
          <idle>-0       [002] dnh.. 20024.988829: sched_wakeup: comm=sshd pid=562 prio=120 target_cpu=002
          <idle>-0       [002] d.... 20024.988906: sched_switch: prev_comm=swapper/2 prev_pid=0 prev_prio=120 prev_state=R ==> next_comm=sshd next_pid=562 next_prio=120
          <idle>-0       [000] dnh.. 20024.989814: sched_wakeup: comm=kworker/u16:1 pid=465 prio=120 target_cpu=000
          <idle>-0       [000] d.... 20024.989880: sched_switch: prev_comm=swapper/0 prev_pid=0 prev_prio=120 prev_state=R ==> next_comm=kworker/u16:1 next_pid=465 next_prio=120
            sshd-562     [002] d.... 20024.989892: sched_switch: prev_comm=sshd prev_pid=562 prev_prio=120 prev_state=S ==> next_comm=swapper/2 next_pid=0 next_prio=120
          <idle>-0       [001] dnh.. 20024.989981: sched_wakeup: comm=bash pid=563 prio=120 target_cpu=001
   kworker/u16:1-465     [000] d.... 20024.989984: sched_switch: prev_comm=kworker/u16:1 prev_pid=465 prev_prio=120 prev_state=I ==> next_comm=swapper/0 next_pid=0 next_prio=120
          <idle>-0       [001] d.... 20024.990031: sched_switch: prev_comm=swapper/1 prev_pid=0 prev_prio=120 prev_state=R ==> next_comm=bash next_pid=563 next_prio=120
          <idle>-0       [000] dnh.. 20024.990714: sched_wakeup: comm=kworker/u16:1 pid=465 prio=120 target_cpu=000
          <idle>-0       [000] d.... 20024.990755: sched_switch: prev_comm=swapper/0 prev_pid=0 prev_prio=120 prev_state=R ==> next_comm=kworker/u16:1 next_pid=465 next_prio=120
            bash-563     [001] d.... 20024.990769: sched_switch: prev_comm=bash prev_pid=563 prev_prio=120 prev_state=S ==> next_comm=swapper/1 next_pid=0 next_prio=120
   kworker/u16:1-465     [000] d.... 20024.990834: sched_switch: prev_comm=kworker/u16:1 prev_pid=465 prev_prio=120 prev_state=I ==> next_comm=swapper/0 next_pid=0 next_prio=120
          <idle>-0       [002] dnh.. 20024.990914: sched_wakeup: comm=sshd pid=562 prio=120 target_cpu=002
          <idle>-0       [002] d.... 20024.990969: sched_switch: prev_comm=swapper/2 prev_pid=0 prev_prio=120 prev_state=R ==> next_comm=sshd next_pid=562 next_prio=120
            sshd-562     [002] d.... 20024.992172: sched_switch: prev_comm=sshd prev_pid=562 prev_prio=120 prev_state=S ==> next_comm=swapper/2 next_pid=0 next_prio=120
          <idle>-0       [002] dns.. 20025.031792: sched_wakeup: comm=kcompactd0 pid=44 prio=120 target_cpu=002
          <idle>-0       [002] d.... 20025.031914: sched_switch: prev_comm=swapper/2 prev_pid=0 prev_prio=120 prev_state=R ==> next_comm=kcompactd0 next_pid=44 next_prio=120
      kcompactd0-44      [002] d.... 20025.031978: sched_switch: prev_comm=kcompactd0 prev_pid=44 prev_prio=120 prev_state=S ==> next_comm=swapper/2 next_pid=0 next_prio=120
          <idle>-0       [001] dns.. 20025.041691: sched_wakeup: comm=kworker/1:0 pid=592 prio=120 target_cpu=001
          <idle>-0       [001] d.... 20025.041753: sched_switch: prev_comm=swapper/1 prev_pid=0 prev_prio=120 prev_state=R ==> next_comm=kworker/1:0 next_pid=592 next_prio=120
     kworker/1:0-592     [001] d.... 20025.041813: sched_switch: prev_comm=kworker/1:0 prev_pid=592 prev_prio=120 prev_state=I ==> next_comm=swapper/1 next_pid=0 next_prio=120
          <idle>-0       [001] dns.. 20025.051681: sched_wakeup: comm=kworker/1:0 pid=592 prio=120 target_cpu=001
          <idle>-0       [001] d.... 20025.051726: sched_switch: prev_comm=swapper/1 prev_pid=0 prev_prio=120 prev_state=R ==> next_comm=kworker/1:0 next_pid=592 next_prio=120
     kworker/1:0-592     [001] d.... 20025.051758: sched_switch: prev_comm=kworker/1:0 prev_pid=592 prev_prio=120 prev_state=I ==> next_comm=swapper/1 next_pid=0 next_prio=120
          <idle>-0       [001] dnh.. 20025.231684: sched_wakeup: comm=kworker/1:0 pid=592 prio=120 target_cpu=001
          <idle>-0       [001] d.... 20025.231768: sched_switch: prev_comm=swapper/1 prev_pid=0 prev_prio=120 prev_state=R ==> next_comm=kworker/1:0 next_pid=592 next_prio=120
     kworker/1:0-592     [001] d.... 20025.231829: sched_switch: prev_comm=kworker/1:0 prev_pid=592 prev_prio=120 prev_state=I ==> next_comm=swapper/1 next_pid=0 next_prio=120
          <idle>-0       [001] dns.. 20025.251683: sched_wakeup: comm=kworker/1:0 pid=592 prio=120 target_cpu=001
          <idle>-0       [001] d.... 20025.251725: sched_switch: prev_comm=swapper/1 prev_pid=0 prev_prio=120 prev_state=R ==> next_comm=kworker/1:0 next_pid=592 next_prio=120
     kworker/1:0-592     [001] d.... 20025.251768: sched_switch: prev_comm=kworker/1:0 prev_pid=592 prev_prio=120 prev_state=I ==> next_comm=swapper/1 next_pid=0 next_prio=120
          <idle>-0       [003] dns.. 20025.451768: sched_wakeup: comm=kworker/3:1 pid=570 prio=120 target_cpu=003
          <idle>-0       [002] dnh.. 20025.451791: sched_wakeup: comm=jbd2/mmcblk0-8 pid=79 prio=120 target_cpu=002
          <idle>-0       [002] d.... 20025.451863: sched_switch: prev_comm=swapper/2 prev_pid=0 prev_prio=120 prev_state=R ==> next_comm=jbd2/mmcblk0-8 next_pid=79 next_prio=120
          <idle>-0       [003] d.... 20025.451873: sched_switch: prev_comm=swapper/3 prev_pid=0 prev_prio=120 prev_state=R ==> next_comm=kworker/3:1 next_pid=570 next_prio=120
     kworker/3:1-570     [003] d.... 20025.451956: sched_switch: prev_comm=kworker/3:1 prev_pid=570 prev_prio=120 prev_state=I ==> next_comm=swapper/3 next_pid=0 next_prio=120
  jbd2/mmcblk0-8-79      [002] d.s.. 20025.462485: sched_wakeup: comm=kworker/2:0 pid=557 prio=120 target_cpu=002
  jbd2/mmcblk0-8-79      [002] d.... 20025.462594: sched_switch: prev_comm=jbd2/mmcblk0-8 prev_pid=79 prev_prio=120 prev_state=D ==> next_comm=kworker/2:0 next_pid=557 next_prio=120
     kworker/2:0-557     [002] d.... 20025.462664: sched_switch: prev_comm=kworker/2:0 prev_pid=557 prev_prio=120 prev_state=I ==> next_comm=swapper/2 next_pid=0 next_prio=120
          <idle>-0       [003] dnh.. 20025.462772: sched_wakeup: comm=irq/113-mmc0 pid=73 prio=49 target_cpu=003
          <idle>-0       [003] d.... 20025.462807: sched_switch: prev_comm=swapper/3 prev_pid=0 prev_prio=120 prev_state=R ==> next_comm=irq/113-mmc0 next_pid=73 next_prio=49
    irq/113-mmc0-73      [003] d.... 20025.462852: sched_wakeup: comm=kworker/3:1H pid=77 prio=100 target_cpu=003
    irq/113-mmc0-73      [003] d.... 20025.462875: sched_switch: prev_comm=irq/113-mmc0 prev_pid=73 prev_prio=49 prev_state=S ==> next_comm=kworker/3:1H next_pid=77 next_prio=100
          <idle>-0       [002] dnh.. 20025.462976: sched_wakeup: comm=jbd2/mmcblk0-8 pid=79 prio=120 target_cpu=002
          <idle>-0       [002] d.... 20025.462996: sched_switch: prev_comm=swapper/2 prev_pid=0 prev_prio=120 prev_state=R ==> next_comm=jbd2/mmcblk0-8 next_pid=79 next_prio=120
    kworker/3:1H-77      [003] d.... 20025.462997: sched_switch: prev_comm=kworker/3:1H prev_pid=77 prev_prio=100 prev_state=I ==> next_comm=swapper/3 next_pid=0 next_prio=120
  jbd2/mmcblk0-8-79      [002] d.... 20025.464012: sched_switch: prev_comm=jbd2/mmcblk0-8 prev_pid=79 prev_prio=120 prev_state=D ==> next_comm=swapper/2 next_pid=0 next_prio=120
          <idle>-0       [000] dns.. 20025.464115: sched_wakeup: comm=kworker/0:2 pid=568 prio=120 target_cpu=000
          <idle>-0       [000] d.... 20025.464190: sched_switch: prev_comm=swapper/0 prev_pid=0 prev_prio=120 prev_state=R ==> next_comm=kworker/0:2 next_pid=568 next_prio=120
          <idle>-0       [003] dnh.. 20025.464272: sched_wakeup: comm=irq/113-mmc0 pid=73 prio=49 target_cpu=003
     kworker/0:2-568     [000] d.... 20025.464289: sched_switch: prev_comm=kworker/0:2 prev_pid=568 prev_prio=120 prev_state=I ==> next_comm=swapper/0 next_pid=0 next_prio=120
          <idle>-0       [003] d.... 20025.464298: sched_switch: prev_comm=swapper/3 prev_pid=0 prev_prio=120 prev_state=R ==> next_comm=irq/113-mmc0 next_pid=73 next_prio=49
    irq/113-mmc0-73      [003] d.... 20025.464332: sched_wakeup: comm=kworker/3:1H pid=77 prio=100 target_cpu=003
    irq/113-mmc0-73      [003] d.... 20025.464349: sched_switch: prev_comm=irq/113-mmc0 prev_pid=73 prev_prio=49 prev_state=S ==> next_comm=kworker/3:1H next_pid=77 next_prio=100
          <idle>-0       [002] dnh.. 20025.464427: sched_wakeup: comm=jbd2/mmcblk0-8 pid=79 prio=120 target_cpu=002
    kworker/3:1H-77      [003] d.... 20025.464431: sched_switch: prev_comm=kworker/3:1H prev_pid=77 prev_prio=100 prev_state=I ==> next_comm=swapper/3 next_pid=0 next_prio=120
          <idle>-0       [002] d.... 20025.464447: sched_switch: prev_comm=swapper/2 prev_pid=0 prev_prio=120 prev_state=R ==> next_comm=jbd2/mmcblk0-8 next_pid=79 next_prio=120
  jbd2/mmcblk0-8-79      [002] d.... 20025.464540: sched_switch: prev_comm=jbd2/mmcblk0-8 prev_pid=79 prev_prio=120 prev_state=S ==> next_comm=swapper/2 next_pid=0 next_prio=120
          <idle>-0       [000] dns.. 20025.471766: sched_wakeup: comm=kworker/0:2 pid=568 prio=120 target_cpu=000
          <idle>-0       [000] d.... 20025.471832: sched_switch: prev_comm=swapper/0 prev_pid=0 prev_prio=120 prev_state=R ==> next_comm=kworker/0:2 next_pid=568 next_prio=120
     kworker/0:2-568     [000] d.... 20025.471924: sched_switch: prev_comm=kworker/0:2 prev_pid=568 prev_prio=120 prev_state=I ==> next_comm=swapper/0 next_pid=0 next_prio=120
          <idle>-0       [002] dnh.. 20025.471933: sched_wakeup: comm=kworker/2:0 pid=557 prio=120 target_cpu=002
          <idle>-0       [002] d.... 20025.471966: sched_switch: prev_comm=swapper/2 prev_pid=0 prev_prio=120 prev_state=R ==> next_comm=kworker/2:0 next_pid=557 next_prio=120
     kworker/2:0-557     [002] d.... 20025.472010: sched_switch: prev_comm=kworker/2:0 prev_pid=557 prev_prio=120 prev_state=I ==> next_comm=swapper/2 next_pid=0 next_prio=120
          <idle>-0       [002] dns.. 20025.531771: sched_wakeup: comm=kworker/2:0 pid=557 prio=120 target_cpu=002
          <idle>-0       [002] d.... 20025.531890: sched_switch: prev_comm=swapper/2 prev_pid=0 prev_prio=120 prev_state=R ==> next_comm=kworker/2:0 next_pid=557 next_prio=120
     kworker/2:0-557     [002] d.... 20025.532066: sched_switch: prev_comm=kworker/2:0 prev_pid=557 prev_prio=120 prev_state=I ==> next_comm=swapper/2 next_pid=0 next_prio=120
          <idle>-0       [002] dns.. 20025.541760: sched_wakeup: comm=kcompactd0 pid=44 prio=120 target_cpu=002
          <idle>-0       [002] d.... 20025.541849: sched_switch: prev_comm=swapper/2 prev_pid=0 prev_prio=120 prev_state=R ==> next_comm=kcompactd0 next_pid=44 next_prio=120
      kcompactd0-44      [002] d.... 20025.541909: sched_switch: prev_comm=kcompactd0 prev_pid=44 prev_prio=120 prev_state=S ==> next_comm=swapper/2 next_pid=0 next_prio=120
          <idle>-0       [002] dnh.. 20025.544826: sched_wakeup: comm=sshd pid=562 prio=120 target_cpu=002
          <idle>-0       [002] d.... 20025.544867: sched_switch: prev_comm=swapper/2 prev_pid=0 prev_prio=120 prev_state=R ==> next_comm=sshd next_pid=562 next_prio=120
          <idle>-0       [000] dnh.. 20025.545464: sched_wakeup: comm=kworker/u16:1 pid=465 prio=120 target_cpu=000
            sshd-562     [002] d.... 20025.545478: sched_switch: prev_comm=sshd prev_pid=562 prev_prio=120 prev_state=S ==> next_comm=swapper/2 next_pid=0 next_prio=120
          <idle>-0       [000] d.... 20025.545558: sched_switch: prev_comm=swapper/0 prev_pid=0 prev_prio=120 prev_state=R ==> next_comm=kworker/u16:1 next_pid=465 next_prio=120
          <idle>-0       [001] dnh.. 20025.545668: sched_wakeup: comm=bash pid=563 prio=120 target_cpu=001
   kworker/u16:1-465     [000] d.... 20025.545672: sched_switch: prev_comm=kworker/u16:1 prev_pid=465 prev_prio=120 prev_state=I ==> next_comm=swapper/0 next_pid=0 next_prio=120
          <idle>-0       [001] d.... 20025.545710: sched_switch: prev_comm=swapper/1 prev_pid=0 prev_prio=120 prev_state=R ==> next_comm=bash next_pid=563 next_prio=120
          <idle>-0       [000] dnh.. 20025.546026: sched_wakeup: comm=kworker/u16:1 pid=465 prio=120 target_cpu=000
          <idle>-0       [000] d.... 20025.546119: sched_switch: prev_comm=swapper/0 prev_pid=0 prev_prio=120 prev_state=R ==> next_comm=kworker/u16:1 next_pid=465 next_prio=120
            bash-563     [001] d.... 20025.546132: sched_switch: prev_comm=bash prev_pid=563 prev_prio=120 prev_state=S ==> next_comm=swapper/1 next_pid=0 next_prio=120
   kworker/u16:1-465     [000] d.... 20025.546164: sched_switch: prev_comm=kworker/u16:1 prev_pid=465 prev_prio=120 prev_state=I ==> next_comm=swapper/0 next_pid=0 next_prio=120
          <idle>-0       [002] dnh.. 20025.546198: sched_wakeup: comm=sshd pid=562 prio=120 target_cpu=002
          <idle>-0       [002] d.... 20025.546224: sched_switch: prev_comm=swapper/2 prev_pid=0 prev_prio=120 prev_state=R ==> next_comm=sshd next_pid=562 next_prio=120
            sshd-562     [002] d.... 20025.546977: sched_switch: prev_comm=sshd prev_pid=562 prev_prio=120 prev_state=S ==> next_comm=swapper/2 next_pid=0 next_prio=120
          <idle>-0       [002] dns.. 20025.671696: sched_wakeup: comm=kworker/2:0 pid=557 prio=120 target_cpu=002
          <idle>-0       [002] d.... 20025.671769: sched_switch: prev_comm=swapper/2 prev_pid=0 prev_prio=120 prev_state=R ==> next_comm=kworker/2:0 next_pid=557 next_prio=120
     kworker/2:0-557     [002] d.... 20025.671828: sched_switch: prev_comm=kworker/2:0 prev_pid=557 prev_prio=120 prev_state=I ==> next_comm=swapper/2 next_pid=0 next_prio=120
          <idle>-0       [002] dnh.. 20025.683433: sched_wakeup: comm=sshd pid=562 prio=120 target_cpu=002
          <idle>-0       [002] d.... 20025.683518: sched_switch: prev_comm=swapper/2 prev_pid=0 prev_prio=120 prev_state=R ==> next_comm=sshd next_pid=562 next_prio=120
          <idle>-0       [000] dnh.. 20025.684266: sched_wakeup: comm=kworker/u16:1 pid=465 prio=120 target_cpu=000
          <idle>-0       [000] d.... 20025.684302: sched_switch: prev_comm=swapper/0 prev_pid=0 prev_prio=120 prev_state=R ==> next_comm=kworker/u16:1 next_pid=465 next_prio=120
   kworker/u16:1-465     [000] d.... 20025.684350: sched_switch: prev_comm=kworker/u16:1 prev_pid=465 prev_prio=120 prev_state=I ==> next_comm=swapper/0 next_pid=0 next_prio=120
            sshd-562     [002] d.... 20025.684363: sched_switch: prev_comm=sshd prev_pid=562 prev_prio=120 prev_state=S ==> next_comm=swapper/2 next_pid=0 next_prio=120
          <idle>-0       [001] dnh.. 20025.684376: sched_wakeup: comm=bash pid=563 prio=120 target_cpu=001
          <idle>-0       [001] d.... 20025.684424: sched_switch: prev_comm=swapper/1 prev_pid=0 prev_prio=120 prev_state=R ==> next_comm=bash next_pid=563 next_prio=120
          <idle>-0       [000] dnh.. 20025.684689: sched_wakeup: comm=kworker/u16:1 pid=465 prio=120 target_cpu=000
          <idle>-0       [000] d.... 20025.684708: sched_switch: prev_comm=swapper/0 prev_pid=0 prev_prio=120 prev_state=R ==> next_comm=kworker/u16:1 next_pid=465 next_prio=120
   kworker/u16:1-465     [000] d.... 20025.684742: sched_switch: prev_comm=kworker/u16:1 prev_pid=465 prev_prio=120 prev_state=I ==> next_comm=swapper/0 next_pid=0 next_prio=120
          <idle>-0       [002] dnh.. 20025.684794: sched_wakeup: comm=sshd pid=562 prio=120 target_cpu=002
            bash-563     [001] d.... 20025.684794: sched_switch: prev_comm=bash prev_pid=563 prev_prio=120 prev_state=S ==> next_comm=swapper/1 next_pid=0 next_prio=120
          <idle>-0       [002] d.... 20025.684819: sched_switch: prev_comm=swapper/2 prev_pid=0 prev_prio=120 prev_state=R ==> next_comm=sshd next_pid=562 next_prio=120
            sshd-562     [002] d.... 20025.685486: sched_switch: prev_comm=sshd prev_pid=562 prev_prio=120 prev_state=S ==> next_comm=swapper/2 next_pid=0 next_prio=120
          <idle>-0       [002] dns.. 20025.822712: sched_wakeup: comm=sshd pid=562 prio=120 target_cpu=002
          <idle>-0       [002] d.... 20025.822765: sched_switch: prev_comm=swapper/2 prev_pid=0 prev_prio=120 prev_state=R ==> next_comm=sshd next_pid=562 next_prio=120
          <idle>-0       [000] dnh.. 20025.823333: sched_wakeup: comm=kworker/u16:1 pid=465 prio=120 target_cpu=000
          <idle>-0       [000] d.... 20025.823368: sched_switch: prev_comm=swapper/0 prev_pid=0 prev_prio=120 prev_state=R ==> next_comm=kworker/u16:1 next_pid=465 next_prio=120
   kworker/u16:1-465     [000] d.... 20025.823429: sched_switch: prev_comm=kworker/u16:1 prev_pid=465 prev_prio=120 prev_state=I ==> next_comm=swapper/0 next_pid=0 next_prio=120
          <idle>-0       [001] dnh.. 20025.823446: sched_wakeup: comm=bash pid=563 prio=120 target_cpu=001
          <idle>-0       [001] d.... 20025.823487: sched_switch: prev_comm=swapper/1 prev_pid=0 prev_prio=120 prev_state=R ==> next_comm=bash next_pid=563 next_prio=120
            sshd-562     [002] d.... 20025.823621: sched_switch: prev_comm=sshd prev_pid=562 prev_prio=120 prev_state=S ==> next_comm=swapper/2 next_pid=0 next_prio=120
          <idle>-0       [000] dnh.. 20025.823740: sched_wakeup: comm=kworker/u16:1 pid=465 prio=120 target_cpu=000
          <idle>-0       [000] d.... 20025.823758: sched_switch: prev_comm=swapper/0 prev_pid=0 prev_prio=120 prev_state=R ==> next_comm=kworker/u16:1 next_pid=465 next_prio=120
   kworker/u16:1-465     [000] d.... 20025.823791: sched_switch: prev_comm=kworker/u16:1 prev_pid=465 prev_prio=120 prev_state=I ==> next_comm=swapper/0 next_pid=0 next_prio=120
            bash-563     [001] d.... 20025.823828: sched_switch: prev_comm=bash prev_pid=563 prev_prio=120 prev_state=S ==> next_comm=swapper/1 next_pid=0 next_prio=120
          <idle>-0       [002] dnh.. 20025.823886: sched_wakeup: comm=sshd pid=562 prio=120 target_cpu=002
          <idle>-0       [002] d.... 20025.823941: sched_switch: prev_comm=swapper/2 prev_pid=0 prev_prio=120 prev_state=R ==> next_comm=sshd next_pid=562 next_prio=120
            sshd-562     [002] d.... 20025.824790: sched_switch: prev_comm=sshd prev_pid=562 prev_prio=120 prev_state=S ==> next_comm=swapper/2 next_pid=0 next_prio=120
          <idle>-0       [002] dns.. 20025.881680: sched_wakeup: comm=kworker/2:0 pid=557 prio=120 target_cpu=002
          <idle>-0       [002] d.... 20025.881742: sched_switch: prev_comm=swapper/2 prev_pid=0 prev_prio=120 prev_state=R ==> next_comm=kworker/2:0 next_pid=557 next_prio=120
     kworker/2:0-557     [002] d.... 20025.881800: sched_switch: prev_comm=kworker/2:0 prev_pid=557 prev_prio=120 prev_state=I ==> next_comm=swapper/2 next_pid=0 next_prio=120
          <idle>-0       [002] dns.. 20026.051763: sched_wakeup: comm=kcompactd0 pid=44 prio=120 target_cpu=002
          <idle>-0       [002] d.... 20026.051873: sched_switch: prev_comm=swapper/2 prev_pid=0 prev_prio=120 prev_state=R ==> next_comm=kcompactd0 next_pid=44 next_prio=120
      kcompactd0-44      [002] d.... 20026.051939: sched_switch: prev_comm=kcompactd0 prev_pid=44 prev_prio=120 prev_state=S ==> next_comm=swapper/2 next_pid=0 next_prio=120
          <idle>-0       [002] dns.. 20026.091754: sched_wakeup: comm=kworker/2:0 pid=557 prio=120 target_cpu=002
          <idle>-0       [002] d.... 20026.091864: sched_switch: prev_comm=swapper/2 prev_pid=0 prev_prio=120 prev_state=R ==> next_comm=kworker/2:0 next_pid=557 next_prio=120
     kworker/2:0-557     [002] d.... 20026.091936: sched_switch: prev_comm=kworker/2:0 prev_pid=557 prev_prio=120 prev_state=I ==> next_comm=swapper/2 next_pid=0 next_prio=120
          <idle>-0       [002] dns.. 20026.171688: sched_wakeup: comm=kworker/2:0 pid=557 prio=120 target_cpu=002
          <idle>-0       [002] d.... 20026.171751: sched_switch: prev_comm=swapper/2 prev_pid=0 prev_prio=120 prev_state=R ==> next_comm=kworker/2:0 next_pid=557 next_prio=120
          <idle>-0       [000] dnh.. 20026.171892: sched_wakeup: comm=kworker/u16:1 pid=465 prio=120 target_cpu=000
     kworker/2:0-557     [002] d.... 20026.171919: sched_switch: prev_comm=kworker/2:0 prev_pid=557 prev_prio=120 prev_state=I ==> next_comm=swapper/2 next_pid=0 next_prio=120
          <idle>-0       [000] d.... 20026.171973: sched_switch: prev_comm=swapper/0 prev_pid=0 prev_prio=120 prev_state=R ==> next_comm=kworker/u16:1 next_pid=465 next_prio=120
   kworker/u16:1-465     [000] d.... 20026.172162: sched_switch: prev_comm=kworker/u16:1 prev_pid=465 prev_prio=120 prev_state=I ==> next_comm=swapper/0 next_pid=0 next_prio=120
          <idle>-0       [001] dns.. 20026.301701: sched_wakeup: comm=kworker/1:0 pid=592 prio=120 target_cpu=001
          <idle>-0       [001] d.... 20026.301762: sched_switch: prev_comm=swapper/1 prev_pid=0 prev_prio=120 prev_state=R ==> next_comm=kworker/1:0 next_pid=592 next_prio=120
     kworker/1:0-592     [001] d.... 20026.301828: sched_switch: prev_comm=kworker/1:0 prev_pid=592 prev_prio=120 prev_state=I ==> next_comm=swapper/1 next_pid=0 next_prio=120
          <idle>-0       [001] dns.. 20026.511683: sched_wakeup: comm=kworker/1:0 pid=592 prio=120 target_cpu=001
          <idle>-0       [001] d.... 20026.511753: sched_switch: prev_comm=swapper/1 prev_pid=0 prev_prio=120 prev_state=R ==> next_comm=kworker/1:0 next_pid=592 next_prio=120
     kworker/1:0-592     [001] d.... 20026.511810: sched_switch: prev_comm=kworker/1:0 prev_pid=592 prev_prio=120 prev_state=I ==> next_comm=swapper/1 next_pid=0 next_prio=120
          <idle>-0       [002] dnH.. 20026.561711: sched_wakeup: comm=kcompactd0 pid=44 prio=120 target_cpu=002
          <idle>-0       [002] d.... 20026.561762: sched_switch: prev_comm=swapper/2 prev_pid=0 prev_prio=120 prev_state=R ==> next_comm=kcompactd0 next_pid=44 next_prio=120
      kcompactd0-44      [002] d.... 20026.561803: sched_switch: prev_comm=kcompactd0 prev_pid=44 prev_prio=120 prev_state=S ==> next_comm=swapper/2 next_pid=0 next_prio=120
          <idle>-0       [002] dns.. 20026.571675: sched_wakeup: comm=kworker/2:0 pid=557 prio=120 target_cpu=002
          <idle>-0       [002] d.... 20026.571718: sched_switch: prev_comm=swapper/2 prev_pid=0 prev_prio=120 prev_state=R ==> next_comm=kworker/2:0 next_pid=557 next_prio=120
     kworker/2:0-557     [002] d.... 20026.571805: sched_switch: prev_comm=kworker/2:0 prev_pid=557 prev_prio=120 prev_state=I ==> next_comm=swapper/2 next_pid=0 next_prio=120
          <idle>-0       [002] dnh.. 20026.700369: sched_wakeup: comm=sshd pid=562 prio=120 target_cpu=002
          <idle>-0       [002] d.... 20026.700444: sched_switch: prev_comm=swapper/2 prev_pid=0 prev_prio=120 prev_state=R ==> next_comm=sshd next_pid=562 next_prio=120
          <idle>-0       [000] dnh.. 20026.701228: sched_wakeup: comm=kworker/u16:1 pid=465 prio=120 target_cpu=000
          <idle>-0       [000] d.... 20026.701259: sched_switch: prev_comm=swapper/0 prev_pid=0 prev_prio=120 prev_state=R ==> next_comm=kworker/u16:1 next_pid=465 next_prio=120
   kworker/u16:1-465     [000] d.... 20026.701318: sched_switch: prev_comm=kworker/u16:1 prev_pid=465 prev_prio=120 prev_state=I ==> next_comm=swapper/0 next_pid=0 next_prio=120
          <idle>-0       [001] dnh.. 20026.701333: sched_wakeup: comm=bash pid=563 prio=120 target_cpu=001
            sshd-562     [002] d.... 20026.701354: sched_switch: prev_comm=sshd prev_pid=562 prev_prio=120 prev_state=S ==> next_comm=swapper/2 next_pid=0 next_prio=120
          <idle>-0       [001] d.... 20026.701369: sched_switch: prev_comm=swapper/1 prev_pid=0 prev_prio=120 prev_state=R ==> next_comm=bash next_pid=563 next_prio=120
          <idle>-0       [000] dnH.. 20026.701806: sched_wakeup: comm=kworker/u16:1 pid=465 prio=120 target_cpu=000
            bash-563     [001] d.... 20026.701879: sched_switch: prev_comm=bash prev_pid=563 prev_prio=120 prev_state=S ==> next_comm=swapper/1 next_pid=0 next_prio=120
          <idle>-0       [000] d.... 20026.701926: sched_switch: prev_comm=swapper/0 prev_pid=0 prev_prio=120 prev_state=R ==> next_comm=kworker/u16:1 next_pid=465 next_prio=120
   kworker/u16:1-465     [000] d.... 20026.702030: sched_switch: prev_comm=kworker/u16:1 prev_pid=465 prev_prio=120 prev_state=I ==> next_comm=swapper/0 next_pid=0 next_prio=120
          <idle>-0       [002] dnh.. 20026.702036: sched_wakeup: comm=sshd pid=562 prio=120 target_cpu=002
          <idle>-0       [002] d.... 20026.702153: sched_switch: prev_comm=swapper/2 prev_pid=0 prev_prio=120 prev_state=R ==> next_comm=sshd next_pid=562 next_prio=120
            sshd-562     [002] d.... 20026.703191: sched_switch: prev_comm=sshd prev_pid=562 prev_prio=120 prev_state=S ==> next_comm=swapper/2 next_pid=0 next_prio=120
          <idle>-0       [001] dns.. 20026.721709: sched_wakeup: comm=kworker/1:0 pid=592 prio=120 target_cpu=001
          <idle>-0       [001] d.... 20026.721741: sched_switch: prev_comm=swapper/1 prev_pid=0 prev_prio=120 prev_state=R ==> next_comm=kworker/1:0 next_pid=592 next_prio=120
     kworker/1:0-592     [001] d.... 20026.721793: sched_switch: prev_comm=kworker/1:0 prev_pid=592 prev_prio=120 prev_state=I ==> next_comm=swapper/1 next_pid=0 next_prio=120
          <idle>-0       [002] dns.. 20026.918187: sched_wakeup: comm=sshd pid=562 prio=120 target_cpu=002
          <idle>-0       [002] d.... 20026.918288: sched_switch: prev_comm=swapper/2 prev_pid=0 prev_prio=120 prev_state=R ==> next_comm=sshd next_pid=562 next_prio=120
          <idle>-0       [000] dnh.. 20026.918888: sched_wakeup: comm=kworker/u16:1 pid=465 prio=120 target_cpu=000
            sshd-562     [002] d.... 20026.918942: sched_switch: prev_comm=sshd prev_pid=562 prev_prio=120 prev_state=S ==> next_comm=swapper/2 next_pid=0 next_prio=120
          <idle>-0       [000] d.... 20026.918968: sched_switch: prev_comm=swapper/0 prev_pid=0 prev_prio=120 prev_state=R ==> next_comm=kworker/u16:1 next_pid=465 next_prio=120
          <idle>-0       [001] dnh.. 20026.919065: sched_wakeup: comm=bash pid=563 prio=120 target_cpu=001
   kworker/u16:1-465     [000] d.... 20026.919072: sched_switch: prev_comm=kworker/u16:1 prev_pid=465 prev_prio=120 prev_state=I ==> next_comm=swapper/0 next_pid=0 next_prio=120
          <idle>-0       [001] d.... 20026.919114: sched_switch: prev_comm=swapper/1 prev_pid=0 prev_prio=120 prev_state=R ==> next_comm=bash next_pid=563 next_prio=120
          <idle>-0       [000] dnh.. 20026.919404: sched_wakeup: comm=kworker/u16:1 pid=465 prio=120 target_cpu=000
          <idle>-0       [000] d.... 20026.919442: sched_switch: prev_comm=swapper/0 prev_pid=0 prev_prio=120 prev_state=R ==> next_comm=kworker/u16:1 next_pid=465 next_prio=120
            bash-563     [001] d.... 20026.919467: sched_switch: prev_comm=bash prev_pid=563 prev_prio=120 prev_state=S ==> next_comm=swapper/1 next_pid=0 next_prio=120
   kworker/u16:1-465     [000] d.... 20026.919515: sched_switch: prev_comm=kworker/u16:1 prev_pid=465 prev_prio=120 prev_state=I ==> next_comm=swapper/0 next_pid=0 next_prio=120
          <idle>-0       [002] dnh.. 20026.919533: sched_wakeup: comm=sshd pid=562 prio=120 target_cpu=002
          <idle>-0       [002] d.... 20026.919563: sched_switch: prev_comm=swapper/2 prev_pid=0 prev_prio=120 prev_state=R ==> next_comm=sshd next_pid=562 next_prio=120
            sshd-562     [002] d.... 20026.920210: sched_switch: prev_comm=sshd prev_pid=562 prev_prio=120 prev_state=S ==> next_comm=swapper/2 next_pid=0 next_prio=120
          <idle>-0       [001] dns.. 20026.931681: sched_wakeup: comm=kworker/1:0 pid=592 prio=120 target_cpu=001
          <idle>-0       [001] d.... 20026.931712: sched_switch: prev_comm=swapper/1 prev_pid=0 prev_prio=120 prev_state=R ==> next_comm=kworker/1:0 next_pid=592 next_prio=120
     kworker/1:0-592     [001] d.... 20026.931763: sched_switch: prev_comm=kworker/1:0 prev_pid=592 prev_prio=120 prev_state=I ==> next_comm=swapper/1 next_pid=0 next_prio=120
          <idle>-0       [002] dns.. 20026.999827: sched_wakeup: comm=sshd pid=562 prio=120 target_cpu=002
          <idle>-0       [002] d.... 20026.999928: sched_switch: prev_comm=swapper/2 prev_pid=0 prev_prio=120 prev_state=R ==> next_comm=sshd next_pid=562 next_prio=120
          <idle>-0       [000] dnh.. 20027.000908: sched_wakeup: comm=kworker/u16:1 pid=465 prio=120 target_cpu=000
            sshd-562     [002] d.... 20027.000960: sched_switch: prev_comm=sshd prev_pid=562 prev_prio=120 prev_state=S ==> next_comm=swapper/2 next_pid=0 next_prio=120
          <idle>-0       [000] d.... 20027.000985: sched_switch: prev_comm=swapper/0 prev_pid=0 prev_prio=120 prev_state=R ==> next_comm=kworker/u16:1 next_pid=465 next_prio=120
          <idle>-0       [001] dnh.. 20027.001089: sched_wakeup: comm=bash pid=563 prio=120 target_cpu=001
   kworker/u16:1-465     [000] d.... 20027.001106: sched_switch: prev_comm=kworker/u16:1 prev_pid=465 prev_prio=120 prev_state=I ==> next_comm=swapper/0 next_pid=0 next_prio=120
          <idle>-0       [001] d.... 20027.001126: sched_switch: prev_comm=swapper/1 prev_pid=0 prev_prio=120 prev_state=R ==> next_comm=bash next_pid=563 next_prio=120
          <idle>-0       [000] dnh.. 20027.001442: sched_wakeup: comm=kworker/u16:1 pid=465 prio=120 target_cpu=000
          <idle>-0       [000] d.... 20027.001484: sched_switch: prev_comm=swapper/0 prev_pid=0 prev_prio=120 prev_state=R ==> next_comm=kworker/u16:1 next_pid=465 next_prio=120
            bash-563     [001] d.... 20027.001494: sched_switch: prev_comm=bash prev_pid=563 prev_prio=120 prev_state=S ==> next_comm=swapper/1 next_pid=0 next_prio=120
   kworker/u16:1-465     [000] d.... 20027.001569: sched_switch: prev_comm=kworker/u16:1 prev_pid=465 prev_prio=120 prev_state=I ==> next_comm=swapper/0 next_pid=0 next_prio=120
          <idle>-0       [002] dnh.. 20027.001595: sched_wakeup: comm=sshd pid=562 prio=120 target_cpu=002
          <idle>-0       [002] d.... 20027.001629: sched_switch: prev_comm=swapper/2 prev_pid=0 prev_prio=120 prev_state=R ==> next_comm=sshd next_pid=562 next_prio=120
            sshd-562     [002] d.s.. 20027.001753: sched_wakeup: comm=kworker/2:0 pid=557 prio=120 target_cpu=002
            sshd-562     [002] d.... 20027.002901: sched_switch: prev_comm=sshd prev_pid=562 prev_prio=120 prev_state=S ==> next_comm=kworker/2:0 next_pid=557 next_prio=120
     kworker/2:0-557     [002] d.... 20027.002975: sched_switch: prev_comm=kworker/2:0 prev_pid=557 prev_prio=120 prev_state=I ==> next_comm=swapper/2 next_pid=0 next_prio=120
          <idle>-0       [002] dns.. 20027.071733: sched_wakeup: comm=kcompactd0 pid=44 prio=120 target_cpu=002
          <idle>-0       [002] d.... 20027.071841: sched_switch: prev_comm=swapper/2 prev_pid=0 prev_prio=120 prev_state=R ==> next_comm=kcompactd0 next_pid=44 next_prio=120
      kcompactd0-44      [002] d.... 20027.071882: sched_switch: prev_comm=kcompactd0 prev_pid=44 prev_prio=120 prev_state=S ==> next_comm=swapper/2 next_pid=0 next_prio=120
          <idle>-0       [002] dnh.. 20027.079385: sched_wakeup: comm=sshd pid=562 prio=120 target_cpu=002
          <idle>-0       [002] d.... 20027.079411: sched_switch: prev_comm=swapper/2 prev_pid=0 prev_prio=120 prev_state=R ==> next_comm=sshd next_pid=562 next_prio=120
          <idle>-0       [000] dnh.. 20027.079902: sched_wakeup: comm=kworker/u16:1 pid=465 prio=120 target_cpu=000
          <idle>-0       [000] d.... 20027.079977: sched_switch: prev_comm=swapper/0 prev_pid=0 prev_prio=120 prev_state=R ==> next_comm=kworker/u16:1 next_pid=465 next_prio=120
            sshd-562     [002] d.... 20027.079988: sched_switch: prev_comm=sshd prev_pid=562 prev_prio=120 prev_state=S ==> next_comm=swapper/2 next_pid=0 next_prio=120
   kworker/u16:1-465     [000] d.... 20027.080039: sched_switch: prev_comm=kworker/u16:1 prev_pid=465 prev_prio=120 prev_state=I ==> next_comm=swapper/0 next_pid=0 next_prio=120
          <idle>-0       [001] dnh.. 20027.080050: sched_wakeup: comm=bash pid=563 prio=120 target_cpu=001
          <idle>-0       [001] d.... 20027.080160: sched_switch: prev_comm=swapper/1 prev_pid=0 prev_prio=120 prev_state=R ==> next_comm=bash next_pid=563 next_prio=120
          <idle>-0       [000] dnh.. 20027.080442: sched_wakeup: comm=kworker/u16:1 pid=465 prio=120 target_cpu=000
          <idle>-0       [000] d.... 20027.080462: sched_switch: prev_comm=swapper/0 prev_pid=0 prev_prio=120 prev_state=R ==> next_comm=kworker/u16:1 next_pid=465 next_prio=120
   kworker/u16:1-465     [000] d.... 20027.080500: sched_switch: prev_comm=kworker/u16:1 prev_pid=465 prev_prio=120 prev_state=I ==> next_comm=swapper/0 next_pid=0 next_prio=120
          <idle>-0       [002] dnh.. 20027.080527: sched_wakeup: comm=sshd pid=562 prio=120 target_cpu=002
            bash-563     [001] d.... 20027.080543: sched_switch: prev_comm=bash prev_pid=563 prev_prio=120 prev_state=S ==> next_comm=swapper/1 next_pid=0 next_prio=120
          <idle>-0       [002] d.... 20027.080555: sched_switch: prev_comm=swapper/2 prev_pid=0 prev_prio=120 prev_state=R ==> next_comm=sshd next_pid=562 next_prio=120
            sshd-562     [002] d.... 20027.081168: sched_switch: prev_comm=sshd prev_pid=562 prev_prio=120 prev_state=S ==> next_comm=swapper/2 next_pid=0 next_prio=120
          <idle>-0       [000] dns.. 20027.081751: sched_wakeup: comm=kworker/0:2 pid=568 prio=120 target_cpu=000
          <idle>-0       [000] d.... 20027.081848: sched_switch: prev_comm=swapper/0 prev_pid=0 prev_prio=120 prev_state=R ==> next_comm=kworker/0:2 next_pid=568 next_prio=120
     kworker/0:2-568     [000] d.... 20027.081932: sched_switch: prev_comm=kworker/0:2 prev_pid=568 prev_prio=120 prev_state=I ==> next_comm=swapper/0 next_pid=0 next_prio=120
          <idle>-0       [000] dns.. 20027.141690: sched_wakeup: comm=kworker/0:2 pid=568 prio=120 target_cpu=000
          <idle>-0       [000] d.... 20027.141746: sched_switch: prev_comm=swapper/0 prev_pid=0 prev_prio=120 prev_state=R ==> next_comm=kworker/0:2 next_pid=568 next_prio=120
     kworker/0:2-568     [000] d.... 20027.141804: sched_switch: prev_comm=kworker/0:2 prev_pid=568 prev_prio=120 prev_state=I ==> next_comm=swapper/0 next_pid=0 next_prio=120
          <idle>-0       [002] dns.. 20027.237498: sched_wakeup: comm=sshd pid=562 prio=120 target_cpu=002
          <idle>-0       [002] d.... 20027.237615: sched_switch: prev_comm=swapper/2 prev_pid=0 prev_prio=120 prev_state=R ==> next_comm=sshd next_pid=562 next_prio=120
          <idle>-0       [000] dnh.. 20027.238368: sched_wakeup: comm=kworker/u16:1 pid=465 prio=120 target_cpu=000
          <idle>-0       [000] d.... 20027.238446: sched_switch: prev_comm=swapper/0 prev_pid=0 prev_prio=120 prev_state=R ==> next_comm=kworker/u16:1 next_pid=465 next_prio=120
            sshd-562     [002] d.... 20027.238452: sched_switch: prev_comm=sshd prev_pid=562 prev_prio=120 prev_state=S ==> next_comm=swapper/2 next_pid=0 next_prio=120
          <idle>-0       [001] dnh.. 20027.238551: sched_wakeup: comm=bash pid=563 prio=120 target_cpu=001
   kworker/u16:1-465     [000] d.... 20027.238559: sched_switch: prev_comm=kworker/u16:1 prev_pid=465 prev_prio=120 prev_state=I ==> next_comm=swapper/0 next_pid=0 next_prio=120
          <idle>-0       [001] d.... 20027.238593: sched_switch: prev_comm=swapper/1 prev_pid=0 prev_prio=120 prev_state=R ==> next_comm=bash next_pid=563 next_prio=120
          <idle>-0       [000] dnh.. 20027.238877: sched_wakeup: comm=kworker/u16:1 pid=465 prio=120 target_cpu=000
          <idle>-0       [000] d.... 20027.238915: sched_switch: prev_comm=swapper/0 prev_pid=0 prev_prio=120 prev_state=R ==> next_comm=kworker/u16:1 next_pid=465 next_prio=120
            bash-563     [001] d.... 20027.238941: sched_switch: prev_comm=bash prev_pid=563 prev_prio=120 prev_state=S ==> next_comm=swapper/1 next_pid=0 next_prio=120
   kworker/u16:1-465     [000] d.... 20027.238985: sched_switch: prev_comm=kworker/u16:1 prev_pid=465 prev_prio=120 prev_state=I ==> next_comm=swapper/0 next_pid=0 next_prio=120
          <idle>-0       [002] dnh.. 20027.239024: sched_wakeup: comm=sshd pid=562 prio=120 target_cpu=002
          <idle>-0       [002] d.... 20027.239050: sched_switch: prev_comm=swapper/2 prev_pid=0 prev_prio=120 prev_state=R ==> next_comm=sshd next_pid=562 next_prio=120
            sshd-562     [002] d.... 20027.240182: sched_switch: prev_comm=sshd prev_pid=562 prev_prio=120 prev_state=S ==> next_comm=swapper/2 next_pid=0 next_prio=120
          <idle>-0       [000] dns.. 20027.351782: sched_wakeup: comm=kworker/0:2 pid=568 prio=120 target_cpu=000
          <idle>-0       [000] d.... 20027.351912: sched_switch: prev_comm=swapper/0 prev_pid=0 prev_prio=120 prev_state=R ==> next_comm=kworker/0:2 next_pid=568 next_prio=120
     kworker/0:2-568     [000] d.... 20027.352022: sched_switch: prev_comm=kworker/0:2 prev_pid=568 prev_prio=120 prev_state=I ==> next_comm=swapper/0 next_pid=0 next_prio=120
          <idle>-0       [000] dns.. 20027.371701: sched_wakeup: comm=kworker/0:2 pid=568 prio=120 target_cpu=000
          <idle>-0       [003] dns.. 20027.371750: sched_wakeup: comm=khungtaskd pid=40 prio=120 target_cpu=003
          <idle>-0       [000] d.... 20027.371760: sched_switch: prev_comm=swapper/0 prev_pid=0 prev_prio=120 prev_state=R ==> next_comm=kworker/0:2 next_pid=568 next_prio=120
     kworker/0:2-568     [000] d.... 20027.371796: sched_switch: prev_comm=kworker/0:2 prev_pid=568 prev_prio=120 prev_state=I ==> next_comm=swapper/0 next_pid=0 next_prio=120
          <idle>-0       [003] d.... 20027.371843: sched_switch: prev_comm=swapper/3 prev_pid=0 prev_prio=120 prev_state=R ==> next_comm=khungtaskd next_pid=40 next_prio=120
      khungtaskd-40      [003] d.... 20027.371982: sched_switch: prev_comm=khungtaskd prev_pid=40 prev_prio=120 prev_state=S ==> next_comm=swapper/3 next_pid=0 next_prio=120
          <idle>-0       [003] dns.. 20027.561709: sched_wakeup: comm=kworker/3:1 pid=570 prio=120 target_cpu=003
          <idle>-0       [003] d.... 20027.561771: sched_switch: prev_comm=swapper/3 prev_pid=0 prev_prio=120 prev_state=R ==> next_comm=kworker/3:1 next_pid=570 next_prio=120
     kworker/3:1-570     [003] d.... 20027.561883: sched_switch: prev_comm=kworker/3:1 prev_pid=570 prev_prio=120 prev_state=I ==> next_comm=swapper/3 next_pid=0 next_prio=120
          <idle>-0       [002] dnH.. 20027.581801: sched_wakeup: comm=kcompactd0 pid=44 prio=120 target_cpu=002
          <idle>-0       [002] d.... 20027.581902: sched_switch: prev_comm=swapper/2 prev_pid=0 prev_prio=120 prev_state=R ==> next_comm=kcompactd0 next_pid=44 next_prio=120
      kcompactd0-44      [002] d.... 20027.581981: sched_switch: prev_comm=kcompactd0 prev_pid=44 prev_prio=120 prev_state=S ==> next_comm=swapper/2 next_pid=0 next_prio=120
          <idle>-0       [003] dns.. 20027.611691: sched_wakeup: comm=kworker/3:1 pid=570 prio=120 target_cpu=003
          <idle>-0       [003] d.... 20027.611743: sched_switch: prev_comm=swapper/3 prev_pid=0 prev_prio=120 prev_state=R ==> next_comm=kworker/3:1 next_pid=570 next_prio=120
     kworker/3:1-570     [003] d.... 20027.611830: sched_switch: prev_comm=kworker/3:1 prev_pid=570 prev_prio=120 prev_state=I ==> next_comm=swapper/3 next_pid=0 next_prio=120
          <idle>-0       [001] dnh.. 20027.707726: sched_wakeup: comm=raspbian_proc pid=608 prio=120 target_cpu=001
          <idle>-0       [001] d.... 20027.707772: sched_switch: prev_comm=swapper/1 prev_pid=0 prev_prio=120 prev_state=R ==> next_comm=raspbian_proc next_pid=608 next_prio=120
   raspbian_proc-608     [001] d.... 20027.707916: sched_wakeup: comm=kworker/1:0 pid=592 prio=120 target_cpu=001
   raspbian_proc-608     [001] d.... 20027.708026: sched_switch: prev_comm=raspbian_proc prev_pid=608 prev_prio=120 prev_state=S ==> next_comm=kworker/1:0 next_pid=592 next_prio=120
     kworker/1:0-592     [001] d.... 20027.708243: sched_switch: prev_comm=kworker/1:0 prev_pid=592 prev_prio=120 prev_state=I ==> next_comm=swapper/1 next_pid=0 next_prio=120
          <idle>-0       [001] dns.. 20027.771726: sched_wakeup: comm=kworker/1:0 pid=592 prio=120 target_cpu=001
          <idle>-0       [001] d.... 20027.771790: sched_switch: prev_comm=swapper/1 prev_pid=0 prev_prio=120 prev_state=R ==> next_comm=kworker/1:0 next_pid=592 next_prio=120
     kworker/1:0-592     [001] d.... 20027.771846: sched_switch: prev_comm=kworker/1:0 prev_pid=592 prev_prio=120 prev_state=I ==> next_comm=swapper/1 next_pid=0 next_prio=120
          <idle>-0       [001] dns.. 20027.981696: sched_wakeup: comm=kworker/1:0 pid=592 prio=120 target_cpu=001
          <idle>-0       [001] d.... 20027.981767: sched_switch: prev_comm=swapper/1 prev_pid=0 prev_prio=120 prev_state=R ==> next_comm=kworker/1:0 next_pid=592 next_prio=120
     kworker/1:0-592     [001] d.... 20027.981822: sched_switch: prev_comm=kworker/1:0 prev_pid=592 prev_prio=120 prev_state=I ==> next_comm=swapper/1 next_pid=0 next_prio=120
          <idle>-0       [000] dns.. 20028.091775: sched_wakeup: comm=kworker/0:2 pid=568 prio=120 target_cpu=000
          <idle>-0       [002] dnH.. 20028.091803: sched_wakeup: comm=kcompactd0 pid=44 prio=120 target_cpu=002
          <idle>-0       [002] d.... 20028.091902: sched_switch: prev_comm=swapper/2 prev_pid=0 prev_prio=120 prev_state=R ==> next_comm=kcompactd0 next_pid=44 next_prio=120
          <idle>-0       [000] d.... 20028.091949: sched_switch: prev_comm=swapper/0 prev_pid=0 prev_prio=120 prev_state=R ==> next_comm=kworker/0:2 next_pid=568 next_prio=120
      kcompactd0-44      [002] d.... 20028.091974: sched_switch: prev_comm=kcompactd0 prev_pid=44 prev_prio=120 prev_state=S ==> next_comm=swapper/2 next_pid=0 next_prio=120
     kworker/0:2-568     [000] d.... 20028.092235: sched_switch: prev_comm=kworker/0:2 prev_pid=568 prev_prio=120 prev_state=I ==> next_comm=swapper/0 next_pid=0 next_prio=120
          <idle>-0       [001] dns.. 20028.191701: sched_wakeup: comm=kworker/1:0 pid=592 prio=120 target_cpu=001
          <idle>-0       [001] d.... 20028.191764: sched_switch: prev_comm=swapper/1 prev_pid=0 prev_prio=120 prev_state=R ==> next_comm=kworker/1:0 next_pid=592 next_prio=120
     kworker/1:0-592     [001] d.... 20028.191820: sched_switch: prev_comm=kworker/1:0 prev_pid=592 prev_prio=120 prev_state=I ==> next_comm=swapper/1 next_pid=0 next_prio=120
          <idle>-0       [001] dnh.. 20028.251691: sched_wakeup: comm=kworker/1:0 pid=592 prio=120 target_cpu=001
          <idle>-0       [003] dns.. 20028.251758: sched_wakeup: comm=kworker/3:1 pid=570 prio=120 target_cpu=003
          <idle>-0       [001] d.... 20028.251759: sched_switch: prev_comm=swapper/1 prev_pid=0 prev_prio=120 prev_state=R ==> next_comm=kworker/1:0 next_pid=592 next_prio=120
     kworker/1:0-592     [001] d.... 20028.251817: sched_switch: prev_comm=kworker/1:0 prev_pid=592 prev_prio=120 prev_state=I ==> next_comm=swapper/1 next_pid=0 next_prio=120
          <idle>-0       [003] d.... 20028.251880: sched_switch: prev_comm=swapper/3 prev_pid=0 prev_prio=120 prev_state=R ==> next_comm=kworker/3:1 next_pid=570 next_prio=120
     kworker/3:1-570     [003] d.... 20028.252117: sched_switch: prev_comm=kworker/3:1 prev_pid=570 prev_prio=120 prev_state=I ==> next_comm=swapper/3 next_pid=0 next_prio=120
          <idle>-0       [001] dns.. 20028.401695: sched_wakeup: comm=kworker/1:0 pid=592 prio=120 target_cpu=001
          <idle>-0       [001] d.... 20028.401758: sched_switch: prev_comm=swapper/1 prev_pid=0 prev_prio=120 prev_state=R ==> next_comm=kworker/1:0 next_pid=592 next_prio=120
     kworker/1:0-592     [001] d.... 20028.401813: sched_switch: prev_comm=kworker/1:0 prev_pid=592 prev_prio=120 prev_state=I ==> next_comm=swapper/1 next_pid=0 next_prio=120
          <idle>-0       [002] dnH.. 20028.601803: sched_wakeup: comm=kcompactd0 pid=44 prio=120 target_cpu=002
          <idle>-0       [002] dns.. 20028.601870: sched_wakeup: comm=kworker/2:0 pid=557 prio=120 target_cpu=002
          <idle>-0       [002] d.... 20028.601961: sched_switch: prev_comm=swapper/2 prev_pid=0 prev_prio=120 prev_state=R ==> next_comm=kworker/2:0 next_pid=557 next_prio=120
     kworker/2:0-557     [002] d.... 20028.602160: sched_switch: prev_comm=kworker/2:0 prev_pid=557 prev_prio=120 prev_state=I ==> next_comm=kcompactd0 next_pid=44 next_prio=120
      kcompactd0-44      [002] d.... 20028.602219: sched_switch: prev_comm=kcompactd0 prev_pid=44 prev_prio=120 prev_state=S ==> next_comm=swapper/2 next_pid=0 next_prio=120
          <idle>-0       [001] dns.. 20028.611706: sched_wakeup: comm=kworker/1:0 pid=592 prio=120 target_cpu=001
          <idle>-0       [001] d.... 20028.611745: sched_switch: prev_comm=swapper/1 prev_pid=0 prev_prio=120 prev_state=R ==> next_comm=kworker/1:0 next_pid=592 next_prio=120
     kworker/1:0-592     [001] d.... 20028.611800: sched_switch: prev_comm=kworker/1:0 prev_pid=592 prev_prio=120 prev_state=I ==> next_comm=swapper/1 next_pid=0 next_prio=120
          <idle>-0       [001] dns.. 20028.651686: sched_wakeup: comm=kworker/1:0 pid=592 prio=120 target_cpu=001
          <idle>-0       [001] d.... 20028.651744: sched_switch: prev_comm=swapper/1 prev_pid=0 prev_prio=120 prev_state=R ==> next_comm=kworker/1:0 next_pid=592 next_prio=120
     kworker/1:0-592     [001] d.... 20028.651836: sched_switch: prev_comm=kworker/1:0 prev_pid=592 prev_prio=120 prev_state=I ==> next_comm=swapper/1 next_pid=0 next_prio=120
          <idle>-0       [002] dnh.. 20028.814750: sched_wakeup: comm=sshd pid=562 prio=120 target_cpu=002
          <idle>-0       [002] d.... 20028.814789: sched_switch: prev_comm=swapper/2 prev_pid=0 prev_prio=120 prev_state=R ==> next_comm=sshd next_pid=562 next_prio=120
          <idle>-0       [000] dnh.. 20028.815280: sched_wakeup: comm=kworker/u16:1 pid=465 prio=120 target_cpu=000
          <idle>-0       [000] d.... 20028.815321: sched_switch: prev_comm=swapper/0 prev_pid=0 prev_prio=120 prev_state=R ==> next_comm=kworker/u16:1 next_pid=465 next_prio=120
   kworker/u16:1-465     [000] d.... 20028.815384: sched_switch: prev_comm=kworker/u16:1 prev_pid=465 prev_prio=120 prev_state=I ==> next_comm=swapper/0 next_pid=0 next_prio=120
          <idle>-0       [001] dnh.. 20028.815401: sched_wakeup: comm=bash pid=563 prio=120 target_cpu=001
            sshd-562     [002] d.... 20028.815403: sched_switch: prev_comm=sshd prev_pid=562 prev_prio=120 prev_state=S ==> next_comm=swapper/2 next_pid=0 next_prio=120
          <idle>-0       [001] d.... 20028.815446: sched_switch: prev_comm=swapper/1 prev_pid=0 prev_prio=120 prev_state=R ==> next_comm=bash next_pid=563 next_prio=120
          <idle>-0       [000] dnh.. 20028.815797: sched_wakeup: comm=kworker/u16:1 pid=465 prio=120 target_cpu=000
            bash-563     [001] d.... 20028.815831: sched_switch: prev_comm=bash prev_pid=563 prev_prio=120 prev_state=S ==> next_comm=swapper/1 next_pid=0 next_prio=120
          <idle>-0       [000] d.... 20028.815846: sched_switch: prev_comm=swapper/0 prev_pid=0 prev_prio=120 prev_state=R ==> next_comm=kworker/u16:1 next_pid=465 next_prio=120
   kworker/u16:1-465     [000] d.... 20028.815945: sched_switch: prev_comm=kworker/u16:1 prev_pid=465 prev_prio=120 prev_state=I ==> next_comm=swapper/0 next_pid=0 next_prio=120
          <idle>-0       [002] dnh.. 20028.815951: sched_wakeup: comm=sshd pid=562 prio=120 target_cpu=002
          <idle>-0       [002] d.... 20028.815977: sched_switch: prev_comm=swapper/2 prev_pid=0 prev_prio=120 prev_state=R ==> next_comm=sshd next_pid=562 next_prio=120
            sshd-562     [002] d.... 20028.816631: sched_switch: prev_comm=sshd prev_pid=562 prev_prio=120 prev_state=S ==> next_comm=swapper/2 next_pid=0 next_prio=120
          <idle>-0       [001] dns.. 20028.821711: sched_wakeup: comm=kworker/1:0 pid=592 prio=120 target_cpu=001
          <idle>-0       [001] d.... 20028.821775: sched_switch: prev_comm=swapper/1 prev_pid=0 prev_prio=120 prev_state=R ==> next_comm=kworker/1:0 next_pid=592 next_prio=120
          <idle>-0       [000] dns.. 20028.821791: sched_wakeup: comm=kworker/u16:1 pid=465 prio=120 target_cpu=000
     kworker/1:0-592     [001] d.... 20028.821829: sched_switch: prev_comm=kworker/1:0 prev_pid=592 prev_prio=120 prev_state=I ==> next_comm=swapper/1 next_pid=0 next_prio=120
          <idle>-0       [000] d.... 20028.821883: sched_switch: prev_comm=swapper/0 prev_pid=0 prev_prio=120 prev_state=R ==> next_comm=kworker/u16:1 next_pid=465 next_prio=120
   kworker/u16:1-465     [000] d.... 20028.821989: sched_switch: prev_comm=kworker/u16:1 prev_pid=465 prev_prio=120 prev_state=I ==> next_comm=swapper/0 next_pid=0 next_prio=120
          <idle>-0       [001] dns.. 20029.031698: sched_wakeup: comm=kworker/1:0 pid=592 prio=120 target_cpu=001
          <idle>-0       [001] d.... 20029.031763: sched_switch: prev_comm=swapper/1 prev_pid=0 prev_prio=120 prev_state=R ==> next_comm=kworker/1:0 next_pid=592 next_prio=120
     kworker/1:0-592     [001] d.... 20029.031819: sched_switch: prev_comm=kworker/1:0 prev_pid=592 prev_prio=120 prev_state=I ==> next_comm=swapper/1 next_pid=0 next_prio=120
          <idle>-0       [002] dnh.. 20029.073107: sched_wakeup: comm=sshd pid=562 prio=120 target_cpu=002
          <idle>-0       [002] d.... 20029.073192: sched_switch: prev_comm=swapper/2 prev_pid=0 prev_prio=120 prev_state=R ==> next_comm=sshd next_pid=562 next_prio=120
          <idle>-0       [000] dnh.. 20029.073975: sched_wakeup: comm=kworker/u16:1 pid=465 prio=120 target_cpu=000
            sshd-562     [002] d.... 20029.074031: sched_switch: prev_comm=sshd prev_pid=562 prev_prio=120 prev_state=S ==> next_comm=swapper/2 next_pid=0 next_prio=120
          <idle>-0       [000] d.... 20029.074063: sched_switch: prev_comm=swapper/0 prev_pid=0 prev_prio=120 prev_state=R ==> next_comm=kworker/u16:1 next_pid=465 next_prio=120
          <idle>-0       [001] dnh.. 20029.074169: sched_wakeup: comm=bash pid=563 prio=120 target_cpu=001
   kworker/u16:1-465     [000] d.... 20029.074180: sched_switch: prev_comm=kworker/u16:1 prev_pid=465 prev_prio=120 prev_state=I ==> next_comm=swapper/0 next_pid=0 next_prio=120
          <idle>-0       [001] d.... 20029.074206: sched_switch: prev_comm=swapper/1 prev_pid=0 prev_prio=120 prev_state=R ==> next_comm=bash next_pid=563 next_prio=120
          <idle>-0       [000] dnh.. 20029.074489: sched_wakeup: comm=kworker/u16:1 pid=465 prio=120 target_cpu=000
            bash-563     [001] d.... 20029.074524: sched_switch: prev_comm=bash prev_pid=563 prev_prio=120 prev_state=S ==> next_comm=swapper/1 next_pid=0 next_prio=120
          <idle>-0       [000] d.... 20029.074531: sched_switch: prev_comm=swapper/0 prev_pid=0 prev_prio=120 prev_state=R ==> next_comm=kworker/u16:1 next_pid=465 next_prio=120
   kworker/u16:1-465     [000] d.... 20029.074616: sched_switch: prev_comm=kworker/u16:1 prev_pid=465 prev_prio=120 prev_state=I ==> next_comm=swapper/0 next_pid=0 next_prio=120
          <idle>-0       [002] dnh.. 20029.074616: sched_wakeup: comm=sshd pid=562 prio=120 target_cpu=002
          <idle>-0       [002] d.... 20029.074640: sched_switch: prev_comm=swapper/2 prev_pid=0 prev_prio=120 prev_state=R ==> next_comm=sshd next_pid=562 next_prio=120
            sshd-562     [002] d.... 20029.075225: sched_switch: prev_comm=sshd prev_pid=562 prev_prio=120 prev_state=S ==> next_comm=swapper/2 next_pid=0 next_prio=120
          <idle>-0       [000] dns.. 20029.081698: sched_wakeup: comm=kworker/0:2 pid=568 prio=120 target_cpu=000
          <idle>-0       [000] d.... 20029.081743: sched_switch: prev_comm=swapper/0 prev_pid=0 prev_prio=120 prev_state=R ==> next_comm=kworker/0:2 next_pid=568 next_prio=120
     kworker/0:2-568     [000] d.... 20029.081867: sched_switch: prev_comm=kworker/0:2 prev_pid=568 prev_prio=120 prev_state=I ==> next_comm=swapper/0 next_pid=0 next_prio=120
          <idle>-0       [002] dns.. 20029.111767: sched_wakeup: comm=kcompactd0 pid=44 prio=120 target_cpu=002
          <idle>-0       [002] d.... 20029.111888: sched_switch: prev_comm=swapper/2 prev_pid=0 prev_prio=120 prev_state=R ==> next_comm=kcompactd0 next_pid=44 next_prio=120
      kcompactd0-44      [002] d.... 20029.111952: sched_switch: prev_comm=kcompactd0 prev_pid=44 prev_prio=120 prev_state=S ==> next_comm=swapper/2 next_pid=0 next_prio=120
          <idle>-0       [002] dns.. 20029.233045: sched_wakeup: comm=sshd pid=562 prio=120 target_cpu=002
          <idle>-0       [002] d.... 20029.233099: sched_switch: prev_comm=swapper/2 prev_pid=0 prev_prio=120 prev_state=R ==> next_comm=sshd next_pid=562 next_prio=120
          <idle>-0       [000] dnh.. 20029.233820: sched_wakeup: comm=kworker/u16:1 pid=465 prio=120 target_cpu=000
          <idle>-0       [000] d.... 20029.233890: sched_switch: prev_comm=swapper/0 prev_pid=0 prev_prio=120 prev_state=R ==> next_comm=kworker/u16:1 next_pid=465 next_prio=120
          <idle>-0       [001] dnh.. 20029.233993: sched_wakeup: comm=bash pid=563 prio=120 target_cpu=001
   kworker/u16:1-465     [000] d.... 20029.234003: sched_switch: prev_comm=kworker/u16:1 prev_pid=465 prev_prio=120 prev_state=I ==> next_comm=swapper/0 next_pid=0 next_prio=120
            sshd-562     [002] d.... 20029.234009: sched_switch: prev_comm=sshd prev_pid=562 prev_prio=120 prev_state=S ==> next_comm=swapper/2 next_pid=0 next_prio=120
          <idle>-0       [001] d.... 20029.234089: sched_switch: prev_comm=swapper/1 prev_pid=0 prev_prio=120 prev_state=R ==> next_comm=bash next_pid=563 next_prio=120
          <idle>-0       [000] dnh.. 20029.234356: sched_wakeup: comm=kworker/u16:1 pid=465 prio=120 target_cpu=000
          <idle>-0       [000] d.... 20029.234378: sched_switch: prev_comm=swapper/0 prev_pid=0 prev_prio=120 prev_state=R ==> next_comm=kworker/u16:1 next_pid=465 next_prio=120
   kworker/u16:1-465     [000] d.... 20029.234421: sched_switch: prev_comm=kworker/u16:1 prev_pid=465 prev_prio=120 prev_state=I ==> next_comm=swapper/0 next_pid=0 next_prio=120
            bash-563     [001] d.... 20029.234426: sched_switch: prev_comm=bash prev_pid=563 prev_prio=120 prev_state=S ==> next_comm=swapper/1 next_pid=0 next_prio=120
          <idle>-0       [002] dnh.. 20029.234459: sched_wakeup: comm=sshd pid=562 prio=120 target_cpu=002
          <idle>-0       [002] d.... 20029.234487: sched_switch: prev_comm=swapper/2 prev_pid=0 prev_prio=120 prev_state=R ==> next_comm=sshd next_pid=562 next_prio=120
            sshd-562     [002] d.... 20029.235114: sched_switch: prev_comm=sshd prev_pid=562 prev_prio=120 prev_state=S ==> next_comm=swapper/2 next_pid=0 next_prio=120
          <idle>-0       [001] dns.. 20029.241694: sched_wakeup: comm=kworker/1:0 pid=592 prio=120 target_cpu=001
          <idle>-0       [001] d.... 20029.241740: sched_switch: prev_comm=swapper/1 prev_pid=0 prev_prio=120 prev_state=R ==> next_comm=kworker/1:0 next_pid=592 next_prio=120
     kworker/1:0-592     [001] d.... 20029.241792: sched_switch: prev_comm=kworker/1:0 prev_pid=592 prev_prio=120 prev_state=I ==> next_comm=swapper/1 next_pid=0 next_prio=120
          <idle>-0       [002] dns.. 20029.291783: sched_wakeup: comm=kworker/2:0 pid=557 prio=120 target_cpu=002
          <idle>-0       [002] d.... 20029.291902: sched_switch: prev_comm=swapper/2 prev_pid=0 prev_prio=120 prev_state=R ==> next_comm=kworker/2:0 next_pid=557 next_prio=120
     kworker/2:0-557     [002] d.... 20029.292003: sched_switch: prev_comm=kworker/2:0 prev_pid=557 prev_prio=120 prev_state=I ==> next_comm=swapper/2 next_pid=0 next_prio=120
          <idle>-0       [002] dnh.. 20029.412490: sched_wakeup: comm=sshd pid=562 prio=120 target_cpu=002
          <idle>-0       [002] d.... 20029.412580: sched_switch: prev_comm=swapper/2 prev_pid=0 prev_prio=120 prev_state=R ==> next_comm=sshd next_pid=562 next_prio=120
          <idle>-0       [000] dnh.. 20029.413501: sched_wakeup: comm=kworker/u16:1 pid=465 prio=120 target_cpu=000
            sshd-562     [002] d.... 20029.413554: sched_switch: prev_comm=sshd prev_pid=562 prev_prio=120 prev_state=S ==> next_comm=swapper/2 next_pid=0 next_prio=120
          <idle>-0       [000] d.... 20029.413568: sched_switch: prev_comm=swapper/0 prev_pid=0 prev_prio=120 prev_state=R ==> next_comm=kworker/u16:1 next_pid=465 next_prio=120
          <idle>-0       [001] dnh.. 20029.413672: sched_wakeup: comm=bash pid=563 prio=120 target_cpu=001
   kworker/u16:1-465     [000] d.... 20029.413682: sched_switch: prev_comm=kworker/u16:1 prev_pid=465 prev_prio=120 prev_state=I ==> next_comm=swapper/0 next_pid=0 next_prio=120
          <idle>-0       [001] d.... 20029.413713: sched_switch: prev_comm=swapper/1 prev_pid=0 prev_prio=120 prev_state=R ==> next_comm=bash next_pid=563 next_prio=120
          <idle>-0       [000] dnh.. 20029.414022: sched_wakeup: comm=kworker/u16:1 pid=465 prio=120 target_cpu=000
          <idle>-0       [000] d.... 20029.414065: sched_switch: prev_comm=swapper/0 prev_pid=0 prev_prio=120 prev_state=R ==> next_comm=kworker/u16:1 next_pid=465 next_prio=120
            bash-563     [001] d.... 20029.414114: sched_switch: prev_comm=bash prev_pid=563 prev_prio=120 prev_state=S ==> next_comm=swapper/1 next_pid=0 next_prio=120
   kworker/u16:1-465     [000] d.... 20029.414156: sched_switch: prev_comm=kworker/u16:1 prev_pid=465 prev_prio=120 prev_state=I ==> next_comm=swapper/0 next_pid=0 next_prio=120
          <idle>-0       [002] dnh.. 20029.414173: sched_wakeup: comm=sshd pid=562 prio=120 target_cpu=002
          <idle>-0       [002] d.... 20029.414199: sched_switch: prev_comm=swapper/2 prev_pid=0 prev_prio=120 prev_state=R ==> next_comm=sshd next_pid=562 next_prio=120
            sshd-562     [002] d.... 20029.415360: sched_switch: prev_comm=sshd prev_pid=562 prev_prio=120 prev_state=S ==> next_comm=swapper/2 next_pid=0 next_prio=120
          <idle>-0       [001] dns.. 20029.451704: sched_wakeup: comm=kworker/1:0 pid=592 prio=120 target_cpu=001
          <idle>-0       [001] d.... 20029.451774: sched_switch: prev_comm=swapper/1 prev_pid=0 prev_prio=120 prev_state=R ==> next_comm=kworker/1:0 next_pid=592 next_prio=120
          <idle>-0       [000] dnH.. 20029.451788: sched_wakeup: comm=kworker/u16:1 pid=465 prio=120 target_cpu=000
     kworker/1:0-592     [001] d.... 20029.451827: sched_switch: prev_comm=kworker/1:0 prev_pid=592 prev_prio=120 prev_state=I ==> next_comm=swapper/1 next_pid=0 next_prio=120
          <idle>-0       [000] d.... 20029.451891: sched_switch: prev_comm=swapper/0 prev_pid=0 prev_prio=120 prev_state=R ==> next_comm=kworker/u16:1 next_pid=465 next_prio=120
          <idle>-0       [003] dnh.. 20029.451978: sched_wakeup: comm=kworker/u16:2 pid=49 prio=120 target_cpu=003
          <idle>-0       [003] d.... 20029.452024: sched_switch: prev_comm=swapper/3 prev_pid=0 prev_prio=120 prev_state=R ==> next_comm=kworker/u16:2 next_pid=49 next_prio=120
   kworker/u16:2-49      [003] d.... 20029.452102: sched_switch: prev_comm=kworker/u16:2 prev_pid=49 prev_prio=120 prev_state=I ==> next_comm=swapper/3 next_pid=0 next_prio=120
   kworker/u16:1-465     [000] d.... 20029.452204: sched_switch: prev_comm=kworker/u16:1 prev_pid=465 prev_prio=120 prev_state=I ==> next_comm=swapper/0 next_pid=0 next_prio=120
          <idle>-0       [000] dnH.. 20029.611806: sched_wakeup: comm=kworker/u16:1 pid=465 prio=120 target_cpu=000
          <idle>-0       [000] d.... 20029.611921: sched_switch: prev_comm=swapper/0 prev_pid=0 prev_prio=120 prev_state=R ==> next_comm=kworker/u16:1 next_pid=465 next_prio=120
   kworker/u16:1-465     [000] d.... 20029.612026: sched_switch: prev_comm=kworker/u16:1 prev_pid=465 prev_prio=120 prev_state=I ==> next_comm=swapper/0 next_pid=0 next_prio=120
          <idle>-0       [002] dnH.. 20029.621813: sched_wakeup: comm=kcompactd0 pid=44 prio=120 target_cpu=002
          <idle>-0       [002] d.... 20029.621913: sched_switch: prev_comm=swapper/2 prev_pid=0 prev_prio=120 prev_state=R ==> next_comm=kcompactd0 next_pid=44 next_prio=120
      kcompactd0-44      [002] d.... 20029.621987: sched_switch: prev_comm=kcompactd0 prev_pid=44 prev_prio=120 prev_state=S ==> next_comm=swapper/2 next_pid=0 next_prio=120
          <idle>-0       [001] dns.. 20029.661695: sched_wakeup: comm=kworker/1:0 pid=592 prio=120 target_cpu=001
          <idle>-0       [001] d.... 20029.661759: sched_switch: prev_comm=swapper/1 prev_pid=0 prev_prio=120 prev_state=R ==> next_comm=kworker/1:0 next_pid=592 next_prio=120
     kworker/1:0-592     [001] d.... 20029.661815: sched_switch: prev_comm=kworker/1:0 prev_pid=592 prev_prio=120 prev_state=I ==> next_comm=swapper/1 next_pid=0 next_prio=120
          <idle>-0       [001] dns.. 20029.691683: sched_wakeup: comm=kworker/1:0 pid=592 prio=120 target_cpu=001
          <idle>-0       [001] d.... 20029.691742: sched_switch: prev_comm=swapper/1 prev_pid=0 prev_prio=120 prev_state=R ==> next_comm=kworker/1:0 next_pid=592 next_prio=120
     kworker/1:0-592     [001] d.... 20029.691823: sched_switch: prev_comm=kworker/1:0 prev_pid=592 prev_prio=120 prev_state=I ==> next_comm=swapper/1 next_pid=0 next_prio=120
          <idle>-0       [002] dns.. 20029.771262: sched_wakeup: comm=sshd pid=562 prio=120 target_cpu=002
          <idle>-0       [002] d.... 20029.771366: sched_switch: prev_comm=swapper/2 prev_pid=0 prev_prio=120 prev_state=R ==> next_comm=sshd next_pid=562 next_prio=120
          <idle>-0       [000] dnh.. 20029.772361: sched_wakeup: comm=kworker/u16:1 pid=465 prio=120 target_cpu=000
          <idle>-0       [000] d.... 20029.772410: sched_switch: prev_comm=swapper/0 prev_pid=0 prev_prio=120 prev_state=R ==> next_comm=kworker/u16:1 next_pid=465 next_prio=120
            sshd-562     [002] d.... 20029.772455: sched_switch: prev_comm=sshd prev_pid=562 prev_prio=120 prev_state=S ==> next_comm=swapper/2 next_pid=0 next_prio=120
   kworker/u16:1-465     [000] d.... 20029.772470: sched_switch: prev_comm=kworker/u16:1 prev_pid=465 prev_prio=120 prev_state=I ==> next_comm=swapper/0 next_pid=0 next_prio=120
          <idle>-0       [001] dnh.. 20029.772486: sched_wakeup: comm=bash pid=563 prio=120 target_cpu=001
          <idle>-0       [001] d.... 20029.772521: sched_switch: prev_comm=swapper/1 prev_pid=0 prev_prio=120 prev_state=R ==> next_comm=bash next_pid=563 next_prio=120
          <idle>-0       [000] dnh.. 20029.772801: sched_wakeup: comm=kworker/u16:1 pid=465 prio=120 target_cpu=000
          <idle>-0       [000] d.... 20029.772823: sched_switch: prev_comm=swapper/0 prev_pid=0 prev_prio=120 prev_state=R ==> next_comm=kworker/u16:1 next_pid=465 next_prio=120
   kworker/u16:1-465     [000] d.... 20029.772864: sched_switch: prev_comm=kworker/u16:1 prev_pid=465 prev_prio=120 prev_state=I ==> next_comm=swapper/0 next_pid=0 next_prio=120
            bash-563     [001] d.... 20029.772877: sched_switch: prev_comm=bash prev_pid=563 prev_prio=120 prev_state=S ==> next_comm=swapper/1 next_pid=0 next_prio=120
          <idle>-0       [002] dnh.. 20029.772910: sched_wakeup: comm=sshd pid=562 prio=120 target_cpu=002
          <idle>-0       [002] d.... 20029.772943: sched_switch: prev_comm=swapper/2 prev_pid=0 prev_prio=120 prev_state=R ==> next_comm=sshd next_pid=562 next_prio=120
            sshd-562     [002] d.... 20029.774103: sched_switch: prev_comm=sshd prev_pid=562 prev_prio=120 prev_state=S ==> next_comm=swapper/2 next_pid=0 next_prio=120
          <idle>-0       [001] dns.. 20029.871688: sched_wakeup: comm=kworker/1:0 pid=592 prio=120 target_cpu=001
          <idle>-0       [001] d.... 20029.871754: sched_switch: prev_comm=swapper/1 prev_pid=0 prev_prio=120 prev_state=R ==> next_comm=kworker/1:0 next_pid=592 next_prio=120
     kworker/1:0-592     [001] d.... 20029.871810: sched_switch: prev_comm=kworker/1:0 prev_pid=592 prev_prio=120 prev_state=I ==> next_comm=swapper/1 next_pid=0 next_prio=120
          <idle>-0       [001] dns.. 20030.081703: sched_wakeup: comm=kworker/1:0 pid=592 prio=120 target_cpu=001
          <idle>-0       [001] d.... 20030.081768: sched_switch: prev_comm=swapper/1 prev_pid=0 prev_prio=120 prev_state=R ==> next_comm=kworker/1:0 next_pid=592 next_prio=120
     kworker/1:0-592     [001] d.... 20030.081821: sched_switch: prev_comm=kworker/1:0 prev_pid=592 prev_prio=120 prev_state=I ==> next_comm=swapper/1 next_pid=0 next_prio=120
          <idle>-0       [000] dns.. 20030.131774: sched_wakeup: comm=kworker/0:2 pid=568 prio=120 target_cpu=000
          <idle>-0       [002] dnH.. 20030.131814: sched_wakeup: comm=kcompactd0 pid=44 prio=120 target_cpu=002
          <idle>-0       [000] d.... 20030.131911: sched_switch: prev_comm=swapper/0 prev_pid=0 prev_prio=120 prev_state=R ==> next_comm=kworker/0:2 next_pid=568 next_prio=120
          <idle>-0       [002] d.... 20030.131920: sched_switch: prev_comm=swapper/2 prev_pid=0 prev_prio=120 prev_state=R ==> next_comm=kcompactd0 next_pid=44 next_prio=120
      kcompactd0-44      [002] d.... 20030.131994: sched_switch: prev_comm=kcompactd0 prev_pid=44 prev_prio=120 prev_state=S ==> next_comm=swapper/2 next_pid=0 next_prio=120
     kworker/0:2-568     [000] d.... 20030.132054: sched_switch: prev_comm=kworker/0:2 prev_pid=568 prev_prio=120 prev_state=I ==> next_comm=swapper/0 next_pid=0 next_prio=120
          <idle>-0       [001] dns.. 20030.291701: sched_wakeup: comm=kworker/1:0 pid=592 prio=120 target_cpu=001
          <idle>-0       [001] d.... 20030.291758: sched_switch: prev_comm=swapper/1 prev_pid=0 prev_prio=120 prev_state=R ==> next_comm=kworker/1:0 next_pid=592 next_prio=120
     kworker/1:0-592     [001] d.... 20030.291809: sched_switch: prev_comm=kworker/1:0 prev_pid=592 prev_prio=120 prev_state=I ==> next_comm=swapper/1 next_pid=0 next_prio=120
          <idle>-0       [001] dns.. 20030.331695: sched_wakeup: comm=kworker/1:0 pid=592 prio=120 target_cpu=001
          <idle>-0       [001] d.... 20030.331747: sched_switch: prev_comm=swapper/1 prev_pid=0 prev_prio=120 prev_state=R ==> next_comm=kworker/1:0 next_pid=592 next_prio=120
     kworker/1:0-592     [001] d.h.. 20030.331825: sched_wakeup: comm=kworker/1:0 pid=592 prio=120 target_cpu=001
     kworker/1:0-592     [001] d.... 20030.331903: sched_switch: prev_comm=kworker/1:0 prev_pid=592 prev_prio=120 prev_state=I ==> next_comm=swapper/1 next_pid=0 next_prio=120
          <idle>-0       [002] dnh.. 20030.348963: sched_wakeup: comm=sshd pid=562 prio=120 target_cpu=002
          <idle>-0       [002] d.... 20030.349063: sched_switch: prev_comm=swapper/2 prev_pid=0 prev_prio=120 prev_state=R ==> next_comm=sshd next_pid=562 next_prio=120
          <idle>-0       [000] dnh.. 20030.349868: sched_wakeup: comm=kworker/u16:1 pid=465 prio=120 target_cpu=000
          <idle>-0       [000] d.... 20030.349932: sched_switch: prev_comm=swapper/0 prev_pid=0 prev_prio=120 prev_state=R ==> next_comm=kworker/u16:1 next_pid=465 next_prio=120
   kworker/u16:1-465     [000] d.... 20030.350035: sched_switch: prev_comm=kworker/u16:1 prev_pid=465 prev_prio=120 prev_state=I ==> next_comm=swapper/0 next_pid=0 next_prio=120
          <idle>-0       [001] dnh.. 20030.350043: sched_wakeup: comm=bash pid=563 prio=120 target_cpu=001
            sshd-562     [002] d.... 20030.350068: sched_switch: prev_comm=sshd prev_pid=562 prev_prio=120 prev_state=S ==> next_comm=swapper/2 next_pid=0 next_prio=120
          <idle>-0       [001] d.... 20030.350079: sched_switch: prev_comm=swapper/1 prev_pid=0 prev_prio=120 prev_state=R ==> next_comm=bash next_pid=563 next_prio=120
          <idle>-0       [000] dnh.. 20030.350365: sched_wakeup: comm=kworker/u16:1 pid=465 prio=120 target_cpu=000
          <idle>-0       [000] d.... 20030.350391: sched_switch: prev_comm=swapper/0 prev_pid=0 prev_prio=120 prev_state=R ==> next_comm=kworker/u16:1 next_pid=465 next_prio=120
   kworker/u16:1-465     [000] d.... 20030.350433: sched_switch: prev_comm=kworker/u16:1 prev_pid=465 prev_prio=120 prev_state=I ==> next_comm=swapper/0 next_pid=0 next_prio=120
            bash-563     [001] d.... 20030.350446: sched_switch: prev_comm=bash prev_pid=563 prev_prio=120 prev_state=S ==> next_comm=swapper/1 next_pid=0 next_prio=120
          <idle>-0       [002] dnh.. 20030.350475: sched_wakeup: comm=sshd pid=562 prio=120 target_cpu=002
          <idle>-0       [002] d.... 20030.350504: sched_switch: prev_comm=swapper/2 prev_pid=0 prev_prio=120 prev_state=R ==> next_comm=sshd next_pid=562 next_prio=120
            sshd-562     [002] d.... 20030.351268: sched_switch: prev_comm=sshd prev_pid=562 prev_prio=120 prev_state=S ==> next_comm=swapper/2 next_pid=0 next_prio=120
          <idle>-0       [001] dns.. 20030.501682: sched_wakeup: comm=kworker/1:0 pid=592 prio=120 target_cpu=001
          <idle>-0       [000] dns.. 20030.501706: sched_wakeup: comm=kworker/0:2 pid=568 prio=120 target_cpu=000
          <idle>-0       [001] d.... 20030.501750: sched_switch: prev_comm=swapper/1 prev_pid=0 prev_prio=120 prev_state=R ==> next_comm=kworker/1:0 next_pid=592 next_prio=120
          <idle>-0       [000] d.... 20030.501767: sched_switch: prev_comm=swapper/0 prev_pid=0 prev_prio=120 prev_state=R ==> next_comm=kworker/0:2 next_pid=568 next_prio=120
     kworker/1:0-592     [001] d.... 20030.501807: sched_switch: prev_comm=kworker/1:0 prev_pid=592 prev_prio=120 prev_state=I ==> next_comm=swapper/1 next_pid=0 next_prio=120
     kworker/0:2-568     [000] d.... 20030.501810: sched_switch: prev_comm=kworker/0:2 prev_pid=568 prev_prio=120 prev_state=I ==> next_comm=swapper/0 next_pid=0 next_prio=120
          <idle>-0       [002] dns.. 20030.641760: sched_wakeup: comm=kcompactd0 pid=44 prio=120 target_cpu=002
          <idle>-0       [002] d.... 20030.641867: sched_switch: prev_comm=swapper/2 prev_pid=0 prev_prio=120 prev_state=R ==> next_comm=kcompactd0 next_pid=44 next_prio=120
      kcompactd0-44      [002] d.... 20030.641944: sched_switch: prev_comm=kcompactd0 prev_pid=44 prev_prio=120 prev_state=S ==> next_comm=swapper/2 next_pid=0 next_prio=120
          <idle>-0       [001] dnh.. 20030.708073: sched_wakeup: comm=raspbian_proc pid=608 prio=120 target_cpu=001
          <idle>-0       [001] d.... 20030.708116: sched_switch: prev_comm=swapper/1 prev_pid=0 prev_prio=120 prev_state=R ==> next_comm=raspbian_proc next_pid=608 next_prio=120
   raspbian_proc-608     [001] d.... 20030.708255: sched_wakeup: comm=kworker/1:0 pid=592 prio=120 target_cpu=001
   raspbian_proc-608     [001] d.... 20030.708364: sched_switch: prev_comm=raspbian_proc prev_pid=608 prev_prio=120 prev_state=S ==> next_comm=kworker/1:0 next_pid=592 next_prio=120
     kworker/1:0-592     [001] d.... 20030.708645: sched_switch: prev_comm=kworker/1:0 prev_pid=592 prev_prio=120 prev_state=I ==> next_comm=swapper/1 next_pid=0 next_prio=120
          <idle>-0       [001] dns.. 20030.711684: sched_wakeup: comm=kworker/1:0 pid=592 prio=120 target_cpu=001
          <idle>-0       [001] d.... 20030.711733: sched_switch: prev_comm=swapper/1 prev_pid=0 prev_prio=120 prev_state=R ==> next_comm=kworker/1:0 next_pid=592 next_prio=120
     kworker/1:0-592     [001] d.... 20030.711781: sched_switch: prev_comm=kworker/1:0 prev_pid=592 prev_prio=120 prev_state=I ==> next_comm=swapper/1 next_pid=0 next_prio=120
          <idle>-0       [001] dns.. 20030.731670: sched_wakeup: comm=kworker/1:0 pid=592 prio=120 target_cpu=001
          <idle>-0       [001] d.... 20030.731716: sched_switch: prev_comm=swapper/1 prev_pid=0 prev_prio=120 prev_state=R ==> next_comm=kworker/1:0 next_pid=592 next_prio=120
     kworker/1:0-592     [001] d.... 20030.731794: sched_switch: prev_comm=kworker/1:0 prev_pid=592 prev_prio=120 prev_state=I ==> next_comm=swapper/1 next_pid=0 next_prio=120
          <idle>-0       [002] dnh.. 20030.867019: sched_wakeup: comm=sshd pid=562 prio=120 target_cpu=002
          <idle>-0       [002] d.... 20030.867106: sched_switch: prev_comm=swapper/2 prev_pid=0 prev_prio=120 prev_state=R ==> next_comm=sshd next_pid=562 next_prio=120
          <idle>-0       [000] dnh.. 20030.867693: sched_wakeup: comm=kworker/u16:1 pid=465 prio=120 target_cpu=000
            sshd-562     [002] d.... 20030.867722: sched_switch: prev_comm=sshd prev_pid=562 prev_prio=120 prev_state=S ==> next_comm=swapper/2 next_pid=0 next_prio=120
          <idle>-0       [000] d.... 20030.867770: sched_switch: prev_comm=swapper/0 prev_pid=0 prev_prio=120 prev_state=R ==> next_comm=kworker/u16:1 next_pid=465 next_prio=120
          <idle>-0       [001] dnh.. 20030.867878: sched_wakeup: comm=bash pid=563 prio=120 target_cpu=001
   kworker/u16:1-465     [000] d.... 20030.867887: sched_switch: prev_comm=kworker/u16:1 prev_pid=465 prev_prio=120 prev_state=I ==> next_comm=swapper/0 next_pid=0 next_prio=120
          <idle>-0       [001] d.... 20030.867920: sched_switch: prev_comm=swapper/1 prev_pid=0 prev_prio=120 prev_state=R ==> next_comm=bash next_pid=563 next_prio=120
          <idle>-0       [000] dnh.. 20030.868198: sched_wakeup: comm=kworker/u16:1 pid=465 prio=120 target_cpu=000
          <idle>-0       [000] d.... 20030.868235: sched_switch: prev_comm=swapper/0 prev_pid=0 prev_prio=120 prev_state=R ==> next_comm=kworker/u16:1 next_pid=465 next_prio=120
   kworker/u16:1-465     [000] d.... 20030.868277: sched_switch: prev_comm=kworker/u16:1 prev_pid=465 prev_prio=120 prev_state=I ==> next_comm=swapper/0 next_pid=0 next_prio=120
          <idle>-0       [002] dnh.. 20030.868359: sched_wakeup: comm=sshd pid=562 prio=120 target_cpu=002
          <idle>-0       [002] d.... 20030.868418: sched_switch: prev_comm=swapper/2 prev_pid=0 prev_prio=120 prev_state=R ==> next_comm=sshd next_pid=562 next_prio=120
          <idle>-0       [000] dnh.. 20030.869559: sched_wakeup: comm=kworker/u16:1 pid=465 prio=120 target_cpu=000
            sshd-562     [002] d.... 20030.869597: sched_switch: prev_comm=sshd prev_pid=562 prev_prio=120 prev_state=D ==> next_comm=swapper/2 next_pid=0 next_prio=120
          <idle>-0       [000] d.... 20030.869606: sched_switch: prev_comm=swapper/0 prev_pid=0 prev_prio=120 prev_state=R ==> next_comm=kworker/u16:1 next_pid=465 next_prio=120
   kworker/u16:1-465     [000] d.... 20030.869700: sched_switch: prev_comm=kworker/u16:1 prev_pid=465 prev_prio=120 prev_state=I ==> next_comm=swapper/0 next_pid=0 next_prio=120
          <idle>-0       [002] dnh.. 20030.869715: sched_wakeup: comm=sshd pid=562 prio=120 target_cpu=002
          <idle>-0       [002] d.... 20030.869747: sched_switch: prev_comm=swapper/2 prev_pid=0 prev_prio=120 prev_state=R ==> next_comm=sshd next_pid=562 next_prio=120
            sshd-562     [002] d.... 20030.870321: sched_switch: prev_comm=sshd prev_pid=562 prev_prio=120 prev_state=S ==> next_comm=swapper/2 next_pid=0 next_prio=120
            bash-563     [001] ..... 20030.870483: sys_clone+0xc/0x9c <-ret_fast_syscall+0x0/0x54
            bash-563     [001] ..... 20030.870502: <stack trace>
 => sys_clone+0x10/0x9c
 => ret_fast_syscall+0x0/0x54
            bash-563     [001] ..... 20030.870506: kernel_clone+0xc/0x388 <-sys_clone+0x78/0x9c
            bash-563     [001] ..... 20030.870511: <stack trace>
 => kernel_clone+0x10/0x388
 => sys_clone+0x78/0x9c
 => ret_fast_syscall+0x0/0x54
            bash-563     [001] ..... 20030.870514: copy_process+0xc/0x16a8 <-kernel_clone+0xac/0x388
            bash-563     [001] ..... 20030.870519: <stack trace>
 => copy_process+0x10/0x16a8
 => kernel_clone+0xac/0x388
 => sys_clone+0x78/0x9c
 => ret_fast_syscall+0x0/0x54
            bash-563     [001] ..... 20030.870989: sched_process_fork: comm=bash pid=563 child_comm=bash child_pid=613
          <idle>-0       [003] d.... 20030.871132: sched_switch: prev_comm=swapper/3 prev_pid=0 prev_prio=120 prev_state=R ==> next_comm=bash next_pid=613 next_prio=120
            bash-563     [001] ..... 20030.872086: sys_clone+0xc/0x9c <-ret_fast_syscall+0x0/0x54
            bash-563     [001] ..... 20030.872102: <stack trace>
 => sys_clone+0x10/0x9c
 => ret_fast_syscall+0x0/0x54
            bash-563     [001] ..... 20030.872106: kernel_clone+0xc/0x388 <-sys_clone+0x78/0x9c
            bash-563     [001] ..... 20030.872111: <stack trace>
 => kernel_clone+0x10/0x388
 => sys_clone+0x78/0x9c
 => ret_fast_syscall+0x0/0x54
            bash-563     [001] ..... 20030.872114: copy_process+0xc/0x16a8 <-kernel_clone+0xac/0x388
            bash-563     [001] ..... 20030.872119: <stack trace>
 => copy_process+0x10/0x16a8
 => kernel_clone+0xac/0x388
 => sys_clone+0x78/0x9c
 => ret_fast_syscall+0x0/0x54
              ps-613     [003] d.... 20030.872389: sched_switch: prev_comm=bash prev_pid=613 prev_prio=120 prev_state=S ==> next_comm=swapper/3 next_pid=0 next_prio=120
            bash-563     [001] ..... 20030.872550: sched_process_fork: comm=bash pid=563 child_comm=bash child_pid=614
          <idle>-0       [000] d.... 20030.872664: sched_switch: prev_comm=swapper/0 prev_pid=0 prev_prio=120 prev_state=R ==> next_comm=bash next_pid=614 next_prio=120
            bash-563     [001] d.... 20030.873282: sched_switch: prev_comm=bash prev_pid=563 prev_prio=120 prev_state=S ==> next_comm=swapper/1 next_pid=0 next_prio=120
          <idle>-0       [003] dnh.. 20030.873871: sched_wakeup: comm=bash pid=613 prio=120 target_cpu=003
          <idle>-0       [003] d.... 20030.873899: sched_switch: prev_comm=swapper/3 prev_pid=0 prev_prio=120 prev_state=R ==> next_comm=bash next_pid=613 next_prio=120
          <idle>-0       [001] dnH.. 20030.891774: sched_wakeup: comm=kworker/u16:1 pid=465 prio=120 target_cpu=001
          <idle>-0       [002] dnh.. 20030.891788: sched_wakeup: comm=rcu_sched pid=15 prio=120 target_cpu=002
          <idle>-0       [002] d.... 20030.891824: sched_switch: prev_comm=swapper/2 prev_pid=0 prev_prio=120 prev_state=R ==> next_comm=rcu_sched next_pid=15 next_prio=120
          <idle>-0       [001] d.... 20030.891847: sched_switch: prev_comm=swapper/1 prev_pid=0 prev_prio=120 prev_state=R ==> next_comm=kworker/u16:1 next_pid=465 next_prio=120
       rcu_sched-15      [002] d.... 20030.891858: sched_switch: prev_comm=rcu_sched prev_pid=15 prev_prio=120 prev_state=I ==> next_comm=swapper/2 next_pid=0 next_prio=120
   kworker/u16:1-465     [001] d.... 20030.891932: sched_switch: prev_comm=kworker/u16:1 prev_pid=465 prev_prio=120 prev_state=I ==> next_comm=swapper/1 next_pid=0 next_prio=120
          <idle>-0       [002] dns.. 20030.911769: sched_wakeup: comm=rcu_sched pid=15 prio=120 target_cpu=002
          <idle>-0       [002] d.... 20030.911845: sched_switch: prev_comm=swapper/2 prev_pid=0 prev_prio=120 prev_state=R ==> next_comm=rcu_sched next_pid=15 next_prio=120
            grep-614     [000] d.... 20030.911891: sched_switch: prev_comm=grep prev_pid=614 prev_prio=120 prev_state=S ==> next_comm=swapper/0 next_pid=0 next_prio=120
       rcu_sched-15      [002] d.... 20030.911930: sched_switch: prev_comm=rcu_sched prev_pid=15 prev_prio=120 prev_state=I ==> next_comm=swapper/2 next_pid=0 next_prio=120
          <idle>-0       [001] dns.. 20030.921687: sched_wakeup: comm=kworker/1:0 pid=592 prio=120 target_cpu=001
          <idle>-0       [001] d.... 20030.921716: sched_switch: prev_comm=swapper/1 prev_pid=0 prev_prio=120 prev_state=R ==> next_comm=kworker/1:0 next_pid=592 next_prio=120
     kworker/1:0-592     [001] d.... 20030.921774: sched_switch: prev_comm=kworker/1:0 prev_pid=592 prev_prio=120 prev_state=I ==> next_comm=swapper/1 next_pid=0 next_prio=120
          <idle>-0       [002] dns.. 20030.941674: sched_wakeup: comm=rcu_sched pid=15 prio=120 target_cpu=002
          <idle>-0       [002] d.... 20030.941699: sched_switch: prev_comm=swapper/2 prev_pid=0 prev_prio=120 prev_state=R ==> next_comm=rcu_sched next_pid=15 next_prio=120
       rcu_sched-15      [002] d.... 20030.941737: sched_switch: prev_comm=rcu_sched prev_pid=15 prev_prio=120 prev_state=I ==> next_comm=swapper/2 next_pid=0 next_prio=120
          <idle>-0       [002] dnH.. 20030.951751: sched_wakeup: comm=rcu_sched pid=15 prio=120 target_cpu=002
          <idle>-0       [002] d.... 20030.951812: sched_switch: prev_comm=swapper/2 prev_pid=0 prev_prio=120 prev_state=R ==> next_comm=rcu_sched next_pid=15 next_prio=120
       rcu_sched-15      [002] d.... 20030.951860: sched_switch: prev_comm=rcu_sched prev_pid=15 prev_prio=120 prev_state=I ==> next_comm=swapper/2 next_pid=0 next_prio=120
          <idle>-0       [002] dns.. 20030.971691: sched_wakeup: comm=rcu_sched pid=15 prio=120 target_cpu=002
          <idle>-0       [002] d.... 20030.971746: sched_switch: prev_comm=swapper/2 prev_pid=0 prev_prio=120 prev_state=R ==> next_comm=rcu_sched next_pid=15 next_prio=120
       rcu_sched-15      [002] d.... 20030.971782: sched_switch: prev_comm=rcu_sched prev_pid=15 prev_prio=120 prev_state=I ==> next_comm=swapper/2 next_pid=0 next_prio=120
          <idle>-0       [002] dns.. 20030.991738: sched_wakeup: comm=rcu_sched pid=15 prio=120 target_cpu=002
          <idle>-0       [002] d.... 20030.991826: sched_switch: prev_comm=swapper/2 prev_pid=0 prev_prio=120 prev_state=R ==> next_comm=rcu_sched next_pid=15 next_prio=120
       rcu_sched-15      [002] d.... 20030.991896: sched_switch: prev_comm=rcu_sched prev_pid=15 prev_prio=120 prev_state=I ==> next_comm=swapper/2 next_pid=0 next_prio=120
          <idle>-0       [002] dnH.. 20031.011744: sched_wakeup: comm=rcu_sched pid=15 prio=120 target_cpu=002
          <idle>-0       [002] d.... 20031.011830: sched_switch: prev_comm=swapper/2 prev_pid=0 prev_prio=120 prev_state=R ==> next_comm=rcu_sched next_pid=15 next_prio=120
       rcu_sched-15      [002] d.... 20031.011882: sched_switch: prev_comm=rcu_sched prev_pid=15 prev_prio=120 prev_state=I ==> next_comm=swapper/2 next_pid=0 next_prio=120
          <idle>-0       [000] dnh.. 20031.016778: sched_wakeup: comm=grep pid=614 prio=120 target_cpu=000
          <idle>-0       [000] d.... 20031.016811: sched_switch: prev_comm=swapper/0 prev_pid=0 prev_prio=120 prev_state=R ==> next_comm=grep next_pid=614 next_prio=120
            grep-614     [000] d.... 20031.017650: sched_switch: prev_comm=grep prev_pid=614 prev_prio=120 prev_state=S ==> next_comm=swapper/0 next_pid=0 next_prio=120
          <idle>-0       [000] dnh.. 20031.019914: sched_wakeup: comm=grep pid=614 prio=120 target_cpu=000
          <idle>-0       [000] d.... 20031.019934: sched_switch: prev_comm=swapper/0 prev_pid=0 prev_prio=120 prev_state=R ==> next_comm=grep next_pid=614 next_prio=120
          <idle>-0       [001] dnh.. 20031.020741: sched_wakeup: comm=kworker/u16:1 pid=465 prio=120 target_cpu=001
          <idle>-0       [001] d.... 20031.020772: sched_switch: prev_comm=swapper/1 prev_pid=0 prev_prio=120 prev_state=R ==> next_comm=kworker/u16:1 next_pid=465 next_prio=120
   kworker/u16:1-465     [001] d.... 20031.020819: sched_switch: prev_comm=kworker/u16:1 prev_pid=465 prev_prio=120 prev_state=I ==> next_comm=swapper/1 next_pid=0 next_prio=120
          <idle>-0       [002] dnh.. 20031.020831: sched_wakeup: comm=sshd pid=562 prio=120 target_cpu=002
          <idle>-0       [002] d.... 20031.020850: sched_switch: prev_comm=swapper/2 prev_pid=0 prev_prio=120 prev_state=R ==> next_comm=sshd next_pid=562 next_prio=120
              ps-613     [003] ..... 20031.020943: do_exit+0xc/0xa24 <-do_group_exit+0x40/0x8c
              ps-613     [003] ..... 20031.020958: <stack trace>
 => do_exit+0x10/0xa24
 => do_group_exit+0x40/0x8c
 => pid_child_should_wake+0x0/0x68
              ps-613     [003] ..... 20031.020986: sched_process_exit: comm=ps pid=613 prio=120 group_dead=true
            sshd-562     [002] d.... 20031.021422: sched_switch: prev_comm=sshd prev_pid=562 prev_prio=120 prev_state=S ==> next_comm=swapper/2 next_pid=0 next_prio=120
              ps-613     [003] dn... 20031.021611: signal_generate: sig=17 errno=0 code=1 comm=bash pid=563 grp=1 res=0
          <idle>-0       [001] dnH.. 20031.021706: sched_wakeup: comm=bash pid=563 prio=120 target_cpu=001
              ps-613     [003] d.... 20031.021723: sched_switch: prev_comm=ps prev_pid=613 prev_prio=120 prev_state=Z ==> next_comm=swapper/3 next_pid=0 next_prio=120
          <idle>-0       [001] d.... 20031.021740: sched_switch: prev_comm=swapper/1 prev_pid=0 prev_prio=120 prev_state=R ==> next_comm=bash next_pid=563 next_prio=120
            bash-563     [001] d.... 20031.021962: sched_switch: prev_comm=bash prev_pid=563 prev_prio=120 prev_state=S ==> next_comm=swapper/1 next_pid=0 next_prio=120
            grep-614     [000] ..... 20031.022201: do_exit+0xc/0xa24 <-do_group_exit+0x40/0x8c
            grep-614     [000] ..... 20031.022215: <stack trace>
 => do_exit+0x10/0xa24
 => do_group_exit+0x40/0x8c
 => pid_child_should_wake+0x0/0x68
            grep-614     [000] ..... 20031.022236: sched_process_exit: comm=grep pid=614 prio=120 group_dead=true
            grep-614     [000] dn... 20031.022631: signal_generate: sig=17 errno=0 code=1 comm=bash pid=563 grp=1 res=2
            grep-614     [000] d.... 20031.022662: sched_switch: prev_comm=grep prev_pid=614 prev_prio=120 prev_state=Z ==> next_comm=swapper/0 next_pid=0 next_prio=120
          <idle>-0       [001] dnh.. 20031.022669: sched_wakeup: comm=bash pid=563 prio=120 target_cpu=001
          <idle>-0       [001] d.... 20031.022686: sched_switch: prev_comm=swapper/1 prev_pid=0 prev_prio=120 prev_state=R ==> next_comm=bash next_pid=563 next_prio=120
            bash-563     [001] d.... 20031.023159: signal_deliver: sig=17 errno=0 code=1 sa_handler=51b6fd sa_flags=14000000
          <idle>-0       [000] dnh.. 20031.024162: sched_wakeup: comm=kworker/u16:1 pid=465 prio=120 target_cpu=000
          <idle>-0       [000] d.... 20031.024184: sched_switch: prev_comm=swapper/0 prev_pid=0 prev_prio=120 prev_state=R ==> next_comm=kworker/u16:1 next_pid=465 next_prio=120
   kworker/u16:1-465     [000] d.... 20031.024228: sched_switch: prev_comm=kworker/u16:1 prev_pid=465 prev_prio=120 prev_state=I ==> next_comm=swapper/0 next_pid=0 next_prio=120
          <idle>-0       [002] dnh.. 20031.024244: sched_wakeup: comm=sshd pid=562 prio=120 target_cpu=002
          <idle>-0       [002] d.... 20031.024265: sched_switch: prev_comm=swapper/2 prev_pid=0 prev_prio=120 prev_state=R ==> next_comm=sshd next_pid=562 next_prio=120
          <idle>-0       [000] dnh.. 20031.024468: sched_wakeup: comm=kworker/u16:1 pid=465 prio=120 target_cpu=000
          <idle>-0       [000] d.... 20031.024486: sched_switch: prev_comm=swapper/0 prev_pid=0 prev_prio=120 prev_state=R ==> next_comm=kworker/u16:1 next_pid=465 next_prio=120
   kworker/u16:1-465     [000] d.... 20031.024506: sched_switch: prev_comm=kworker/u16:1 prev_pid=465 prev_prio=120 prev_state=I ==> next_comm=swapper/0 next_pid=0 next_prio=120
            bash-563     [001] d.... 20031.024524: sched_switch: prev_comm=bash prev_pid=563 prev_prio=120 prev_state=S ==> next_comm=swapper/1 next_pid=0 next_prio=120
            sshd-562     [002] d.... 20031.025125: sched_switch: prev_comm=sshd prev_pid=562 prev_prio=120 prev_state=S ==> next_comm=swapper/2 next_pid=0 next_prio=120
          <idle>-0       [002] dns.. 20031.031703: sched_wakeup: comm=rcu_sched pid=15 prio=120 target_cpu=002
          <idle>-0       [002] d.... 20031.031747: sched_switch: prev_comm=swapper/2 prev_pid=0 prev_prio=120 prev_state=R ==> next_comm=rcu_sched next_pid=15 next_prio=120
       rcu_sched-15      [002] d.... 20031.031774: sched_switch: prev_comm=rcu_sched prev_pid=15 prev_prio=120 prev_state=I ==> next_comm=swapper/2 next_pid=0 next_prio=120
          <idle>-0       [002] dns.. 20031.051708: sched_wakeup: comm=rcu_sched pid=15 prio=120 target_cpu=002
          <idle>-0       [002] d.... 20031.051766: sched_switch: prev_comm=swapper/2 prev_pid=0 prev_prio=120 prev_state=R ==> next_comm=rcu_sched next_pid=15 next_prio=120
       rcu_sched-15      [002] d.... 20031.051830: sched_switch: prev_comm=rcu_sched prev_pid=15 prev_prio=120 prev_state=I ==> next_comm=swapper/2 next_pid=0 next_prio=120
          <idle>-0       [000] dns.. 20031.061720: sched_wakeup: comm=kworker/0:2 pid=568 prio=120 target_cpu=000
          <idle>-0       [000] d.... 20031.061795: sched_switch: prev_comm=swapper/0 prev_pid=0 prev_prio=120 prev_state=R ==> next_comm=kworker/0:2 next_pid=568 next_prio=120
          <idle>-0       [001] dnh.. 20031.061867: sched_wakeup: comm=kworker/1:0 pid=592 prio=120 target_cpu=001
          <idle>-0       [001] d.... 20031.061892: sched_switch: prev_comm=swapper/1 prev_pid=0 prev_prio=120 prev_state=R ==> next_comm=kworker/1:0 next_pid=592 next_prio=120
     kworker/0:2-568     [000] d.... 20031.061903: sched_switch: prev_comm=kworker/0:2 prev_pid=568 prev_prio=120 prev_state=I ==> next_comm=swapper/0 next_pid=0 next_prio=120
          <idle>-0       [003] dnh.. 20031.061904: sched_wakeup: comm=kworker/3:1 pid=570 prio=120 target_cpu=003
     kworker/1:0-592     [001] d.... 20031.061928: sched_switch: prev_comm=kworker/1:0 prev_pid=592 prev_prio=120 prev_state=I ==> next_comm=swapper/1 next_pid=0 next_prio=120
          <idle>-0       [003] d.... 20031.061939: sched_switch: prev_comm=swapper/3 prev_pid=0 prev_prio=120 prev_state=R ==> next_comm=kworker/3:1 next_pid=570 next_prio=120
     kworker/3:1-570     [003] d.... 20031.062111: sched_switch: prev_comm=kworker/3:1 prev_pid=570 prev_prio=120 prev_state=I ==> next_comm=swapper/3 next_pid=0 next_prio=120
          <idle>-0       [002] dns.. 20031.071718: sched_wakeup: comm=rcu_sched pid=15 prio=120 target_cpu=002
          <idle>-0       [002] d.... 20031.071782: sched_switch: prev_comm=swapper/2 prev_pid=0 prev_prio=120 prev_state=R ==> next_comm=rcu_sched next_pid=15 next_prio=120
       rcu_sched-15      [002] d.... 20031.071820: sched_switch: prev_comm=rcu_sched prev_pid=15 prev_prio=120 prev_state=I ==> next_comm=swapper/2 next_pid=0 next_prio=120
          <idle>-0       [000] dns.. 20031.081784: sched_wakeup: comm=kworker/0:2 pid=568 prio=120 target_cpu=000
          <idle>-0       [000] d.... 20031.081823: sched_switch: prev_comm=swapper/0 prev_pid=0 prev_prio=120 prev_state=R ==> next_comm=kworker/0:2 next_pid=568 next_prio=120
     kworker/0:2-568     [000] d.... 20031.081906: sched_switch: prev_comm=kworker/0:2 prev_pid=568 prev_prio=120 prev_state=I ==> next_comm=swapper/0 next_pid=0 next_prio=120
          <idle>-0       [002] dnh.. 20031.091755: sched_wakeup: comm=rcu_sched pid=15 prio=120 target_cpu=002
          <idle>-0       [002] d.... 20031.091808: sched_switch: prev_comm=swapper/2 prev_pid=0 prev_prio=120 prev_state=R ==> next_comm=rcu_sched next_pid=15 next_prio=120
       rcu_sched-15      [002] d.... 20031.091848: sched_switch: prev_comm=rcu_sched prev_pid=15 prev_prio=120 prev_state=I ==> next_comm=swapper/2 next_pid=0 next_prio=120
          <idle>-0       [002] dns.. 20031.111720: sched_wakeup: comm=rcu_sched pid=15 prio=120 target_cpu=002
          <idle>-0       [002] d.... 20031.111786: sched_switch: prev_comm=swapper/2 prev_pid=0 prev_prio=120 prev_state=R ==> next_comm=rcu_sched next_pid=15 next_prio=120
       rcu_sched-15      [002] d.... 20031.111844: sched_switch: prev_comm=rcu_sched prev_pid=15 prev_prio=120 prev_state=I ==> next_comm=swapper/2 next_pid=0 next_prio=120
          <idle>-0       [001] dns.. 20031.131672: sched_wakeup: comm=kworker/1:0 pid=592 prio=120 target_cpu=001
          <idle>-0       [001] d.... 20031.131710: sched_switch: prev_comm=swapper/1 prev_pid=0 prev_prio=120 prev_state=R ==> next_comm=kworker/1:0 next_pid=592 next_prio=120
     kworker/1:0-592     [001] d.... 20031.131762: sched_switch: prev_comm=kworker/1:0 prev_pid=592 prev_prio=120 prev_state=I ==> next_comm=swapper/1 next_pid=0 next_prio=120
          <idle>-0       [002] dnh.. 20031.131771: sched_wakeup: comm=rcu_sched pid=15 prio=120 target_cpu=002
          <idle>-0       [002] d.... 20031.131829: sched_switch: prev_comm=swapper/2 prev_pid=0 prev_prio=120 prev_state=R ==> next_comm=rcu_sched next_pid=15 next_prio=120
       rcu_sched-15      [002] d.... 20031.131873: sched_switch: prev_comm=rcu_sched prev_pid=15 prev_prio=120 prev_state=I ==> next_comm=swapper/2 next_pid=0 next_prio=120
          <idle>-0       [002] dns.. 20031.151732: sched_wakeup: comm=rcu_sched pid=15 prio=120 target_cpu=002
          <idle>-0       [000] dnh.. 20031.151796: sched_wakeup: comm=kcompactd0 pid=44 prio=120 target_cpu=000
          <idle>-0       [000] d.... 20031.151830: sched_switch: prev_comm=swapper/0 prev_pid=0 prev_prio=120 prev_state=R ==> next_comm=kcompactd0 next_pid=44 next_prio=120
          <idle>-0       [002] d.... 20031.151836: sched_switch: prev_comm=swapper/2 prev_pid=0 prev_prio=120 prev_state=R ==> next_comm=rcu_sched next_pid=15 next_prio=120
      kcompactd0-44      [000] d.... 20031.151870: sched_switch: prev_comm=kcompactd0 prev_pid=44 prev_prio=120 prev_state=S ==> next_comm=swapper/0 next_pid=0 next_prio=120
       rcu_sched-15      [002] d.... 20031.151888: sched_switch: prev_comm=rcu_sched prev_pid=15 prev_prio=120 prev_state=I ==> next_comm=swapper/2 next_pid=0 next_prio=120
          <idle>-0       [002] dns.. 20031.171735: sched_wakeup: comm=rcu_sched pid=15 prio=120 target_cpu=002
          <idle>-0       [002] d.... 20031.171815: sched_switch: prev_comm=swapper/2 prev_pid=0 prev_prio=120 prev_state=R ==> next_comm=rcu_sched next_pid=15 next_prio=120
       rcu_sched-15      [002] d.... 20031.171880: sched_switch: prev_comm=rcu_sched prev_pid=15 prev_prio=120 prev_state=I ==> next_comm=swapper/2 next_pid=0 next_prio=120
          <idle>-0       [001] dnh.. 20031.311689: sched_wakeup: comm=kworker/1:0 pid=592 prio=120 target_cpu=001
          <idle>-0       [001] d.... 20031.311775: sched_switch: prev_comm=swapper/1 prev_pid=0 prev_prio=120 prev_state=R ==> next_comm=kworker/1:0 next_pid=592 next_prio=120
     kworker/1:0-592     [001] d.... 20031.311839: sched_switch: prev_comm=kworker/1:0 prev_pid=592 prev_prio=120 prev_state=I ==> next_comm=swapper/1 next_pid=0 next_prio=120
          <idle>-0       [001] dns.. 20031.341684: sched_wakeup: comm=kworker/1:0 pid=592 prio=120 target_cpu=001
          <idle>-0       [001] d.... 20031.341743: sched_switch: prev_comm=swapper/1 prev_pid=0 prev_prio=120 prev_state=R ==> next_comm=kworker/1:0 next_pid=592 next_prio=120
     kworker/1:0-592     [001] d.... 20031.341788: sched_switch: prev_comm=kworker/1:0 prev_pid=592 prev_prio=120 prev_state=I ==> next_comm=swapper/1 next_pid=0 next_prio=120
          <idle>-0       [001] dns.. 20031.551678: sched_wakeup: comm=kworker/1:0 pid=592 prio=120 target_cpu=001
          <idle>-0       [001] d.... 20031.551737: sched_switch: prev_comm=swapper/1 prev_pid=0 prev_prio=120 prev_state=R ==> next_comm=kworker/1:0 next_pid=592 next_prio=120
     kworker/1:0-592     [001] d.... 20031.551789: sched_switch: prev_comm=kworker/1:0 prev_pid=592 prev_prio=120 prev_state=I ==> next_comm=swapper/1 next_pid=0 next_prio=120
          <idle>-0       [000] dnH.. 20031.661780: sched_wakeup: comm=kcompactd0 pid=44 prio=120 target_cpu=000
          <idle>-0       [000] d.... 20031.661918: sched_switch: prev_comm=swapper/0 prev_pid=0 prev_prio=120 prev_state=R ==> next_comm=kcompactd0 next_pid=44 next_prio=120
      kcompactd0-44      [000] d.... 20031.661984: sched_switch: prev_comm=kcompactd0 prev_pid=44 prev_prio=120 prev_state=S ==> next_comm=swapper/0 next_pid=0 next_prio=120
          <idle>-0       [001] dns.. 20031.761701: sched_wakeup: comm=kworker/1:0 pid=592 prio=120 target_cpu=001
          <idle>-0       [001] d.... 20031.761764: sched_switch: prev_comm=swapper/1 prev_pid=0 prev_prio=120 prev_state=R ==> next_comm=kworker/1:0 next_pid=592 next_prio=120
     kworker/1:0-592     [001] d.... 20031.761817: sched_switch: prev_comm=kworker/1:0 prev_pid=592 prev_prio=120 prev_state=I ==> next_comm=swapper/1 next_pid=0 next_prio=120
          <idle>-0       [001] dns.. 20031.771695: sched_wakeup: comm=kworker/1:0 pid=592 prio=120 target_cpu=001
          <idle>-0       [001] d.... 20031.771737: sched_switch: prev_comm=swapper/1 prev_pid=0 prev_prio=120 prev_state=R ==> next_comm=kworker/1:0 next_pid=592 next_prio=120
     kworker/1:0-592     [001] d.... 20031.771824: sched_switch: prev_comm=kworker/1:0 prev_pid=592 prev_prio=120 prev_state=I ==> next_comm=swapper/1 next_pid=0 next_prio=120
          <idle>-0       [001] dns.. 20031.851691: sched_wakeup: comm=kworker/1:1H pid=78 prio=100 target_cpu=001
          <idle>-0       [001] d.... 20031.851744: sched_switch: prev_comm=swapper/1 prev_pid=0 prev_prio=120 prev_state=R ==> next_comm=kworker/1:1H next_pid=78 next_prio=100
    kworker/1:1H-78      [001] d.... 20031.851787: sched_switch: prev_comm=kworker/1:1H prev_pid=78 prev_prio=100 prev_state=I ==> next_comm=swapper/1 next_pid=0 next_prio=120
          <idle>-0       [001] dns.. 20031.971691: sched_wakeup: comm=kworker/1:0 pid=592 prio=120 target_cpu=001
          <idle>-0       [001] d.... 20031.971750: sched_switch: prev_comm=swapper/1 prev_pid=0 prev_prio=120 prev_state=R ==> next_comm=kworker/1:0 next_pid=592 next_prio=120
     kworker/1:0-592     [001] d.... 20031.971800: sched_switch: prev_comm=kworker/1:0 prev_pid=592 prev_prio=120 prev_state=I ==> next_comm=swapper/1 next_pid=0 next_prio=120
          <idle>-0       [001] dns.. 20032.021697: sched_wakeup: comm=kworker/1:0 pid=592 prio=120 target_cpu=001
          <idle>-0       [001] d.... 20032.021745: sched_switch: prev_comm=swapper/1 prev_pid=0 prev_prio=120 prev_state=R ==> next_comm=kworker/1:0 next_pid=592 next_prio=120
     kworker/1:0-592     [001] d.... 20032.021781: sched_switch: prev_comm=kworker/1:0 prev_pid=592 prev_prio=120 prev_state=I ==> next_comm=swapper/1 next_pid=0 next_prio=120
          <idle>-0       [003] dns.. 20032.021783: sched_wakeup: comm=kworker/3:1 pid=570 prio=120 target_cpu=003
          <idle>-0       [003] d.... 20032.021890: sched_switch: prev_comm=swapper/3 prev_pid=0 prev_prio=120 prev_state=R ==> next_comm=kworker/3:1 next_pid=570 next_prio=120
     kworker/3:1-570     [003] d.... 20032.022042: sched_switch: prev_comm=kworker/3:1 prev_pid=570 prev_prio=120 prev_state=I ==> next_comm=swapper/3 next_pid=0 next_prio=120
          <idle>-0       [000] dns.. 20032.171778: sched_wakeup: comm=kcompactd0 pid=44 prio=120 target_cpu=000
          <idle>-0       [000] dns.. 20032.171824: sched_wakeup: comm=kworker/0:2 pid=568 prio=120 target_cpu=000
          <idle>-0       [000] d.... 20032.171937: sched_switch: prev_comm=swapper/0 prev_pid=0 prev_prio=120 prev_state=R ==> next_comm=kcompactd0 next_pid=44 next_prio=120
      kcompactd0-44      [000] d.... 20032.172003: sched_switch: prev_comm=kcompactd0 prev_pid=44 prev_prio=120 prev_state=S ==> next_comm=kworker/0:2 next_pid=568 next_prio=120
     kworker/0:2-568     [000] d.... 20032.172109: sched_switch: prev_comm=kworker/0:2 prev_pid=568 prev_prio=120 prev_state=I ==> next_comm=swapper/0 next_pid=0 next_prio=120
          <idle>-0       [001] dns.. 20032.181694: sched_wakeup: comm=kworker/1:0 pid=592 prio=120 target_cpu=001
          <idle>-0       [001] d.... 20032.181745: sched_switch: prev_comm=swapper/1 prev_pid=0 prev_prio=120 prev_state=R ==> next_comm=kworker/1:0 next_pid=592 next_prio=120
     kworker/1:0-592     [001] d.... 20032.181796: sched_switch: prev_comm=kworker/1:0 prev_pid=592 prev_prio=120 prev_state=I ==> next_comm=swapper/1 next_pid=0 next_prio=120
          <idle>-0       [001] dns.. 20032.391695: sched_wakeup: comm=kworker/1:0 pid=592 prio=120 target_cpu=001
          <idle>-0       [001] d.... 20032.391752: sched_switch: prev_comm=swapper/1 prev_pid=0 prev_prio=120 prev_state=R ==> next_comm=kworker/1:0 next_pid=592 next_prio=120
     kworker/1:0-592     [001] d.... 20032.391802: sched_switch: prev_comm=kworker/1:0 prev_pid=592 prev_prio=120 prev_state=I ==> next_comm=swapper/1 next_pid=0 next_prio=120
          <idle>-0       [001] dns.. 20032.411683: sched_wakeup: comm=kworker/1:0 pid=592 prio=120 target_cpu=001
          <idle>-0       [001] d.... 20032.411722: sched_switch: prev_comm=swapper/1 prev_pid=0 prev_prio=120 prev_state=R ==> next_comm=kworker/1:0 next_pid=592 next_prio=120
     kworker/1:0-592     [001] d.h.. 20032.411790: sched_wakeup: comm=kworker/1:0 pid=592 prio=120 target_cpu=001
     kworker/1:0-592     [001] d.... 20032.411840: sched_switch: prev_comm=kworker/1:0 prev_pid=592 prev_prio=120 prev_state=D ==> next_comm=swapper/1 next_pid=0 next_prio=120
          <idle>-0       [001] dnh.. 20032.411897: sched_wakeup: comm=kworker/1:0 pid=592 prio=120 target_cpu=001
          <idle>-0       [001] d.... 20032.411916: sched_switch: prev_comm=swapper/1 prev_pid=0 prev_prio=120 prev_state=R ==> next_comm=kworker/1:0 next_pid=592 next_prio=120
     kworker/1:0-592     [001] d.... 20032.411950: sched_switch: prev_comm=kworker/1:0 prev_pid=592 prev_prio=120 prev_state=I ==> next_comm=swapper/1 next_pid=0 next_prio=120
          <idle>-0       [001] dns.. 20032.601686: sched_wakeup: comm=kworker/1:0 pid=592 prio=120 target_cpu=001
          <idle>-0       [001] d.... 20032.601751: sched_switch: prev_comm=swapper/1 prev_pid=0 prev_prio=120 prev_state=R ==> next_comm=kworker/1:0 next_pid=592 next_prio=120
     kworker/1:0-592     [001] d.... 20032.601811: sched_switch: prev_comm=kworker/1:0 prev_pid=592 prev_prio=120 prev_state=I ==> next_comm=swapper/1 next_pid=0 next_prio=120
          <idle>-0       [000] dnH.. 20032.681806: sched_wakeup: comm=kcompactd0 pid=44 prio=120 target_cpu=000
          <idle>-0       [000] d.... 20032.681953: sched_switch: prev_comm=swapper/0 prev_pid=0 prev_prio=120 prev_state=R ==> next_comm=kcompactd0 next_pid=44 next_prio=120
      kcompactd0-44      [000] d.... 20032.682030: sched_switch: prev_comm=kcompactd0 prev_pid=44 prev_prio=120 prev_state=S ==> next_comm=swapper/0 next_pid=0 next_prio=120
          <idle>-0       [001] dns.. 20032.811681: sched_wakeup: comm=kworker/1:0 pid=592 prio=120 target_cpu=001
          <idle>-0       [001] d.... 20032.811746: sched_switch: prev_comm=swapper/1 prev_pid=0 prev_prio=120 prev_state=R ==> next_comm=kworker/1:0 next_pid=592 next_prio=120
     kworker/1:0-592     [001] d.... 20032.811861: sched_switch: prev_comm=kworker/1:0 prev_pid=592 prev_prio=120 prev_state=I ==> next_comm=swapper/1 next_pid=0 next_prio=120
          <idle>-0       [003] dns.. 20033.021705: sched_wakeup: comm=kworker/3:1 pid=570 prio=120 target_cpu=003
          <idle>-0       [001] dns.. 20033.021709: sched_wakeup: comm=kworker/1:0 pid=592 prio=120 target_cpu=001
          <idle>-0       [003] d.... 20033.021771: sched_switch: prev_comm=swapper/3 prev_pid=0 prev_prio=120 prev_state=R ==> next_comm=kworker/3:1 next_pid=570 next_prio=120
          <idle>-0       [000] dnh.. 20033.021772: sched_wakeup: comm=kworker/u16:1 pid=465 prio=120 target_cpu=000
          <idle>-0       [001] d.... 20033.021781: sched_switch: prev_comm=swapper/1 prev_pid=0 prev_prio=120 prev_state=R ==> next_comm=kworker/1:0 next_pid=592 next_prio=120
          <idle>-0       [000] d.... 20033.021811: sched_switch: prev_comm=swapper/0 prev_pid=0 prev_prio=120 prev_state=R ==> next_comm=kworker/u16:1 next_pid=465 next_prio=120
     kworker/1:0-592     [001] d.... 20033.021835: sched_switch: prev_comm=kworker/1:0 prev_pid=592 prev_prio=120 prev_state=I ==> next_comm=swapper/1 next_pid=0 next_prio=120
     kworker/3:1-570     [003] d.... 20033.021857: sched_switch: prev_comm=kworker/3:1 prev_pid=570 prev_prio=120 prev_state=I ==> next_comm=swapper/3 next_pid=0 next_prio=120
   kworker/u16:1-465     [000] d.... 20033.021903: sched_switch: prev_comm=kworker/u16:1 prev_pid=465 prev_prio=120 prev_state=I ==> next_comm=swapper/0 next_pid=0 next_prio=120
          <idle>-0       [000] dns.. 20033.191771: sched_wakeup: comm=kcompactd0 pid=44 prio=120 target_cpu=000
          <idle>-0       [000] dns.. 20033.191813: sched_wakeup: comm=kworker/0:2 pid=568 prio=120 target_cpu=000
          <idle>-0       [000] d.... 20033.191947: sched_switch: prev_comm=swapper/0 prev_pid=0 prev_prio=120 prev_state=R ==> next_comm=kworker/0:2 next_pid=568 next_prio=120
     kworker/0:2-568     [000] d.... 20033.192062: sched_switch: prev_comm=kworker/0:2 prev_pid=568 prev_prio=120 prev_state=I ==> next_comm=kcompactd0 next_pid=44 next_prio=120
      kcompactd0-44      [000] d.... 20033.192128: sched_switch: prev_comm=kcompactd0 prev_pid=44 prev_prio=120 prev_state=S ==> next_comm=swapper/0 next_pid=0 next_prio=120
          <idle>-0       [001] dns.. 20033.231710: sched_wakeup: comm=kworker/1:0 pid=592 prio=120 target_cpu=001
          <idle>-0       [001] d.... 20033.231767: sched_switch: prev_comm=swapper/1 prev_pid=0 prev_prio=120 prev_state=R ==> next_comm=kworker/1:0 next_pid=592 next_prio=120
     kworker/1:0-592     [001] d.... 20033.231817: sched_switch: prev_comm=kworker/1:0 prev_pid=592 prev_prio=120 prev_state=I ==> next_comm=swapper/1 next_pid=0 next_prio=120
          <idle>-0       [001] dns.. 20033.441703: sched_wakeup: comm=kworker/1:0 pid=592 prio=120 target_cpu=001
          <idle>-0       [001] d.... 20033.441752: sched_switch: prev_comm=swapper/1 prev_pid=0 prev_prio=120 prev_state=R ==> next_comm=kworker/1:0 next_pid=592 next_prio=120
     kworker/1:0-592     [001] d.... 20033.441801: sched_switch: prev_comm=kworker/1:0 prev_pid=592 prev_prio=120 prev_state=I ==> next_comm=swapper/1 next_pid=0 next_prio=120
          <idle>-0       [001] dns.. 20033.651700: sched_wakeup: comm=kworker/1:0 pid=592 prio=120 target_cpu=001
          <idle>-0       [001] d.... 20033.651756: sched_switch: prev_comm=swapper/1 prev_pid=0 prev_prio=120 prev_state=R ==> next_comm=kworker/1:0 next_pid=592 next_prio=120
          <idle>-0       [002] dns.. 20033.651775: sched_wakeup: comm=kworker/2:0 pid=557 prio=120 target_cpu=002
     kworker/1:0-592     [001] d.... 20033.651804: sched_switch: prev_comm=kworker/1:0 prev_pid=592 prev_prio=120 prev_state=I ==> next_comm=swapper/1 next_pid=0 next_prio=120
          <idle>-0       [002] d.... 20033.651877: sched_switch: prev_comm=swapper/2 prev_pid=0 prev_prio=120 prev_state=R ==> next_comm=kworker/2:0 next_pid=557 next_prio=120
     kworker/2:0-557     [002] d.... 20033.651968: sched_switch: prev_comm=kworker/2:0 prev_pid=557 prev_prio=120 prev_state=I ==> next_comm=swapper/2 next_pid=0 next_prio=120
          <idle>-0       [000] dnH.. 20033.701808: sched_wakeup: comm=kcompactd0 pid=44 prio=120 target_cpu=000
          <idle>-0       [000] d.... 20033.701921: sched_switch: prev_comm=swapper/0 prev_pid=0 prev_prio=120 prev_state=R ==> next_comm=kcompactd0 next_pid=44 next_prio=120
      kcompactd0-44      [000] d.... 20033.701998: sched_switch: prev_comm=kcompactd0 prev_pid=44 prev_prio=120 prev_state=S ==> next_comm=swapper/0 next_pid=0 next_prio=120
          <idle>-0       [001] dnh.. 20033.708482: sched_wakeup: comm=raspbian_proc pid=608 prio=120 target_cpu=001
          <idle>-0       [001] d.... 20033.708576: sched_switch: prev_comm=swapper/1 prev_pid=0 prev_prio=120 prev_state=R ==> next_comm=raspbian_proc next_pid=608 next_prio=120
   raspbian_proc-608     [001] d.... 20033.708810: sched_wakeup: comm=kworker/1:0 pid=592 prio=120 target_cpu=001
   raspbian_proc-608     [001] d.... 20033.708908: sched_switch: prev_comm=raspbian_proc prev_pid=608 prev_prio=120 prev_state=S ==> next_comm=kworker/1:0 next_pid=592 next_prio=120
     kworker/1:0-592     [001] d.... 20033.709044: sched_switch: prev_comm=kworker/1:0 prev_pid=592 prev_prio=120 prev_state=I ==> next_comm=swapper/1 next_pid=0 next_prio=120
          <idle>-0       [001] dns.. 20033.851686: sched_wakeup: comm=kworker/1:0 pid=592 prio=120 target_cpu=001
          <idle>-0       [001] d.... 20033.851752: sched_switch: prev_comm=swapper/1 prev_pid=0 prev_prio=120 prev_state=R ==> next_comm=kworker/1:0 next_pid=592 next_prio=120
     kworker/1:0-592     [001] d.... 20033.851842: sched_switch: prev_comm=kworker/1:0 prev_pid=592 prev_prio=120 prev_state=I ==> next_comm=swapper/1 next_pid=0 next_prio=120
          <idle>-0       [001] dns.. 20033.861682: sched_wakeup: comm=kworker/1:0 pid=592 prio=120 target_cpu=001
          <idle>-0       [001] d.... 20033.861707: sched_switch: prev_comm=swapper/1 prev_pid=0 prev_prio=120 prev_state=R ==> next_comm=kworker/1:0 next_pid=592 next_prio=120
     kworker/1:0-592     [001] d.... 20033.861751: sched_switch: prev_comm=kworker/1:0 prev_pid=592 prev_prio=120 prev_state=I ==> next_comm=swapper/1 next_pid=0 next_prio=120
          <idle>-0       [003] dns.. 20033.981788: sched_wakeup: comm=kworker/3:1 pid=570 prio=120 target_cpu=003
          <idle>-0       [003] d.... 20033.981884: sched_switch: prev_comm=swapper/3 prev_pid=0 prev_prio=120 prev_state=R ==> next_comm=kworker/3:1 next_pid=570 next_prio=120
     kworker/3:1-570     [003] d.... 20033.982035: sched_switch: prev_comm=kworker/3:1 prev_pid=570 prev_prio=120 prev_state=I ==> next_comm=swapper/3 next_pid=0 next_prio=120
          <idle>-0       [001] dns.. 20034.071698: sched_wakeup: comm=kworker/1:0 pid=592 prio=120 target_cpu=001
          <idle>-0       [001] d.... 20034.071764: sched_switch: prev_comm=swapper/1 prev_pid=0 prev_prio=120 prev_state=R ==> next_comm=kworker/1:0 next_pid=592 next_prio=120
     kworker/1:0-592     [001] d.... 20034.071819: sched_switch: prev_comm=kworker/1:0 prev_pid=592 prev_prio=120 prev_state=I ==> next_comm=swapper/1 next_pid=0 next_prio=120
          <idle>-0       [001] dnh.. 20034.211689: sched_wakeup: comm=kworker/1:0 pid=592 prio=120 target_cpu=001
          <idle>-0       [000] dns.. 20034.211754: sched_wakeup: comm=kcompactd0 pid=44 prio=120 target_cpu=000
          <idle>-0       [001] d.... 20034.211761: sched_switch: prev_comm=swapper/1 prev_pid=0 prev_prio=120 prev_state=R ==> next_comm=kworker/1:0 next_pid=592 next_prio=120
          <idle>-0       [000] dns.. 20034.211801: sched_wakeup: comm=kworker/0:2 pid=568 prio=120 target_cpu=000
     kworker/1:0-592     [001] d.... 20034.211824: sched_switch: prev_comm=kworker/1:0 prev_pid=592 prev_prio=120 prev_state=I ==> next_comm=swapper/1 next_pid=0 next_prio=120
          <idle>-0       [000] d.... 20034.211912: sched_switch: prev_comm=swapper/0 prev_pid=0 prev_prio=120 prev_state=R ==> next_comm=kcompactd0 next_pid=44 next_prio=120
      kcompactd0-44      [000] d.... 20034.211977: sched_switch: prev_comm=kcompactd0 prev_pid=44 prev_prio=120 prev_state=S ==> next_comm=kworker/0:2 next_pid=568 next_prio=120
     kworker/0:2-568     [000] d.... 20034.212071: sched_switch: prev_comm=kworker/0:2 prev_pid=568 prev_prio=120 prev_state=I ==> next_comm=swapper/0 next_pid=0 next_prio=120
          <idle>-0       [001] dns.. 20034.281700: sched_wakeup: comm=kworker/1:0 pid=592 prio=120 target_cpu=001
          <idle>-0       [001] d.... 20034.281758: sched_switch: prev_comm=swapper/1 prev_pid=0 prev_prio=120 prev_state=R ==> next_comm=kworker/1:0 next_pid=592 next_prio=120
     kworker/1:0-592     [001] d.... 20034.281806: sched_switch: prev_comm=kworker/1:0 prev_pid=592 prev_prio=120 prev_state=I ==> next_comm=swapper/1 next_pid=0 next_prio=120
          <idle>-0       [001] dns.. 20034.491686: sched_wakeup: comm=kworker/1:0 pid=592 prio=120 target_cpu=001
          <idle>-0       [000] dnH.. 20034.491752: sched_wakeup: comm=kworker/u16:1 pid=465 prio=120 target_cpu=000
          <idle>-0       [001] d.... 20034.491761: sched_switch: prev_comm=swapper/1 prev_pid=0 prev_prio=120 prev_state=R ==> next_comm=kworker/1:0 next_pid=592 next_prio=120
     kworker/1:0-592     [001] d.h.. 20034.491822: sched_wakeup: comm=kworker/1:0 pid=592 prio=120 target_cpu=001
          <idle>-0       [000] d.... 20034.491833: sched_switch: prev_comm=swapper/0 prev_pid=0 prev_prio=120 prev_state=R ==> next_comm=kworker/u16:1 next_pid=465 next_prio=120
     kworker/1:0-592     [001] d.... 20034.491901: sched_switch: prev_comm=kworker/1:0 prev_pid=592 prev_prio=120 prev_state=I ==> next_comm=swapper/1 next_pid=0 next_prio=120
   kworker/u16:1-465     [000] d.... 20034.491925: sched_switch: prev_comm=kworker/u16:1 prev_pid=465 prev_prio=120 prev_state=I ==> next_comm=swapper/0 next_pid=0 next_prio=120
          <idle>-0       [003] dnh.. 20034.491931: sched_wakeup: comm=kworker/u16:2 pid=49 prio=120 target_cpu=003
          <idle>-0       [003] d.... 20034.492008: sched_switch: prev_comm=swapper/3 prev_pid=0 prev_prio=120 prev_state=R ==> next_comm=kworker/u16:2 next_pid=49 next_prio=120
   kworker/u16:2-49      [003] d.... 20034.492063: sched_switch: prev_comm=kworker/u16:2 prev_pid=49 prev_prio=120 prev_state=I ==> next_comm=swapper/3 next_pid=0 next_prio=120
          <idle>-0       [003] dnH.. 20034.651810: sched_wakeup: comm=kworker/u16:2 pid=49 prio=120 target_cpu=003
          <idle>-0       [003] d.... 20034.651912: sched_switch: prev_comm=swapper/3 prev_pid=0 prev_prio=120 prev_state=R ==> next_comm=kworker/u16:2 next_pid=49 next_prio=120
   kworker/u16:2-49      [003] d.... 20034.652026: sched_switch: prev_comm=kworker/u16:2 prev_pid=49 prev_prio=120 prev_state=I ==> next_comm=swapper/3 next_pid=0 next_prio=120
          <idle>-0       [001] dns.. 20034.701707: sched_wakeup: comm=kworker/1:0 pid=592 prio=120 target_cpu=001
          <idle>-0       [001] d.... 20034.701767: sched_switch: prev_comm=swapper/1 prev_pid=0 prev_prio=120 prev_state=R ==> next_comm=kworker/1:0 next_pid=592 next_prio=120
     kworker/1:0-592     [001] d.... 20034.701821: sched_switch: prev_comm=kworker/1:0 prev_pid=592 prev_prio=120 prev_state=I ==> next_comm=swapper/1 next_pid=0 next_prio=120
          <idle>-0       [000] dnH.. 20034.721803: sched_wakeup: comm=kcompactd0 pid=44 prio=120 target_cpu=000
          <idle>-0       [000] d.... 20034.721887: sched_switch: prev_comm=swapper/0 prev_pid=0 prev_prio=120 prev_state=R ==> next_comm=kcompactd0 next_pid=44 next_prio=120
      kcompactd0-44      [000] d.... 20034.721956: sched_switch: prev_comm=kcompactd0 prev_pid=44 prev_prio=120 prev_state=S ==> next_comm=swapper/0 next_pid=0 next_prio=120
          <idle>-0       [002] dnh.. 20034.852862: sched_wakeup: comm=sshd pid=562 prio=120 target_cpu=002
          <idle>-0       [002] d.... 20034.852940: sched_switch: prev_comm=swapper/2 prev_pid=0 prev_prio=120 prev_state=R ==> next_comm=sshd next_pid=562 next_prio=120
          <idle>-0       [003] dnh.. 20034.853726: sched_wakeup: comm=kworker/u16:2 pid=49 prio=120 target_cpu=003
            sshd-562     [002] d.... 20034.853790: sched_switch: prev_comm=sshd prev_pid=562 prev_prio=120 prev_state=S ==> next_comm=swapper/2 next_pid=0 next_prio=120
          <idle>-0       [003] d.... 20034.853801: sched_switch: prev_comm=swapper/3 prev_pid=0 prev_prio=120 prev_state=R ==> next_comm=kworker/u16:2 next_pid=49 next_prio=120
          <idle>-0       [001] dnh.. 20034.853915: sched_wakeup: comm=bash pid=563 prio=120 target_cpu=001
   kworker/u16:2-49      [003] d.... 20034.853918: sched_switch: prev_comm=kworker/u16:2 prev_pid=49 prev_prio=120 prev_state=I ==> next_comm=swapper/3 next_pid=0 next_prio=120
          <idle>-0       [001] d.... 20034.853955: sched_switch: prev_comm=swapper/1 prev_pid=0 prev_prio=120 prev_state=R ==> next_comm=bash next_pid=563 next_prio=120
          <idle>-0       [003] dnh.. 20034.854313: sched_wakeup: comm=kworker/u16:2 pid=49 prio=120 target_cpu=003
          <idle>-0       [003] d.... 20034.854336: sched_switch: prev_comm=swapper/3 prev_pid=0 prev_prio=120 prev_state=R ==> next_comm=kworker/u16:2 next_pid=49 next_prio=120
   kworker/u16:2-49      [003] d.... 20034.854379: sched_switch: prev_comm=kworker/u16:2 prev_pid=49 prev_prio=120 prev_state=I ==> next_comm=swapper/3 next_pid=0 next_prio=120
            bash-563     [001] d.... 20034.854405: sched_switch: prev_comm=bash prev_pid=563 prev_prio=120 prev_state=S ==> next_comm=swapper/1 next_pid=0 next_prio=120
          <idle>-0       [002] dnh.. 20034.854425: sched_wakeup: comm=sshd pid=562 prio=120 target_cpu=002
          <idle>-0       [002] d.... 20034.854452: sched_switch: prev_comm=swapper/2 prev_pid=0 prev_prio=120 prev_state=R ==> next_comm=sshd next_pid=562 next_prio=120
            sshd-562     [002] d.... 20034.855097: sched_switch: prev_comm=sshd prev_pid=562 prev_prio=120 prev_state=S ==> next_comm=swapper/2 next_pid=0 next_prio=120
          <idle>-0       [001] dns.. 20034.891704: sched_wakeup: comm=kworker/1:0 pid=592 prio=120 target_cpu=001
          <idle>-0       [001] d.... 20034.891788: sched_switch: prev_comm=swapper/1 prev_pid=0 prev_prio=120 prev_state=R ==> next_comm=kworker/1:0 next_pid=592 next_prio=120
     kworker/1:0-592     [001] d.... 20034.891890: sched_switch: prev_comm=kworker/1:0 prev_pid=592 prev_prio=120 prev_state=I ==> next_comm=swapper/1 next_pid=0 next_prio=120
          <idle>-0       [001] dns.. 20034.911678: sched_wakeup: comm=kworker/1:0 pid=592 prio=120 target_cpu=001
          <idle>-0       [001] d.... 20034.911724: sched_switch: prev_comm=swapper/1 prev_pid=0 prev_prio=120 prev_state=R ==> next_comm=kworker/1:0 next_pid=592 next_prio=120
     kworker/1:0-592     [001] d.... 20034.911777: sched_switch: prev_comm=kworker/1:0 prev_pid=592 prev_prio=120 prev_state=I ==> next_comm=swapper/1 next_pid=0 next_prio=120
          <idle>-0       [000] dns.. 20035.051712: sched_wakeup: comm=kworker/0:2 pid=568 prio=120 target_cpu=000
          <idle>-0       [003] dns.. 20035.051773: sched_wakeup: comm=kworker/3:1 pid=570 prio=120 target_cpu=003
          <idle>-0       [000] d.... 20035.051782: sched_switch: prev_comm=swapper/0 prev_pid=0 prev_prio=120 prev_state=R ==> next_comm=kworker/0:2 next_pid=568 next_prio=120
          <idle>-0       [003] dnH.. 20035.051836: sched_wakeup: comm=kworker/u16:2 pid=49 prio=120 target_cpu=003
     kworker/0:2-568     [000] d.... 20035.051839: sched_switch: prev_comm=kworker/0:2 prev_pid=568 prev_prio=120 prev_state=I ==> next_comm=swapper/0 next_pid=0 next_prio=120
          <idle>-0       [003] d.... 20035.051951: sched_switch: prev_comm=swapper/3 prev_pid=0 prev_prio=120 prev_state=R ==> next_comm=kworker/3:1 next_pid=570 next_prio=120
     kworker/3:1-570     [003] d.... 20035.052079: sched_switch: prev_comm=kworker/3:1 prev_pid=570 prev_prio=120 prev_state=I ==> next_comm=kworker/u16:2 next_pid=49 next_prio=120
   kworker/u16:2-49      [003] d.... 20035.052176: sched_switch: prev_comm=kworker/u16:2 prev_pid=49 prev_prio=120 prev_state=I ==> next_comm=swapper/3 next_pid=0 next_prio=120
          <idle>-0       [002] dnh.. 20035.088013: sched_wakeup: comm=sshd pid=562 prio=120 target_cpu=002
          <idle>-0       [002] d.... 20035.088099: sched_switch: prev_comm=swapper/2 prev_pid=0 prev_prio=120 prev_state=R ==> next_comm=sshd next_pid=562 next_prio=120
          <idle>-0       [003] dnh.. 20035.088830: sched_wakeup: comm=kworker/u16:2 pid=49 prio=120 target_cpu=003
            sshd-562     [002] d.... 20035.088888: sched_switch: prev_comm=sshd prev_pid=562 prev_prio=120 prev_state=S ==> next_comm=swapper/2 next_pid=0 next_prio=120
          <idle>-0       [003] d.... 20035.088896: sched_switch: prev_comm=swapper/3 prev_pid=0 prev_prio=120 prev_state=R ==> next_comm=kworker/u16:2 next_pid=49 next_prio=120
   kworker/u16:2-49      [003] d.... 20035.088987: sched_switch: prev_comm=kworker/u16:2 prev_pid=49 prev_prio=120 prev_state=I ==> next_comm=swapper/3 next_pid=0 next_prio=120
          <idle>-0       [001] dnh.. 20035.089004: sched_wakeup: comm=bash pid=563 prio=120 target_cpu=001
          <idle>-0       [001] d.... 20035.089042: sched_switch: prev_comm=swapper/1 prev_pid=0 prev_prio=120 prev_state=R ==> next_comm=bash next_pid=563 next_prio=120
          <idle>-0       [003] dnh.. 20035.089362: sched_wakeup: comm=kworker/u16:2 pid=49 prio=120 target_cpu=003
          <idle>-0       [003] d.... 20035.089411: sched_switch: prev_comm=swapper/3 prev_pid=0 prev_prio=120 prev_state=R ==> next_comm=kworker/u16:2 next_pid=49 next_prio=120
            bash-563     [001] d.... 20035.089415: sched_switch: prev_comm=bash prev_pid=563 prev_prio=120 prev_state=S ==> next_comm=swapper/1 next_pid=0 next_prio=120
   kworker/u16:2-49      [003] d.... 20035.089486: sched_switch: prev_comm=kworker/u16:2 prev_pid=49 prev_prio=120 prev_state=I ==> next_comm=swapper/3 next_pid=0 next_prio=120
          <idle>-0       [002] dnh.. 20035.089568: sched_wakeup: comm=sshd pid=562 prio=120 target_cpu=002
          <idle>-0       [002] d.... 20035.089630: sched_switch: prev_comm=swapper/2 prev_pid=0 prev_prio=120 prev_state=R ==> next_comm=sshd next_pid=562 next_prio=120
            sshd-562     [002] d.... 20035.090671: sched_switch: prev_comm=sshd prev_pid=562 prev_prio=120 prev_state=S ==> next_comm=swapper/2 next_pid=0 next_prio=120
          <idle>-0       [001] dns.. 20035.121684: sched_wakeup: comm=kworker/1:0 pid=592 prio=120 target_cpu=001
          <idle>-0       [001] d.... 20035.121749: sched_switch: prev_comm=swapper/1 prev_pid=0 prev_prio=120 prev_state=R ==> next_comm=kworker/1:0 next_pid=592 next_prio=120
     kworker/1:0-592     [001] d.... 20035.121801: sched_switch: prev_comm=kworker/1:0 prev_pid=592 prev_prio=120 prev_state=I ==> next_comm=swapper/1 next_pid=0 next_prio=120
          <idle>-0       [000] dnH.. 20035.231795: sched_wakeup: comm=kcompactd0 pid=44 prio=120 target_cpu=000
          <idle>-0       [000] d.... 20035.231891: sched_switch: prev_comm=swapper/0 prev_pid=0 prev_prio=120 prev_state=R ==> next_comm=kcompactd0 next_pid=44 next_prio=120
      kcompactd0-44      [000] d.... 20035.231961: sched_switch: prev_comm=kcompactd0 prev_pid=44 prev_prio=120 prev_state=S ==> next_comm=swapper/0 next_pid=0 next_prio=120
          <idle>-0       [002] dns.. 20035.264349: sched_wakeup: comm=sshd pid=562 prio=120 target_cpu=002
          <idle>-0       [002] d.... 20035.264462: sched_switch: prev_comm=swapper/2 prev_pid=0 prev_prio=120 prev_state=R ==> next_comm=sshd next_pid=562 next_prio=120
          <idle>-0       [003] dnh.. 20035.265140: sched_wakeup: comm=kworker/u16:2 pid=49 prio=120 target_cpu=003
          <idle>-0       [003] d.... 20035.265214: sched_switch: prev_comm=swapper/3 prev_pid=0 prev_prio=120 prev_state=R ==> next_comm=kworker/u16:2 next_pid=49 next_prio=120
            sshd-562     [002] d.... 20035.265248: sched_switch: prev_comm=sshd prev_pid=562 prev_prio=120 prev_state=S ==> next_comm=swapper/2 next_pid=0 next_prio=120
          <idle>-0       [001] dnh.. 20035.265316: sched_wakeup: comm=bash pid=563 prio=120 target_cpu=001
   kworker/u16:2-49      [003] d.... 20035.265321: sched_switch: prev_comm=kworker/u16:2 prev_pid=49 prev_prio=120 prev_state=I ==> next_comm=swapper/3 next_pid=0 next_prio=120
          <idle>-0       [001] d.... 20035.265355: sched_switch: prev_comm=swapper/1 prev_pid=0 prev_prio=120 prev_state=R ==> next_comm=bash next_pid=563 next_prio=120
          <idle>-0       [003] dnh.. 20035.265667: sched_wakeup: comm=kworker/u16:2 pid=49 prio=120 target_cpu=003
          <idle>-0       [003] d.... 20035.265710: sched_switch: prev_comm=swapper/3 prev_pid=0 prev_prio=120 prev_state=R ==> next_comm=kworker/u16:2 next_pid=49 next_prio=120
            bash-563     [001] d.... 20035.265710: sched_switch: prev_comm=bash prev_pid=563 prev_prio=120 prev_state=S ==> next_comm=swapper/1 next_pid=0 next_prio=120
   kworker/u16:2-49      [003] d.... 20035.265789: sched_switch: prev_comm=kworker/u16:2 prev_pid=49 prev_prio=120 prev_state=I ==> next_comm=swapper/3 next_pid=0 next_prio=120
          <idle>-0       [002] dnh.. 20035.265806: sched_wakeup: comm=sshd pid=562 prio=120 target_cpu=002
          <idle>-0       [002] d.... 20035.265830: sched_switch: prev_comm=swapper/2 prev_pid=0 prev_prio=120 prev_state=R ==> next_comm=sshd next_pid=562 next_prio=120
            sshd-562     [002] d.... 20035.266457: sched_switch: prev_comm=sshd prev_pid=562 prev_prio=120 prev_state=S ==> next_comm=swapper/2 next_pid=0 next_prio=120
          <idle>-0       [001] dns.. 20035.331691: sched_wakeup: comm=kworker/1:0 pid=592 prio=120 target_cpu=001
          <idle>-0       [001] d.... 20035.331759: sched_switch: prev_comm=swapper/1 prev_pid=0 prev_prio=120 prev_state=R ==> next_comm=kworker/1:0 next_pid=592 next_prio=120
     kworker/1:0-592     [001] d.... 20035.331813: sched_switch: prev_comm=kworker/1:0 prev_pid=592 prev_prio=120 prev_state=I ==> next_comm=swapper/1 next_pid=0 next_prio=120
          <idle>-0       [002] dnh.. 20035.403164: sched_wakeup: comm=sshd pid=562 prio=120 target_cpu=002
          <idle>-0       [002] d.... 20035.403247: sched_switch: prev_comm=swapper/2 prev_pid=0 prev_prio=120 prev_state=R ==> next_comm=sshd next_pid=562 next_prio=120
          <idle>-0       [003] dnh.. 20035.404207: sched_wakeup: comm=kworker/u16:2 pid=49 prio=120 target_cpu=003
          <idle>-0       [003] d.... 20035.404249: sched_switch: prev_comm=swapper/3 prev_pid=0 prev_prio=120 prev_state=R ==> next_comm=kworker/u16:2 next_pid=49 next_prio=120
   kworker/u16:2-49      [003] d.... 20035.404306: sched_switch: prev_comm=kworker/u16:2 prev_pid=49 prev_prio=120 prev_state=I ==> next_comm=swapper/3 next_pid=0 next_prio=120
          <idle>-0       [001] dnh.. 20035.404319: sched_wakeup: comm=bash pid=563 prio=120 target_cpu=001
            sshd-562     [002] d.... 20035.404322: sched_switch: prev_comm=sshd prev_pid=562 prev_prio=120 prev_state=S ==> next_comm=swapper/2 next_pid=0 next_prio=120
          <idle>-0       [001] d.... 20035.404361: sched_switch: prev_comm=swapper/1 prev_pid=0 prev_prio=120 prev_state=R ==> next_comm=bash next_pid=563 next_prio=120
          <idle>-0       [003] dnh.. 20035.404623: sched_wakeup: comm=kworker/u16:2 pid=49 prio=120 target_cpu=003
          <idle>-0       [003] d.... 20035.404643: sched_switch: prev_comm=swapper/3 prev_pid=0 prev_prio=120 prev_state=R ==> next_comm=kworker/u16:2 next_pid=49 next_prio=120
   kworker/u16:2-49      [003] d.... 20035.404678: sched_switch: prev_comm=kworker/u16:2 prev_pid=49 prev_prio=120 prev_state=I ==> next_comm=swapper/3 next_pid=0 next_prio=120
            bash-563     [001] d.... 20035.404707: sched_switch: prev_comm=bash prev_pid=563 prev_prio=120 prev_state=S ==> next_comm=swapper/1 next_pid=0 next_prio=120
          <idle>-0       [002] dnh.. 20035.404722: sched_wakeup: comm=sshd pid=562 prio=120 target_cpu=002
          <idle>-0       [002] d.... 20035.404751: sched_switch: prev_comm=swapper/2 prev_pid=0 prev_prio=120 prev_state=R ==> next_comm=sshd next_pid=562 next_prio=120
            sshd-562     [002] d.... 20035.405374: sched_switch: prev_comm=sshd prev_pid=562 prev_prio=120 prev_state=S ==> next_comm=swapper/2 next_pid=0 next_prio=120
          <idle>-0       [002] dnh.. 20035.500059: sched_wakeup: comm=sshd pid=562 prio=120 target_cpu=002
          <idle>-0       [002] d.... 20035.500230: sched_switch: prev_comm=swapper/2 prev_pid=0 prev_prio=120 prev_state=R ==> next_comm=sshd next_pid=562 next_prio=120
          <idle>-0       [003] dnh.. 20035.501101: sched_wakeup: comm=kworker/u16:2 pid=49 prio=120 target_cpu=003
          <idle>-0       [003] d.... 20035.501145: sched_switch: prev_comm=swapper/3 prev_pid=0 prev_prio=120 prev_state=R ==> next_comm=kworker/u16:2 next_pid=49 next_prio=120
   kworker/u16:2-49      [003] d.... 20035.501207: sched_switch: prev_comm=kworker/u16:2 prev_pid=49 prev_prio=120 prev_state=I ==> next_comm=swapper/3 next_pid=0 next_prio=120
          <idle>-0       [001] dnh.. 20035.501222: sched_wakeup: comm=bash pid=563 prio=120 target_cpu=001
          <idle>-0       [001] d.... 20035.501261: sched_switch: prev_comm=swapper/1 prev_pid=0 prev_prio=120 prev_state=R ==> next_comm=bash next_pid=563 next_prio=120
            sshd-562     [002] d.... 20035.501298: sched_switch: prev_comm=sshd prev_pid=562 prev_prio=120 prev_state=S ==> next_comm=swapper/2 next_pid=0 next_prio=120
          <idle>-0       [003] dnh.. 20035.501545: sched_wakeup: comm=kworker/u16:2 pid=49 prio=120 target_cpu=003
          <idle>-0       [003] d.... 20035.501582: sched_switch: prev_comm=swapper/3 prev_pid=0 prev_prio=120 prev_state=R ==> next_comm=kworker/u16:2 next_pid=49 next_prio=120
            bash-563     [001] d.... 20035.501604: sched_switch: prev_comm=bash prev_pid=563 prev_prio=120 prev_state=S ==> next_comm=swapper/1 next_pid=0 next_prio=120
          <idle>-0       [002] dnH.. 20035.501739: sched_wakeup: comm=sshd pid=562 prio=120 target_cpu=002
          <idle>-0       [002] d.... 20035.501788: sched_switch: prev_comm=swapper/2 prev_pid=0 prev_prio=120 prev_state=R ==> next_comm=sshd next_pid=562 next_prio=120
   kworker/u16:2-49      [003] d.... 20035.501807: sched_switch: prev_comm=kworker/u16:2 prev_pid=49 prev_prio=120 prev_state=I ==> next_comm=swapper/3 next_pid=0 next_prio=120
            sshd-562     [002] d.... 20035.502513: sched_switch: prev_comm=sshd prev_pid=562 prev_prio=120 prev_state=S ==> next_comm=swapper/2 next_pid=0 next_prio=120
          <idle>-0       [001] dns.. 20035.541697: sched_wakeup: comm=kworker/1:0 pid=592 prio=120 target_cpu=001
          <idle>-0       [000] dns.. 20035.541757: sched_wakeup: comm=kworker/0:2 pid=568 prio=120 target_cpu=000
          <idle>-0       [001] d.... 20035.541760: sched_switch: prev_comm=swapper/1 prev_pid=0 prev_prio=120 prev_state=R ==> next_comm=kworker/1:0 next_pid=592 next_prio=120
     kworker/1:0-592     [001] d.... 20035.541815: sched_switch: prev_comm=kworker/1:0 prev_pid=592 prev_prio=120 prev_state=I ==> next_comm=swapper/1 next_pid=0 next_prio=120
          <idle>-0       [000] d.... 20035.541863: sched_switch: prev_comm=swapper/0 prev_pid=0 prev_prio=120 prev_state=R ==> next_comm=kworker/0:2 next_pid=568 next_prio=120
     kworker/0:2-568     [000] d.... 20035.541938: sched_switch: prev_comm=kworker/0:2 prev_pid=568 prev_prio=120 prev_state=I ==> next_comm=swapper/0 next_pid=0 next_prio=120
          <idle>-0       [000] dns.. 20035.741772: sched_wakeup: comm=kcompactd0 pid=44 prio=120 target_cpu=000
          <idle>-0       [000] d.... 20035.741877: sched_switch: prev_comm=swapper/0 prev_pid=0 prev_prio=120 prev_state=R ==> next_comm=kcompactd0 next_pid=44 next_prio=120
      kcompactd0-44      [000] d.... 20035.741945: sched_switch: prev_comm=kcompactd0 prev_pid=44 prev_prio=120 prev_state=S ==> next_comm=swapper/0 next_pid=0 next_prio=120
          <idle>-0       [001] dns.. 20035.751706: sched_wakeup: comm=kworker/1:0 pid=592 prio=120 target_cpu=001
          <idle>-0       [001] d.... 20035.751767: sched_switch: prev_comm=swapper/1 prev_pid=0 prev_prio=120 prev_state=R ==> next_comm=kworker/1:0 next_pid=592 next_prio=120
     kworker/1:0-592     [001] d.... 20035.751825: sched_switch: prev_comm=kworker/1:0 prev_pid=592 prev_prio=120 prev_state=I ==> next_comm=swapper/1 next_pid=0 next_prio=120
          <idle>-0       [001] dns.. 20035.931683: sched_wakeup: comm=kworker/1:0 pid=592 prio=120 target_cpu=001
          <idle>-0       [001] d.... 20035.931751: sched_switch: prev_comm=swapper/1 prev_pid=0 prev_prio=120 prev_state=R ==> next_comm=kworker/1:0 next_pid=592 next_prio=120
     kworker/1:0-592     [001] d.... 20035.931847: sched_switch: prev_comm=kworker/1:0 prev_pid=592 prev_prio=120 prev_state=I ==> next_comm=swapper/1 next_pid=0 next_prio=120
          <idle>-0       [001] dns.. 20035.961680: sched_wakeup: comm=kworker/1:0 pid=592 prio=120 target_cpu=001
          <idle>-0       [001] d.... 20035.961737: sched_switch: prev_comm=swapper/1 prev_pid=0 prev_prio=120 prev_state=R ==> next_comm=kworker/1:0 next_pid=592 next_prio=120
     kworker/1:0-592     [001] d.... 20035.961780: sched_switch: prev_comm=kworker/1:0 prev_pid=592 prev_prio=120 prev_state=I ==> next_comm=swapper/1 next_pid=0 next_prio=120
          <idle>-0       [001] dns.. 20036.171710: sched_wakeup: comm=kworker/1:0 pid=592 prio=120 target_cpu=001
          <idle>-0       [000] dns.. 20036.171765: sched_wakeup: comm=kworker/0:2 pid=568 prio=120 target_cpu=000
          <idle>-0       [001] d.... 20036.171785: sched_switch: prev_comm=swapper/1 prev_pid=0 prev_prio=120 prev_state=R ==> next_comm=kworker/1:0 next_pid=592 next_prio=120
     kworker/1:0-592     [001] d.... 20036.171846: sched_switch: prev_comm=kworker/1:0 prev_pid=592 prev_prio=120 prev_state=I ==> next_comm=swapper/1 next_pid=0 next_prio=120
          <idle>-0       [000] d.... 20036.171883: sched_switch: prev_comm=swapper/0 prev_pid=0 prev_prio=120 prev_state=R ==> next_comm=kworker/0:2 next_pid=568 next_prio=120
     kworker/0:2-568     [000] d.... 20036.171965: sched_switch: prev_comm=kworker/0:2 prev_pid=568 prev_prio=120 prev_state=I ==> next_comm=swapper/0 next_pid=0 next_prio=120
          <idle>-0       [000] dns.. 20036.251762: sched_wakeup: comm=kcompactd0 pid=44 prio=120 target_cpu=000
          <idle>-0       [000] d.... 20036.251868: sched_switch: prev_comm=swapper/0 prev_pid=0 prev_prio=120 prev_state=R ==> next_comm=kcompactd0 next_pid=44 next_prio=120
      kcompactd0-44      [000] d.... 20036.251930: sched_switch: prev_comm=kcompactd0 prev_pid=44 prev_prio=120 prev_state=S ==> next_comm=swapper/0 next_pid=0 next_prio=120
          <idle>-0       [002] dnh.. 20036.331840: sched_wakeup: comm=jbd2/mmcblk0-8 pid=79 prio=120 target_cpu=002
          <idle>-0       [002] d.... 20036.331918: sched_switch: prev_comm=swapper/2 prev_pid=0 prev_prio=120 prev_state=R ==> next_comm=jbd2/mmcblk0-8 next_pid=79 next_prio=120
  jbd2/mmcblk0-8-79      [002] d.... 20036.342356: sched_switch: prev_comm=jbd2/mmcblk0-8 prev_pid=79 prev_prio=120 prev_state=D ==> next_comm=swapper/2 next_pid=0 next_prio=120
          <idle>-0       [000] dns.. 20036.342401: sched_wakeup: comm=kworker/0:2 pid=568 prio=120 target_cpu=000
          <idle>-0       [000] dns.. 20036.342444: sched_wakeup: comm=ksoftirqd/0 pid=14 prio=120 target_cpu=000
          <idle>-0       [000] d.... 20036.342514: sched_switch: prev_comm=swapper/0 prev_pid=0 prev_prio=120 prev_state=R ==> next_comm=ksoftirqd/0 next_pid=14 next_prio=120
     ksoftirqd/0-14      [000] d.... 20036.342581: sched_switch: prev_comm=ksoftirqd/0 prev_pid=14 prev_prio=120 prev_state=S ==> next_comm=kworker/0:2 next_pid=568 next_prio=120
          <idle>-0       [003] dnh.. 20036.342736: sched_wakeup: comm=irq/113-mmc0 pid=73 prio=49 target_cpu=003
     kworker/0:2-568     [000] d.... 20036.342738: sched_switch: prev_comm=kworker/0:2 prev_pid=568 prev_prio=120 prev_state=I ==> next_comm=swapper/0 next_pid=0 next_prio=120
          <idle>-0       [003] d.... 20036.342822: sched_switch: prev_comm=swapper/3 prev_pid=0 prev_prio=120 prev_state=R ==> next_comm=irq/113-mmc0 next_pid=73 next_prio=49
    irq/113-mmc0-73      [003] d.... 20036.342912: sched_wakeup: comm=kworker/3:1H pid=77 prio=100 target_cpu=003
    irq/113-mmc0-73      [003] d.... 20036.342936: sched_switch: prev_comm=irq/113-mmc0 prev_pid=73 prev_prio=49 prev_state=S ==> next_comm=kworker/3:1H next_pid=77 next_prio=100
          <idle>-0       [002] dnh.. 20036.343043: sched_wakeup: comm=jbd2/mmcblk0-8 pid=79 prio=120 target_cpu=002
    kworker/3:1H-77      [003] d.... 20036.343065: sched_switch: prev_comm=kworker/3:1H prev_pid=77 prev_prio=100 prev_state=I ==> next_comm=swapper/3 next_pid=0 next_prio=120
          <idle>-0       [002] d.... 20036.343066: sched_switch: prev_comm=swapper/2 prev_pid=0 prev_prio=120 prev_state=R ==> next_comm=jbd2/mmcblk0-8 next_pid=79 next_prio=120
  jbd2/mmcblk0-8-79      [002] d.... 20036.344055: sched_switch: prev_comm=jbd2/mmcblk0-8 prev_pid=79 prev_prio=120 prev_state=D ==> next_comm=swapper/2 next_pid=0 next_prio=120
          <idle>-0       [001] dns.. 20036.344081: sched_wakeup: comm=kworker/1:0 pid=592 prio=120 target_cpu=001
          <idle>-0       [001] d.... 20036.344138: sched_switch: prev_comm=swapper/1 prev_pid=0 prev_prio=120 prev_state=R ==> next_comm=kworker/1:0 next_pid=592 next_prio=120
     kworker/1:0-592     [001] d.... 20036.344212: sched_switch: prev_comm=kworker/1:0 prev_pid=592 prev_prio=120 prev_state=I ==> next_comm=swapper/1 next_pid=0 next_prio=120
          <idle>-0       [003] dnh.. 20036.344312: sched_wakeup: comm=irq/113-mmc0 pid=73 prio=49 target_cpu=003
          <idle>-0       [003] d.... 20036.344355: sched_switch: prev_comm=swapper/3 prev_pid=0 prev_prio=120 prev_state=R ==> next_comm=irq/113-mmc0 next_pid=73 next_prio=49
    irq/113-mmc0-73      [003] d.... 20036.344437: sched_wakeup: comm=kworker/3:1H pid=77 prio=100 target_cpu=003
    irq/113-mmc0-73      [003] d.... 20036.344474: sched_switch: prev_comm=irq/113-mmc0 prev_pid=73 prev_prio=49 prev_state=S ==> next_comm=kworker/3:1H next_pid=77 next_prio=100
          <idle>-0       [002] dnh.. 20036.344585: sched_wakeup: comm=jbd2/mmcblk0-8 pid=79 prio=120 target_cpu=002
          <idle>-0       [002] d.... 20036.344606: sched_switch: prev_comm=swapper/2 prev_pid=0 prev_prio=120 prev_state=R ==> next_comm=jbd2/mmcblk0-8 next_pid=79 next_prio=120
    kworker/3:1H-77      [003] d.... 20036.344615: sched_switch: prev_comm=kworker/3:1H prev_pid=77 prev_prio=100 prev_state=I ==> next_comm=swapper/3 next_pid=0 next_prio=120
  jbd2/mmcblk0-8-79      [002] d.... 20036.344679: sched_switch: prev_comm=jbd2/mmcblk0-8 prev_pid=79 prev_prio=120 prev_state=S ==> next_comm=swapper/2 next_pid=0 next_prio=120
          <idle>-0       [003] dns.. 20036.351773: sched_wakeup: comm=kworker/3:1 pid=570 prio=120 target_cpu=003
          <idle>-0       [003] d.... 20036.351850: sched_switch: prev_comm=swapper/3 prev_pid=0 prev_prio=120 prev_state=R ==> next_comm=kworker/3:1 next_pid=570 next_prio=120
     kworker/3:1-570     [003] d.... 20036.351959: sched_switch: prev_comm=kworker/3:1 prev_pid=570 prev_prio=120 prev_state=I ==> next_comm=swapper/3 next_pid=0 next_prio=120
          <idle>-0       [001] dns.. 20036.381777: sched_wakeup: comm=kworker/1:0 pid=592 prio=120 target_cpu=001
          <idle>-0       [001] d.... 20036.381877: sched_switch: prev_comm=swapper/1 prev_pid=0 prev_prio=120 prev_state=R ==> next_comm=kworker/1:0 next_pid=592 next_prio=120
     kworker/1:0-592     [001] d.... 20036.381975: sched_switch: prev_comm=kworker/1:0 prev_pid=592 prev_prio=120 prev_state=I ==> next_comm=swapper/1 next_pid=0 next_prio=120
          <idle>-0       [001] dns.. 20036.571687: sched_wakeup: comm=kworker/1:0 pid=592 prio=120 target_cpu=001
          <idle>-0       [001] d.... 20036.571750: sched_switch: prev_comm=swapper/1 prev_pid=0 prev_prio=120 prev_state=R ==> next_comm=kworker/1:0 next_pid=592 next_prio=120
     kworker/1:0-592     [001] d.h.. 20036.571818: sched_wakeup: comm=kworker/1:0 pid=592 prio=120 target_cpu=001
     kworker/1:0-592     [001] d.... 20036.571889: sched_switch: prev_comm=kworker/1:0 prev_pid=592 prev_prio=120 prev_state=I ==> next_comm=swapper/1 next_pid=0 next_prio=120
          <idle>-0       [001] dns.. 20036.591691: sched_wakeup: comm=kworker/1:0 pid=592 prio=120 target_cpu=001
          <idle>-0       [001] d.... 20036.591733: sched_switch: prev_comm=swapper/1 prev_pid=0 prev_prio=120 prev_state=R ==> next_comm=kworker/1:0 next_pid=592 next_prio=120
     kworker/1:0-592     [001] d.... 20036.591785: sched_switch: prev_comm=kworker/1:0 prev_pid=592 prev_prio=120 prev_state=I ==> next_comm=swapper/1 next_pid=0 next_prio=120
          <idle>-0       [002] dnh.. 20036.615186: sched_wakeup: comm=sshd pid=562 prio=120 target_cpu=002
          <idle>-0       [002] d.... 20036.615271: sched_switch: prev_comm=swapper/2 prev_pid=0 prev_prio=120 prev_state=R ==> next_comm=sshd next_pid=562 next_prio=120
          <idle>-0       [003] dnh.. 20036.615827: sched_wakeup: comm=kworker/u16:2 pid=49 prio=120 target_cpu=003
          <idle>-0       [003] d.... 20036.615869: sched_switch: prev_comm=swapper/3 prev_pid=0 prev_prio=120 prev_state=R ==> next_comm=kworker/u16:2 next_pid=49 next_prio=120
   kworker/u16:2-49      [003] d.... 20036.615922: sched_switch: prev_comm=kworker/u16:2 prev_pid=49 prev_prio=120 prev_state=I ==> next_comm=swapper/3 next_pid=0 next_prio=120
            sshd-562     [002] d.... 20036.615922: sched_switch: prev_comm=sshd prev_pid=562 prev_prio=120 prev_state=S ==> next_comm=swapper/2 next_pid=0 next_prio=120
          <idle>-0       [001] dnh.. 20036.615940: sched_wakeup: comm=bash pid=563 prio=120 target_cpu=001
          <idle>-0       [001] d.... 20036.615977: sched_switch: prev_comm=swapper/1 prev_pid=0 prev_prio=120 prev_state=R ==> next_comm=bash next_pid=563 next_prio=120
          <idle>-0       [003] dnh.. 20036.616263: sched_wakeup: comm=kworker/u16:2 pid=49 prio=120 target_cpu=003
          <idle>-0       [003] d.... 20036.616285: sched_switch: prev_comm=swapper/3 prev_pid=0 prev_prio=120 prev_state=R ==> next_comm=kworker/u16:2 next_pid=49 next_prio=120
   kworker/u16:2-49      [003] d.... 20036.616328: sched_switch: prev_comm=kworker/u16:2 prev_pid=49 prev_prio=120 prev_state=I ==> next_comm=swapper/3 next_pid=0 next_prio=120
            bash-563     [001] d.... 20036.616340: sched_switch: prev_comm=bash prev_pid=563 prev_prio=120 prev_state=S ==> next_comm=swapper/1 next_pid=0 next_prio=120
          <idle>-0       [002] dnh.. 20036.616356: sched_wakeup: comm=sshd pid=562 prio=120 target_cpu=002
          <idle>-0       [002] d.... 20036.616381: sched_switch: prev_comm=swapper/2 prev_pid=0 prev_prio=120 prev_state=R ==> next_comm=sshd next_pid=562 next_prio=120
            sshd-562     [002] d.... 20036.617092: sched_switch: prev_comm=sshd prev_pid=562 prev_prio=120 prev_state=S ==> next_comm=swapper/2 next_pid=0 next_prio=120
          <idle>-0       [001] dnh.. 20036.708973: sched_wakeup: comm=raspbian_proc pid=608 prio=120 target_cpu=001
          <idle>-0       [001] d.... 20036.709023: sched_switch: prev_comm=swapper/1 prev_pid=0 prev_prio=120 prev_state=R ==> next_comm=raspbian_proc next_pid=608 next_prio=120
   raspbian_proc-608     [001] d.... 20036.709176: sched_wakeup: comm=kworker/1:0 pid=592 prio=120 target_cpu=001
   raspbian_proc-608     [001] d.... 20036.709279: sched_switch: prev_comm=raspbian_proc prev_pid=608 prev_prio=120 prev_state=S ==> next_comm=kworker/1:0 next_pid=592 next_prio=120
     kworker/1:0-592     [001] d.... 20036.709448: sched_switch: prev_comm=kworker/1:0 prev_pid=592 prev_prio=120 prev_state=I ==> next_comm=swapper/1 next_pid=0 next_prio=120
          <idle>-0       [000] dnH.. 20036.761763: sched_wakeup: comm=kcompactd0 pid=44 prio=120 target_cpu=000
          <idle>-0       [000] d.... 20036.761912: sched_switch: prev_comm=swapper/0 prev_pid=0 prev_prio=120 prev_state=R ==> next_comm=kcompactd0 next_pid=44 next_prio=120
      kcompactd0-44      [000] d.... 20036.761989: sched_switch: prev_comm=kcompactd0 prev_pid=44 prev_prio=120 prev_state=S ==> next_comm=swapper/0 next_pid=0 next_prio=120
          <idle>-0       [001] dns.. 20036.801689: sched_wakeup: comm=kworker/1:0 pid=592 prio=120 target_cpu=001
          <idle>-0       [001] d.... 20036.801758: sched_switch: prev_comm=swapper/1 prev_pid=0 prev_prio=120 prev_state=R ==> next_comm=kworker/1:0 next_pid=592 next_prio=120
     kworker/1:0-592     [001] d.... 20036.801815: sched_switch: prev_comm=kworker/1:0 prev_pid=592 prev_prio=120 prev_state=I ==> next_comm=swapper/1 next_pid=0 next_prio=120
          <idle>-0       [001] dns.. 20036.971690: sched_wakeup: comm=kworker/1:0 pid=592 prio=120 target_cpu=001
          <idle>-0       [001] d.... 20036.971757: sched_switch: prev_comm=swapper/1 prev_pid=0 prev_prio=120 prev_state=R ==> next_comm=kworker/1:0 next_pid=592 next_prio=120
     kworker/1:0-592     [001] d.... 20036.971848: sched_switch: prev_comm=kworker/1:0 prev_pid=592 prev_prio=120 prev_state=I ==> next_comm=swapper/1 next_pid=0 next_prio=120
          <idle>-0       [001] dns.. 20037.011689: sched_wakeup: comm=kworker/1:0 pid=592 prio=120 target_cpu=001
          <idle>-0       [001] d.... 20037.011756: sched_switch: prev_comm=swapper/1 prev_pid=0 prev_prio=120 prev_state=R ==> next_comm=kworker/1:0 next_pid=592 next_prio=120
     kworker/1:0-592     [001] d.... 20037.011809: sched_switch: prev_comm=kworker/1:0 prev_pid=592 prev_prio=120 prev_state=I ==> next_comm=swapper/1 next_pid=0 next_prio=120
          <idle>-0       [002] dnh.. 20037.012778: sched_wakeup: comm=sshd pid=562 prio=120 target_cpu=002
          <idle>-0       [002] d.... 20037.012866: sched_switch: prev_comm=swapper/2 prev_pid=0 prev_prio=120 prev_state=R ==> next_comm=sshd next_pid=562 next_prio=120
          <idle>-0       [003] dnh.. 20037.013603: sched_wakeup: comm=kworker/u16:2 pid=49 prio=120 target_cpu=003
          <idle>-0       [003] d.... 20037.013644: sched_switch: prev_comm=swapper/3 prev_pid=0 prev_prio=120 prev_state=R ==> next_comm=kworker/u16:2 next_pid=49 next_prio=120
   kworker/u16:2-49      [003] d.... 20037.013709: sched_switch: prev_comm=kworker/u16:2 prev_pid=49 prev_prio=120 prev_state=I ==> next_comm=swapper/3 next_pid=0 next_prio=120
            sshd-562     [002] d.... 20037.013710: sched_switch: prev_comm=sshd prev_pid=562 prev_prio=120 prev_state=S ==> next_comm=swapper/2 next_pid=0 next_prio=120
          <idle>-0       [001] dnh.. 20037.013719: sched_wakeup: comm=bash pid=563 prio=120 target_cpu=001
          <idle>-0       [001] d.... 20037.013742: sched_switch: prev_comm=swapper/1 prev_pid=0 prev_prio=120 prev_state=R ==> next_comm=bash next_pid=563 next_prio=120
          <idle>-0       [003] dnh.. 20037.014021: sched_wakeup: comm=kworker/u16:2 pid=49 prio=120 target_cpu=003
          <idle>-0       [003] d.... 20037.014041: sched_switch: prev_comm=swapper/3 prev_pid=0 prev_prio=120 prev_state=R ==> next_comm=kworker/u16:2 next_pid=49 next_prio=120
   kworker/u16:2-49      [003] d.... 20037.014089: sched_switch: prev_comm=kworker/u16:2 prev_pid=49 prev_prio=120 prev_state=I ==> next_comm=swapper/3 next_pid=0 next_prio=120
            bash-563     [001] d.... 20037.014116: sched_switch: prev_comm=bash prev_pid=563 prev_prio=120 prev_state=S ==> next_comm=swapper/1 next_pid=0 next_prio=120
          <idle>-0       [002] dnh.. 20037.014125: sched_wakeup: comm=sshd pid=562 prio=120 target_cpu=002
          <idle>-0       [002] d.... 20037.014150: sched_switch: prev_comm=swapper/2 prev_pid=0 prev_prio=120 prev_state=R ==> next_comm=sshd next_pid=562 next_prio=120
            sshd-562     [002] d.... 20037.015212: sched_switch: prev_comm=sshd prev_pid=562 prev_prio=120 prev_state=S ==> next_comm=swapper/2 next_pid=0 next_prio=120
          <idle>-0       [000] dns.. 20037.061749: sched_wakeup: comm=kworker/0:2 pid=568 prio=120 target_cpu=000
          <idle>-0       [000] d.... 20037.061880: sched_switch: prev_comm=swapper/0 prev_pid=0 prev_prio=120 prev_state=R ==> next_comm=kworker/0:2 next_pid=568 next_prio=120
     kworker/0:2-568     [000] d.... 20037.062007: sched_switch: prev_comm=kworker/0:2 prev_pid=568 prev_prio=120 prev_state=I ==> next_comm=swapper/0 next_pid=0 next_prio=120
          <idle>-0       [002] dnh.. 20037.062051: sched_wakeup: comm=kworker/2:0 pid=557 prio=120 target_cpu=002
          <idle>-0       [002] d.... 20037.062129: sched_switch: prev_comm=swapper/2 prev_pid=0 prev_prio=120 prev_state=R ==> next_comm=kworker/2:0 next_pid=557 next_prio=120
     kworker/2:0-557     [002] d.... 20037.062220: sched_switch: prev_comm=kworker/2:0 prev_pid=557 prev_prio=120 prev_state=I ==> next_comm=swapper/2 next_pid=0 next_prio=120
          <idle>-0       [002] dnh.. 20037.128306: sched_wakeup: comm=sshd pid=562 prio=120 target_cpu=002
          <idle>-0       [002] d.... 20037.128352: sched_switch: prev_comm=swapper/2 prev_pid=0 prev_prio=120 prev_state=R ==> next_comm=sshd next_pid=562 next_prio=120
          <idle>-0       [003] dnh.. 20037.128820: sched_wakeup: comm=kworker/u16:2 pid=49 prio=120 target_cpu=003
          <idle>-0       [003] d.... 20037.128863: sched_switch: prev_comm=swapper/3 prev_pid=0 prev_prio=120 prev_state=R ==> next_comm=kworker/u16:2 next_pid=49 next_prio=120
   kworker/u16:2-49      [003] d.... 20037.128923: sched_switch: prev_comm=kworker/u16:2 prev_pid=49 prev_prio=120 prev_state=I ==> next_comm=swapper/3 next_pid=0 next_prio=120
            sshd-562     [002] d.... 20037.128928: sched_switch: prev_comm=sshd prev_pid=562 prev_prio=120 prev_state=S ==> next_comm=swapper/2 next_pid=0 next_prio=120
          <idle>-0       [001] dnh.. 20037.128942: sched_wakeup: comm=bash pid=563 prio=120 target_cpu=001
          <idle>-0       [001] d.... 20037.128986: sched_switch: prev_comm=swapper/1 prev_pid=0 prev_prio=120 prev_state=R ==> next_comm=bash next_pid=563 next_prio=120
          <idle>-0       [003] dnh.. 20037.129321: sched_wakeup: comm=kworker/u16:2 pid=49 prio=120 target_cpu=003
          <idle>-0       [003] d.... 20037.129340: sched_switch: prev_comm=swapper/3 prev_pid=0 prev_prio=120 prev_state=R ==> next_comm=kworker/u16:2 next_pid=49 next_prio=120
   kworker/u16:2-49      [003] d.... 20037.129378: sched_switch: prev_comm=kworker/u16:2 prev_pid=49 prev_prio=120 prev_state=I ==> next_comm=swapper/3 next_pid=0 next_prio=120
          <idle>-0       [002] dnh.. 20037.129412: sched_wakeup: comm=sshd pid=562 prio=120 target_cpu=002
            bash-563     [001] d.... 20037.129424: sched_switch: prev_comm=bash prev_pid=563 prev_prio=120 prev_state=S ==> next_comm=swapper/1 next_pid=0 next_prio=120
          <idle>-0       [002] d.... 20037.129438: sched_switch: prev_comm=swapper/2 prev_pid=0 prev_prio=120 prev_state=R ==> next_comm=sshd next_pid=562 next_prio=120
            sshd-562     [002] d.... 20037.130125: sched_switch: prev_comm=sshd prev_pid=562 prev_prio=120 prev_state=S ==> next_comm=swapper/2 next_pid=0 next_prio=120
          <idle>-0       [003] dns.. 20037.131701: sched_wakeup: comm=kworker/u16:2 pid=49 prio=120 target_cpu=003
          <idle>-0       [003] d.... 20037.131741: sched_switch: prev_comm=swapper/3 prev_pid=0 prev_prio=120 prev_state=R ==> next_comm=kworker/u16:2 next_pid=49 next_prio=120
   kworker/u16:2-49      [003] d.... 20037.131793: sched_switch: prev_comm=kworker/u16:2 prev_pid=49 prev_prio=120 prev_state=I ==> next_comm=swapper/3 next_pid=0 next_prio=120
          <idle>-0       [001] dnh.. 20037.221685: sched_wakeup: comm=kworker/1:0 pid=592 prio=120 target_cpu=001
          <idle>-0       [003] dns.. 20037.221719: sched_wakeup: comm=kworker/3:1 pid=570 prio=120 target_cpu=003
          <idle>-0       [001] d.... 20037.221766: sched_switch: prev_comm=swapper/1 prev_pid=0 prev_prio=120 prev_state=R ==> next_comm=kworker/1:0 next_pid=592 next_prio=120
          <idle>-0       [003] d.... 20037.221785: sched_switch: prev_comm=swapper/3 prev_pid=0 prev_prio=120 prev_state=R ==> next_comm=kworker/3:1 next_pid=570 next_prio=120
     kworker/1:0-592     [001] d.... 20037.221834: sched_switch: prev_comm=kworker/1:0 prev_pid=592 prev_prio=120 prev_state=I ==> next_comm=swapper/1 next_pid=0 next_prio=120
     kworker/3:1-570     [003] d.... 20037.221851: sched_switch: prev_comm=kworker/3:1 prev_pid=570 prev_prio=120 prev_state=I ==> next_comm=swapper/3 next_pid=0 next_prio=120
          <idle>-0       [000] dns.. 20037.271688: sched_wakeup: comm=kcompactd0 pid=44 prio=120 target_cpu=000
          <idle>-0       [000] d.... 20037.271758: sched_switch: prev_comm=swapper/0 prev_pid=0 prev_prio=120 prev_state=R ==> next_comm=kcompactd0 next_pid=44 next_prio=120
      kcompactd0-44      [000] d.... 20037.271802: sched_switch: prev_comm=kcompactd0 prev_pid=44 prev_prio=120 prev_state=S ==> next_comm=swapper/0 next_pid=0 next_prio=120
          <idle>-0       [002] dnh.. 20037.384275: sched_wakeup: comm=sshd pid=562 prio=120 target_cpu=002
          <idle>-0       [002] d.... 20037.384367: sched_switch: prev_comm=swapper/2 prev_pid=0 prev_prio=120 prev_state=R ==> next_comm=sshd next_pid=562 next_prio=120
          <idle>-0       [003] dnh.. 20037.385296: sched_wakeup: comm=kworker/u16:2 pid=49 prio=120 target_cpu=003
            sshd-562     [002] d.... 20037.385351: sched_switch: prev_comm=sshd prev_pid=562 prev_prio=120 prev_state=S ==> next_comm=swapper/2 next_pid=0 next_prio=120
          <idle>-0       [003] d.... 20037.385368: sched_switch: prev_comm=swapper/3 prev_pid=0 prev_prio=120 prev_state=R ==> next_comm=kworker/u16:2 next_pid=49 next_prio=120
          <idle>-0       [001] dnh.. 20037.385484: sched_wakeup: comm=bash pid=563 prio=120 target_cpu=001
   kworker/u16:2-49      [003] d.... 20037.385490: sched_switch: prev_comm=kworker/u16:2 prev_pid=49 prev_prio=120 prev_state=I ==> next_comm=swapper/3 next_pid=0 next_prio=120
          <idle>-0       [001] d.... 20037.385526: sched_switch: prev_comm=swapper/1 prev_pid=0 prev_prio=120 prev_state=R ==> next_comm=bash next_pid=563 next_prio=120
          <idle>-0       [003] dnh.. 20037.387072: sched_wakeup: comm=kworker/u16:2 pid=49 prio=120 target_cpu=003
          <idle>-0       [003] d.... 20037.387116: sched_switch: prev_comm=swapper/3 prev_pid=0 prev_prio=120 prev_state=R ==> next_comm=kworker/u16:2 next_pid=49 next_prio=120
            bash-563     [001] d.... 20037.387131: sched_switch: prev_comm=bash prev_pid=563 prev_prio=120 prev_state=S ==> next_comm=swapper/1 next_pid=0 next_prio=120
   kworker/u16:2-49      [003] d.... 20037.387198: sched_switch: prev_comm=kworker/u16:2 prev_pid=49 prev_prio=120 prev_state=I ==> next_comm=swapper/3 next_pid=0 next_prio=120
          <idle>-0       [002] dnh.. 20037.387292: sched_wakeup: comm=sshd pid=562 prio=120 target_cpu=002
          <idle>-0       [002] d.... 20037.387352: sched_switch: prev_comm=swapper/2 prev_pid=0 prev_prio=120 prev_state=R ==> next_comm=sshd next_pid=562 next_prio=120
            sshd-562     [002] d.... 20037.388346: sched_switch: prev_comm=sshd prev_pid=562 prev_prio=120 prev_state=S ==> next_comm=swapper/2 next_pid=0 next_prio=120
          <idle>-0       [001] dns.. 20037.431712: sched_wakeup: comm=kworker/1:0 pid=592 prio=120 target_cpu=001
          <idle>-0       [001] d.... 20037.431780: sched_switch: prev_comm=swapper/1 prev_pid=0 prev_prio=120 prev_state=R ==> next_comm=kworker/1:0 next_pid=592 next_prio=120
     kworker/1:0-592     [001] d.... 20037.431837: sched_switch: prev_comm=kworker/1:0 prev_pid=592 prev_prio=120 prev_state=I ==> next_comm=swapper/1 next_pid=0 next_prio=120
          <idle>-0       [001] dns.. 20037.641682: sched_wakeup: comm=kworker/1:0 pid=592 prio=120 target_cpu=001
          <idle>-0       [001] d.... 20037.641735: sched_switch: prev_comm=swapper/1 prev_pid=0 prev_prio=120 prev_state=R ==> next_comm=kworker/1:0 next_pid=592 next_prio=120
     kworker/1:0-592     [001] d.... 20037.641786: sched_switch: prev_comm=kworker/1:0 prev_pid=592 prev_prio=120 prev_state=I ==> next_comm=swapper/1 next_pid=0 next_prio=120
          <idle>-0       [000] dnH.. 20037.781753: sched_wakeup: comm=kcompactd0 pid=44 prio=120 target_cpu=000
          <idle>-0       [000] d.... 20037.781803: sched_switch: prev_comm=swapper/0 prev_pid=0 prev_prio=120 prev_state=R ==> next_comm=kcompactd0 next_pid=44 next_prio=120
      kcompactd0-44      [000] d.... 20037.781844: sched_switch: prev_comm=kcompactd0 prev_pid=44 prev_prio=120 prev_state=S ==> next_comm=swapper/0 next_pid=0 next_prio=120
          <idle>-0       [001] dns.. 20037.851696: sched_wakeup: comm=kworker/1:0 pid=592 prio=120 target_cpu=001
          <idle>-0       [001] d.... 20037.851758: sched_switch: prev_comm=swapper/1 prev_pid=0 prev_prio=120 prev_state=R ==> next_comm=kworker/1:0 next_pid=592 next_prio=120
     kworker/1:0-592     [001] d.... 20037.851811: sched_switch: prev_comm=kworker/1:0 prev_pid=592 prev_prio=120 prev_state=I ==> next_comm=swapper/1 next_pid=0 next_prio=120
          <idle>-0       [001] dns.. 20038.011676: sched_wakeup: comm=kworker/1:0 pid=592 prio=120 target_cpu=001
          <idle>-0       [001] d.... 20038.011750: sched_switch: prev_comm=swapper/1 prev_pid=0 prev_prio=120 prev_state=R ==> next_comm=kworker/1:0 next_pid=592 next_prio=120
     kworker/1:0-592     [001] d.... 20038.011850: sched_switch: prev_comm=kworker/1:0 prev_pid=592 prev_prio=120 prev_state=I ==> next_comm=swapper/1 next_pid=0 next_prio=120
          <idle>-0       [002] dns.. 20038.021787: sched_wakeup: comm=kworker/2:0 pid=557 prio=120 target_cpu=002
          <idle>-0       [002] d.... 20038.021916: sched_switch: prev_comm=swapper/2 prev_pid=0 prev_prio=120 prev_state=R ==> next_comm=kworker/2:0 next_pid=557 next_prio=120
     kworker/2:0-557     [002] d.... 20038.022012: sched_switch: prev_comm=kworker/2:0 prev_pid=557 prev_prio=120 prev_state=I ==> next_comm=swapper/2 next_pid=0 next_prio=120
          <idle>-0       [001] dns.. 20038.061682: sched_wakeup: comm=kworker/1:0 pid=592 prio=120 target_cpu=001
          <idle>-0       [001] d.... 20038.061739: sched_switch: prev_comm=swapper/1 prev_pid=0 prev_prio=120 prev_state=R ==> next_comm=kworker/1:0 next_pid=592 next_prio=120
     kworker/1:0-592     [001] d.... 20038.061782: sched_switch: prev_comm=kworker/1:0 prev_pid=592 prev_prio=120 prev_state=I ==> next_comm=swapper/1 next_pid=0 next_prio=120
          <idle>-0       [001] dns.. 20038.271700: sched_wakeup: comm=kworker/1:0 pid=592 prio=120 target_cpu=001
          <idle>-0       [001] d.... 20038.271768: sched_switch: prev_comm=swapper/1 prev_pid=0 prev_prio=120 prev_state=R ==> next_comm=kworker/1:0 next_pid=592 next_prio=120
          <idle>-0       [000] dns.. 20038.271779: sched_wakeup: comm=kworker/0:2 pid=568 prio=120 target_cpu=000
     kworker/1:0-592     [001] d.... 20038.271817: sched_switch: prev_comm=kworker/1:0 prev_pid=592 prev_prio=120 prev_state=I ==> next_comm=swapper/1 next_pid=0 next_prio=120
          <idle>-0       [000] d.... 20038.271907: sched_switch: prev_comm=swapper/0 prev_pid=0 prev_prio=120 prev_state=R ==> next_comm=kworker/0:2 next_pid=568 next_prio=120
     kworker/0:2-568     [000] d.... 20038.271998: sched_switch: prev_comm=kworker/0:2 prev_pid=568 prev_prio=120 prev_state=I ==> next_comm=swapper/0 next_pid=0 next_prio=120
          <idle>-0       [000] dns.. 20038.291761: sched_wakeup: comm=kcompactd0 pid=44 prio=120 target_cpu=000
          <idle>-0       [000] d.... 20038.291847: sched_switch: prev_comm=swapper/0 prev_pid=0 prev_prio=120 prev_state=R ==> next_comm=kcompactd0 next_pid=44 next_prio=120
      kcompactd0-44      [000] d.... 20038.291915: sched_switch: prev_comm=kcompactd0 prev_pid=44 prev_prio=120 prev_state=S ==> next_comm=swapper/0 next_pid=0 next_prio=120
          <idle>-0       [002] dnh.. 20038.325567: sched_wakeup: comm=sshd pid=562 prio=120 target_cpu=002
          <idle>-0       [002] d.... 20038.325662: sched_switch: prev_comm=swapper/2 prev_pid=0 prev_prio=120 prev_state=R ==> next_comm=sshd next_pid=562 next_prio=120
          <idle>-0       [003] dnh.. 20038.326245: sched_wakeup: comm=kworker/u16:2 pid=49 prio=120 target_cpu=003
          <idle>-0       [003] d.... 20038.326307: sched_switch: prev_comm=swapper/3 prev_pid=0 prev_prio=120 prev_state=R ==> next_comm=kworker/u16:2 next_pid=49 next_prio=120
            sshd-562     [002] d.... 20038.326380: sched_switch: prev_comm=sshd prev_pid=562 prev_prio=120 prev_state=S ==> next_comm=swapper/2 next_pid=0 next_prio=120
   kworker/u16:2-49      [003] d.... 20038.326395: sched_switch: prev_comm=kworker/u16:2 prev_pid=49 prev_prio=120 prev_state=I ==> next_comm=swapper/3 next_pid=0 next_prio=120
          <idle>-0       [001] dnh.. 20038.326400: sched_wakeup: comm=bash pid=563 prio=120 target_cpu=001
          <idle>-0       [001] d.... 20038.326437: sched_switch: prev_comm=swapper/1 prev_pid=0 prev_prio=120 prev_state=R ==> next_comm=bash next_pid=563 next_prio=120
          <idle>-0       [003] dnh.. 20038.326838: sched_wakeup: comm=kworker/u16:2 pid=49 prio=120 target_cpu=003
          <idle>-0       [003] d.... 20038.326860: sched_switch: prev_comm=swapper/3 prev_pid=0 prev_prio=120 prev_state=R ==> next_comm=kworker/u16:2 next_pid=49 next_prio=120
   kworker/u16:2-49      [003] d.... 20038.326905: sched_switch: prev_comm=kworker/u16:2 prev_pid=49 prev_prio=120 prev_state=I ==> next_comm=swapper/3 next_pid=0 next_prio=120
          <idle>-0       [002] dnh.. 20038.326942: sched_wakeup: comm=sshd pid=562 prio=120 target_cpu=002
          <idle>-0       [002] d.... 20038.326977: sched_switch: prev_comm=swapper/2 prev_pid=0 prev_prio=120 prev_state=R ==> next_comm=sshd next_pid=562 next_prio=120
          <idle>-0       [003] dnh.. 20038.327003: sched_wakeup: comm=kworker/u16:2 pid=49 prio=120 target_cpu=003
          <idle>-0       [003] d.... 20038.327033: sched_switch: prev_comm=swapper/3 prev_pid=0 prev_prio=120 prev_state=R ==> next_comm=kworker/u16:2 next_pid=49 next_prio=120
   kworker/u16:2-49      [003] d.... 20038.327084: sched_switch: prev_comm=kworker/u16:2 prev_pid=49 prev_prio=120 prev_state=I ==> next_comm=swapper/3 next_pid=0 next_prio=120
            bash-563     [001] d.... 20038.327118: sched_switch: prev_comm=bash prev_pid=563 prev_prio=120 prev_state=S ==> next_comm=swapper/1 next_pid=0 next_prio=120
            sshd-562     [002] d.... 20038.327740: sched_switch: prev_comm=sshd prev_pid=562 prev_prio=120 prev_state=S ==> next_comm=swapper/2 next_pid=0 next_prio=120
          <idle>-0       [003] dns.. 20038.331715: sched_wakeup: comm=kworker/3:1 pid=570 prio=120 target_cpu=003
          <idle>-0       [003] d.... 20038.331776: sched_switch: prev_comm=swapper/3 prev_pid=0 prev_prio=120 prev_state=R ==> next_comm=kworker/3:1 next_pid=570 next_prio=120
     kworker/3:1-570     [003] d.... 20038.331862: sched_switch: prev_comm=kworker/3:1 prev_pid=570 prev_prio=120 prev_state=I ==> next_comm=swapper/3 next_pid=0 next_prio=120
          <idle>-0       [001] dns.. 20038.481710: sched_wakeup: comm=kworker/1:0 pid=592 prio=120 target_cpu=001
          <idle>-0       [001] d.... 20038.481775: sched_switch: prev_comm=swapper/1 prev_pid=0 prev_prio=120 prev_state=R ==> next_comm=kworker/1:0 next_pid=592 next_prio=120
     kworker/1:0-592     [001] d.... 20038.481833: sched_switch: prev_comm=kworker/1:0 prev_pid=592 prev_prio=120 prev_state=I ==> next_comm=swapper/1 next_pid=0 next_prio=120
          <idle>-0       [001] dns.. 20038.651698: sched_wakeup: comm=kworker/1:0 pid=592 prio=120 target_cpu=001
          <idle>-0       [001] d.... 20038.651753: sched_switch: prev_comm=swapper/1 prev_pid=0 prev_prio=120 prev_state=R ==> next_comm=kworker/1:0 next_pid=592 next_prio=120
     kworker/1:0-592     [001] d.h.. 20038.651848: sched_wakeup: comm=kworker/1:0 pid=592 prio=120 target_cpu=001
     kworker/1:0-592     [001] d.... 20038.651921: sched_switch: prev_comm=kworker/1:0 prev_pid=592 prev_prio=120 prev_state=I ==> next_comm=swapper/1 next_pid=0 next_prio=120
          <idle>-0       [001] dns.. 20038.691690: sched_wakeup: comm=kworker/1:0 pid=592 prio=120 target_cpu=001
          <idle>-0       [001] d.... 20038.691744: sched_switch: prev_comm=swapper/1 prev_pid=0 prev_prio=120 prev_state=R ==> next_comm=kworker/1:0 next_pid=592 next_prio=120
     kworker/1:0-592     [001] d.... 20038.691792: sched_switch: prev_comm=kworker/1:0 prev_pid=592 prev_prio=120 prev_state=I ==> next_comm=swapper/1 next_pid=0 next_prio=120
          <idle>-0       [002] dns.. 20038.771840: sched_wakeup: comm=kworker/2:0 pid=557 prio=120 target_cpu=002
          <idle>-0       [002] d.... 20038.771978: sched_switch: prev_comm=swapper/2 prev_pid=0 prev_prio=120 prev_state=R ==> next_comm=kworker/2:0 next_pid=557 next_prio=120
     kworker/2:0-557     [002] d.... 20038.772076: sched_switch: prev_comm=kworker/2:0 prev_pid=557 prev_prio=120 prev_state=I ==> next_comm=swapper/2 next_pid=0 next_prio=120
          <idle>-0       [000] dnH.. 20038.801742: sched_wakeup: comm=kcompactd0 pid=44 prio=120 target_cpu=000
          <idle>-0       [000] d.... 20038.801804: sched_switch: prev_comm=swapper/0 prev_pid=0 prev_prio=120 prev_state=R ==> next_comm=kcompactd0 next_pid=44 next_prio=120
      kcompactd0-44      [000] d.... 20038.801844: sched_switch: prev_comm=kcompactd0 prev_pid=44 prev_prio=120 prev_state=S ==> next_comm=swapper/0 next_pid=0 next_prio=120
          <idle>-0       [002] dnh.. 20038.870273: sched_wakeup: comm=sshd pid=562 prio=120 target_cpu=002
          <idle>-0       [002] d.... 20038.870317: sched_switch: prev_comm=swapper/2 prev_pid=0 prev_prio=120 prev_state=R ==> next_comm=sshd next_pid=562 next_prio=120
          <idle>-0       [003] dnh.. 20038.871045: sched_wakeup: comm=kworker/u16:2 pid=49 prio=120 target_cpu=003
            sshd-562     [002] d.... 20038.871140: sched_switch: prev_comm=sshd prev_pid=562 prev_prio=120 prev_state=S ==> next_comm=swapper/2 next_pid=0 next_prio=120
          <idle>-0       [003] d.... 20038.871174: sched_switch: prev_comm=swapper/3 prev_pid=0 prev_prio=120 prev_state=R ==> next_comm=kworker/u16:2 next_pid=49 next_prio=120
   kworker/u16:2-49      [003] d.... 20038.871247: sched_switch: prev_comm=kworker/u16:2 prev_pid=49 prev_prio=120 prev_state=I ==> next_comm=swapper/3 next_pid=0 next_prio=120
          <idle>-0       [001] dnh.. 20038.871256: sched_wakeup: comm=bash pid=563 prio=120 target_cpu=001
          <idle>-0       [001] d.... 20038.871297: sched_switch: prev_comm=swapper/1 prev_pid=0 prev_prio=120 prev_state=R ==> next_comm=bash next_pid=563 next_prio=120
          <idle>-0       [003] dnh.. 20038.871481: sched_wakeup: comm=kworker/u16:2 pid=49 prio=120 target_cpu=003
          <idle>-0       [003] d.... 20038.871502: sched_switch: prev_comm=swapper/3 prev_pid=0 prev_prio=120 prev_state=R ==> next_comm=kworker/u16:2 next_pid=49 next_prio=120
   kworker/u16:2-49      [003] d.... 20038.871542: sched_switch: prev_comm=kworker/u16:2 prev_pid=49 prev_prio=120 prev_state=I ==> next_comm=swapper/3 next_pid=0 next_prio=120
          <idle>-0       [003] dnh.. 20038.871588: sched_wakeup: comm=kworker/u16:2 pid=49 prio=120 target_cpu=003
          <idle>-0       [002] dnh.. 20038.871592: sched_wakeup: comm=sshd pid=562 prio=120 target_cpu=002
          <idle>-0       [003] d.... 20038.871606: sched_switch: prev_comm=swapper/3 prev_pid=0 prev_prio=120 prev_state=R ==> next_comm=kworker/u16:2 next_pid=49 next_prio=120
          <idle>-0       [002] d.... 20038.871622: sched_switch: prev_comm=swapper/2 prev_pid=0 prev_prio=120 prev_state=R ==> next_comm=sshd next_pid=562 next_prio=120
   kworker/u16:2-49      [003] d.... 20038.871713: sched_switch: prev_comm=kworker/u16:2 prev_pid=49 prev_prio=120 prev_state=I ==> next_comm=swapper/3 next_pid=0 next_prio=120
            sshd-562     [002] d.... 20038.872477: sched_switch: prev_comm=sshd prev_pid=562 prev_prio=120 prev_state=S ==> next_comm=swapper/2 next_pid=0 next_prio=120
            bash-563     [001] d.... 20038.872721: signal_generate: sig=9 errno=0 code=0 comm=raspbian_proc pid=608 grp=1 res=0
          <idle>-0       [003] dnh.. 20038.872765: sched_wakeup: comm=raspbian_proc pid=608 prio=120 target_cpu=003
          <idle>-0       [003] d.... 20038.872787: sched_switch: prev_comm=swapper/3 prev_pid=0 prev_prio=120 prev_state=R ==> next_comm=raspbian_proc next_pid=608 next_prio=120
   raspbian_proc-608     [003] d.... 20038.872959: signal_deliver: sig=9 errno=0 code=0 sa_handler=0 sa_flags=0
   raspbian_proc-608     [003] ..... 20038.873096: do_exit+0xc/0xa24 <-do_group_exit+0x40/0x8c
   raspbian_proc-608     [003] ..... 20038.873124: <stack trace>
 => do_exit+0x10/0xa24
 => do_group_exit+0x40/0x8c
 => get_signal+0x92c/0x978
 => do_work_pending+0x22c/0x4dc
 => slow_work_pending+0xc/0x24
   raspbian_proc-608     [003] ..... 20038.873171: sched_process_exit: comm=raspbian_proc pid=608 prio=120 group_dead=true
          <idle>-0       [000] dnh.. 20038.873538: sched_wakeup: comm=kworker/u16:2 pid=49 prio=120 target_cpu=000
          <idle>-0       [000] d.... 20038.873579: sched_switch: prev_comm=swapper/0 prev_pid=0 prev_prio=120 prev_state=R ==> next_comm=kworker/u16:2 next_pid=49 next_prio=120
   kworker/u16:2-49      [000] d.... 20038.873638: sched_switch: prev_comm=kworker/u16:2 prev_pid=49 prev_prio=120 prev_state=I ==> next_comm=swapper/0 next_pid=0 next_prio=120
          <idle>-0       [002] dnh.. 20038.873672: sched_wakeup: comm=sshd pid=562 prio=120 target_cpu=002
          <idle>-0       [002] d.... 20038.873700: sched_switch: prev_comm=swapper/2 prev_pid=0 prev_prio=120 prev_state=R ==> next_comm=sshd next_pid=562 next_prio=120
   raspbian_proc-608     [003] dn... 20038.873821: signal_generate: sig=17 errno=0 code=2 comm=bash pid=206 grp=1 res=0
   raspbian_proc-608     [003] d.... 20038.873886: sched_switch: prev_comm=raspbian_proc prev_pid=608 prev_prio=120 prev_state=Z ==> next_comm=swapper/3 next_pid=0 next_prio=120
          <idle>-0       [000] dnh.. 20038.873896: sched_wakeup: comm=bash pid=206 prio=120 target_cpu=000
          <idle>-0       [000] d.... 20038.873920: sched_switch: prev_comm=swapper/0 prev_pid=0 prev_prio=120 prev_state=R ==> next_comm=bash next_pid=206 next_prio=120
          <idle>-0       [003] dnh.. 20038.873928: sched_wakeup: comm=kworker/u16:2 pid=49 prio=120 target_cpu=003
          <idle>-0       [003] d.... 20038.873946: sched_switch: prev_comm=swapper/3 prev_pid=0 prev_prio=120 prev_state=R ==> next_comm=kworker/u16:2 next_pid=49 next_prio=120
   kworker/u16:2-49      [003] d.... 20038.873978: sched_switch: prev_comm=kworker/u16:2 prev_pid=49 prev_prio=120 prev_state=I ==> next_comm=swapper/3 next_pid=0 next_prio=120
            bash-563     [001] d.... 20038.874006: sched_switch: prev_comm=bash prev_pid=563 prev_prio=120 prev_state=S ==> next_comm=swapper/1 next_pid=0 next_prio=120
            sshd-562     [002] d.... 20038.875288: sched_switch: prev_comm=sshd prev_pid=562 prev_prio=120 prev_state=S ==> next_comm=swapper/2 next_pid=0 next_prio=120
            bash-206     [000] dn... 20038.876747: sched_wakeup: comm=kworker/0:2 pid=568 prio=120 target_cpu=000
            bash-206     [000] d.... 20038.876787: sched_switch: prev_comm=bash prev_pid=206 prev_prio=120 prev_state=R+ ==> next_comm=kworker/0:2 next_pid=568 next_prio=120
     kworker/0:2-568     [000] d.... 20038.876884: sched_switch: prev_comm=kworker/0:2 prev_pid=568 prev_prio=120 prev_state=I ==> next_comm=bash next_pid=206 next_prio=120
            bash-206     [000] d.... 20038.877088: signal_deliver: sig=17 errno=0 code=2 sa_handler=4b56fd sa_flags=14000000
            bash-206     [000] d.... 20038.878952: sched_switch: prev_comm=bash prev_pid=206 prev_prio=120 prev_state=S ==> next_comm=swapper/0 next_pid=0 next_prio=120
          <idle>-0       [002] dnH.. 20038.881803: sched_wakeup: comm=rcu_sched pid=15 prio=120 target_cpu=002
          <idle>-0       [002] d.... 20038.881883: sched_switch: prev_comm=swapper/2 prev_pid=0 prev_prio=120 prev_state=R ==> next_comm=rcu_sched next_pid=15 next_prio=120
       rcu_sched-15      [002] d.... 20038.881952: sched_switch: prev_comm=rcu_sched prev_pid=15 prev_prio=120 prev_state=I ==> next_comm=swapper/2 next_pid=0 next_prio=120
          <idle>-0       [002] dns.. 20038.901683: sched_wakeup: comm=rcu_sched pid=15 prio=120 target_cpu=002
          <idle>-0       [001] dns.. 20038.901708: sched_wakeup: comm=kworker/1:0 pid=592 prio=120 target_cpu=001
          <idle>-0       [002] d.... 20038.901736: sched_switch: prev_comm=swapper/2 prev_pid=0 prev_prio=120 prev_state=R ==> next_comm=rcu_sched next_pid=15 next_prio=120
       rcu_sched-15      [002] d.... 20038.901767: sched_switch: prev_comm=rcu_sched prev_pid=15 prev_prio=120 prev_state=I ==> next_comm=swapper/2 next_pid=0 next_prio=120
          <idle>-0       [001] d.... 20038.901775: sched_switch: prev_comm=swapper/1 prev_pid=0 prev_prio=120 prev_state=R ==> next_comm=kworker/1:0 next_pid=592 next_prio=120
     kworker/1:0-592     [001] d.... 20038.901828: sched_switch: prev_comm=kworker/1:0 prev_pid=592 prev_prio=120 prev_state=I ==> next_comm=swapper/1 next_pid=0 next_prio=120
          <idle>-0       [002] dnH.. 20038.911695: sched_wakeup: comm=rcu_sched pid=15 prio=120 target_cpu=002
          <idle>-0       [002] d.... 20038.911727: sched_switch: prev_comm=swapper/2 prev_pid=0 prev_prio=120 prev_state=R ==> next_comm=rcu_sched next_pid=15 next_prio=120
       rcu_sched-15      [002] d.... 20038.911753: sched_switch: prev_comm=rcu_sched prev_pid=15 prev_prio=120 prev_state=I ==> next_comm=swapper/2 next_pid=0 next_prio=120
          <idle>-0       [003] dns.. 20038.921795: sched_wakeup: comm=kworker/3:1 pid=570 prio=120 target_cpu=003
          <idle>-0       [003] d.... 20038.921844: sched_switch: prev_comm=swapper/3 prev_pid=0 prev_prio=120 prev_state=R ==> next_comm=kworker/3:1 next_pid=570 next_prio=120
     kworker/3:1-570     [003] d.... 20038.921946: sched_switch: prev_comm=kworker/3:1 prev_pid=570 prev_prio=120 prev_state=I ==> next_comm=swapper/3 next_pid=0 next_prio=120
          <idle>-0       [002] dnh.. 20038.931719: sched_wakeup: comm=rcu_sched pid=15 prio=120 target_cpu=002
          <idle>-0       [002] d.... 20038.931776: sched_switch: prev_comm=swapper/2 prev_pid=0 prev_prio=120 prev_state=R ==> next_comm=rcu_sched next_pid=15 next_prio=120
       rcu_sched-15      [002] d.... 20038.931832: sched_switch: prev_comm=rcu_sched prev_pid=15 prev_prio=120 prev_state=I ==> next_comm=swapper/2 next_pid=0 next_prio=120
          <idle>-0       [002] dns.. 20038.951753: sched_wakeup: comm=rcu_sched pid=15 prio=120 target_cpu=002
          <idle>-0       [002] d.... 20038.951831: sched_switch: prev_comm=swapper/2 prev_pid=0 prev_prio=120 prev_state=R ==> next_comm=rcu_sched next_pid=15 next_prio=120
       rcu_sched-15      [002] d.... 20038.951895: sched_switch: prev_comm=rcu_sched prev_pid=15 prev_prio=120 prev_state=I ==> next_comm=swapper/2 next_pid=0 next_prio=120
          <idle>-0       [002] dnh.. 20038.971861: sched_wakeup: comm=rcu_sched pid=15 prio=120 target_cpu=002
          <idle>-0       [002] d.... 20038.971924: sched_switch: prev_comm=swapper/2 prev_pid=0 prev_prio=120 prev_state=R ==> next_comm=rcu_sched next_pid=15 next_prio=120
       rcu_sched-15      [002] d.... 20038.971971: sched_switch: prev_comm=rcu_sched prev_pid=15 prev_prio=120 prev_state=I ==> next_comm=swapper/2 next_pid=0 next_prio=120
          <idle>-0       [002] dns.. 20039.001751: sched_wakeup: comm=rcu_sched pid=15 prio=120 target_cpu=002
          <idle>-0       [002] d.... 20039.001829: sched_switch: prev_comm=swapper/2 prev_pid=0 prev_prio=120 prev_state=R ==> next_comm=rcu_sched next_pid=15 next_prio=120
       rcu_sched-15      [002] d.... 20039.001895: sched_switch: prev_comm=rcu_sched prev_pid=15 prev_prio=120 prev_state=I ==> next_comm=swapper/2 next_pid=0 next_prio=120
          <idle>-0       [001] dns.. 20039.051699: sched_wakeup: comm=kworker/1:0 pid=592 prio=120 target_cpu=001
          <idle>-0       [001] d.... 20039.051774: sched_switch: prev_comm=swapper/1 prev_pid=0 prev_prio=120 prev_state=R ==> next_comm=kworker/1:0 next_pid=592 next_prio=120
     kworker/1:0-592     [001] d.... 20039.051882: sched_switch: prev_comm=kworker/1:0 prev_pid=592 prev_prio=120 prev_state=I ==> next_comm=swapper/1 next_pid=0 next_prio=120
          <idle>-0       [001] dns.. 20039.111690: sched_wakeup: comm=kworker/1:0 pid=592 prio=120 target_cpu=001
          <idle>-0       [001] d.... 20039.111754: sched_switch: prev_comm=swapper/1 prev_pid=0 prev_prio=120 prev_state=R ==> next_comm=kworker/1:0 next_pid=592 next_prio=120
     kworker/1:0-592     [001] d.... 20039.111807: sched_switch: prev_comm=kworker/1:0 prev_pid=592 prev_prio=120 prev_state=I ==> next_comm=swapper/1 next_pid=0 next_prio=120
          <idle>-0       [000] dnH.. 20039.311812: sched_wakeup: comm=kcompactd0 pid=44 prio=120 target_cpu=000
          <idle>-0       [000] d.... 20039.311927: sched_switch: prev_comm=swapper/0 prev_pid=0 prev_prio=120 prev_state=R ==> next_comm=kcompactd0 next_pid=44 next_prio=120
      kcompactd0-44      [000] d.... 20039.312006: sched_switch: prev_comm=kcompactd0 prev_pid=44 prev_prio=120 prev_state=S ==> next_comm=swapper/0 next_pid=0 next_prio=120
          <idle>-0       [001] dns.. 20039.321692: sched_wakeup: comm=kworker/1:0 pid=592 prio=120 target_cpu=001
          <idle>-0       [001] d.... 20039.321736: sched_switch: prev_comm=swapper/1 prev_pid=0 prev_prio=120 prev_state=R ==> next_comm=kworker/1:0 next_pid=592 next_prio=120
     kworker/1:0-592     [001] d.... 20039.321798: sched_switch: prev_comm=kworker/1:0 prev_pid=592 prev_prio=120 prev_state=I ==> next_comm=swapper/1 next_pid=0 next_prio=120
          <idle>-0       [003] dns.. 20039.501796: sched_wakeup: comm=kworker/u16:2 pid=49 prio=120 target_cpu=003
          <idle>-0       [003] d.... 20039.501933: sched_switch: prev_comm=swapper/3 prev_pid=0 prev_prio=120 prev_state=R ==> next_comm=kworker/u16:2 next_pid=49 next_prio=120
          <idle>-0       [000] dnh.. 20039.501978: sched_wakeup: comm=kworker/0:2 pid=568 prio=120 target_cpu=000
          <idle>-0       [000] d.... 20039.502066: sched_switch: prev_comm=swapper/0 prev_pid=0 prev_prio=120 prev_state=R ==> next_comm=kworker/0:2 next_pid=568 next_prio=120
   kworker/u16:2-49      [003] d.... 20039.502096: sched_switch: prev_comm=kworker/u16:2 prev_pid=49 prev_prio=120 prev_state=I ==> next_comm=swapper/3 next_pid=0 next_prio=120
     kworker/0:2-568     [000] d.... 20039.502187: sched_switch: prev_comm=kworker/0:2 prev_pid=568 prev_prio=120 prev_state=I ==> next_comm=swapper/0 next_pid=0 next_prio=120
          <idle>-0       [001] dns.. 20039.531684: sched_wakeup: comm=kworker/1:0 pid=592 prio=120 target_cpu=001
          <idle>-0       [001] d.... 20039.531728: sched_switch: prev_comm=swapper/1 prev_pid=0 prev_prio=120 prev_state=R ==> next_comm=kworker/1:0 next_pid=592 next_prio=120
     kworker/1:0-592     [001] d.... 20039.531793: sched_switch: prev_comm=kworker/1:0 prev_pid=592 prev_prio=120 prev_state=I ==> next_comm=swapper/1 next_pid=0 next_prio=120
          <idle>-0       [003] dnh.. 20039.531832: sched_wakeup: comm=kworker/u16:2 pid=49 prio=120 target_cpu=003
          <idle>-0       [003] d.... 20039.531899: sched_switch: prev_comm=swapper/3 prev_pid=0 prev_prio=120 prev_state=R ==> next_comm=kworker/u16:2 next_pid=49 next_prio=120
          <idle>-0       [000] dnh.. 20039.532052: sched_wakeup: comm=kworker/u16:1 pid=465 prio=120 target_cpu=000
   kworker/u16:2-49      [003] d.... 20039.532068: sched_switch: prev_comm=kworker/u16:2 prev_pid=49 prev_prio=120 prev_state=I ==> next_comm=swapper/3 next_pid=0 next_prio=120
          <idle>-0       [000] d.... 20039.532115: sched_switch: prev_comm=swapper/0 prev_pid=0 prev_prio=120 prev_state=R ==> next_comm=kworker/u16:1 next_pid=465 next_prio=120
   kworker/u16:1-465     [000] d.... 20039.532162: sched_switch: prev_comm=kworker/u16:1 prev_pid=465 prev_prio=120 prev_state=I ==> next_comm=swapper/0 next_pid=0 next_prio=120
          <idle>-0       [000] dnh.. 20039.691801: sched_wakeup: comm=kworker/u16:1 pid=465 prio=120 target_cpu=000
          <idle>-0       [000] d.... 20039.691836: sched_switch: prev_comm=swapper/0 prev_pid=0 prev_prio=120 prev_state=R ==> next_comm=kworker/u16:1 next_pid=465 next_prio=120
   kworker/u16:1-465     [000] d.... 20039.693217: sched_switch: prev_comm=kworker/u16:1 prev_pid=465 prev_prio=120 prev_state=D ==> next_comm=swapper/0 next_pid=0 next_prio=120
          <idle>-0       [003] dns.. 20039.693286: sched_wakeup: comm=kworker/3:1 pid=570 prio=120 target_cpu=003
          <idle>-0       [003] d.... 20039.693371: sched_switch: prev_comm=swapper/3 prev_pid=0 prev_prio=120 prev_state=R ==> next_comm=kworker/3:1 next_pid=570 next_prio=120
     kworker/3:1-570     [003] d.... 20039.693467: sched_switch: prev_comm=kworker/3:1 prev_pid=570 prev_prio=120 prev_state=I ==> next_comm=swapper/3 next_pid=0 next_prio=120
          <idle>-0       [002] d.h.. 20039.693490: sched_wakeup: comm=irq/113-mmc0 pid=73 prio=49 target_cpu=003
          <idle>-0       [003] d.... 20039.693561: sched_switch: prev_comm=swapper/3 prev_pid=0 prev_prio=120 prev_state=R ==> next_comm=irq/113-mmc0 next_pid=73 next_prio=49
          <idle>-0       [000] dnh.. 20039.693656: sched_wakeup: comm=kworker/u16:1 pid=465 prio=120 target_cpu=000
    irq/113-mmc0-73      [003] d.... 20039.693661: sched_switch: prev_comm=irq/113-mmc0 prev_pid=73 prev_prio=49 prev_state=S ==> next_comm=swapper/3 next_pid=0 next_prio=120
          <idle>-0       [000] d.... 20039.693677: sched_switch: prev_comm=swapper/0 prev_pid=0 prev_prio=120 prev_state=R ==> next_comm=kworker/u16:1 next_pid=465 next_prio=120
          <idle>-0       [003] dns.. 20039.694563: sched_wakeup: comm=kworker/3:1 pid=570 prio=120 target_cpu=003
          <idle>-0       [003] d.... 20039.694589: sched_switch: prev_comm=swapper/3 prev_pid=0 prev_prio=120 prev_state=R ==> next_comm=kworker/3:1 next_pid=570 next_prio=120
   kworker/u16:1-465     [000] d.... 20039.694624: sched_switch: prev_comm=kworker/u16:1 prev_pid=465 prev_prio=120 prev_state=D ==> next_comm=swapper/0 next_pid=0 next_prio=120
     kworker/3:1-570     [003] d.... 20039.694626: sched_switch: prev_comm=kworker/3:1 prev_pid=570 prev_prio=120 prev_state=I ==> next_comm=swapper/3 next_pid=0 next_prio=120
          <idle>-0       [003] dnh.. 20039.694692: sched_wakeup: comm=irq/113-mmc0 pid=73 prio=49 target_cpu=003
          <idle>-0       [003] d.... 20039.694712: sched_switch: prev_comm=swapper/3 prev_pid=0 prev_prio=120 prev_state=R ==> next_comm=irq/113-mmc0 next_pid=73 next_prio=49
    irq/113-mmc0-73      [003] d.... 20039.694752: sched_switch: prev_comm=irq/113-mmc0 prev_pid=73 prev_prio=49 prev_state=S ==> next_comm=swapper/3 next_pid=0 next_prio=120
          <idle>-0       [000] dnh.. 20039.694765: sched_wakeup: comm=kworker/u16:1 pid=465 prio=120 target_cpu=000
          <idle>-0       [000] d.... 20039.694783: sched_switch: prev_comm=swapper/0 prev_pid=0 prev_prio=120 prev_state=R ==> next_comm=kworker/u16:1 next_pid=465 next_prio=120
          <idle>-0       [003] dns.. 20039.695717: sched_wakeup: comm=kworker/3:1 pid=570 prio=120 target_cpu=003
          <idle>-0       [003] d.... 20039.695749: sched_switch: prev_comm=swapper/3 prev_pid=0 prev_prio=120 prev_state=R ==> next_comm=kworker/3:1 next_pid=570 next_prio=120
     kworker/3:1-570     [003] d.... 20039.695796: sched_switch: prev_comm=kworker/3:1 prev_pid=570 prev_prio=120 prev_state=I ==> next_comm=swapper/3 next_pid=0 next_prio=120
   kworker/u16:1-465     [000] d.... 20039.695809: sched_switch: prev_comm=kworker/u16:1 prev_pid=465 prev_prio=120 prev_state=D ==> next_comm=swapper/0 next_pid=0 next_prio=120
          <idle>-0       [003] dnh.. 20039.695844: sched_wakeup: comm=irq/113-mmc0 pid=73 prio=49 target_cpu=003
          <idle>-0       [003] d.... 20039.695866: sched_switch: prev_comm=swapper/3 prev_pid=0 prev_prio=120 prev_state=R ==> next_comm=irq/113-mmc0 next_pid=73 next_prio=49
    irq/113-mmc0-73      [003] d.... 20039.695916: sched_switch: prev_comm=irq/113-mmc0 prev_pid=73 prev_prio=49 prev_state=S ==> next_comm=swapper/3 next_pid=0 next_prio=120
          <idle>-0       [000] dnh.. 20039.695928: sched_wakeup: comm=kworker/u16:1 pid=465 prio=120 target_cpu=000
          <idle>-0       [000] d.... 20039.695947: sched_switch: prev_comm=swapper/0 prev_pid=0 prev_prio=120 prev_state=R ==> next_comm=kworker/u16:1 next_pid=465 next_prio=120
   kworker/u16:1-465     [000] d.... 20039.700536: sched_switch: prev_comm=kworker/u16:1 prev_pid=465 prev_prio=120 prev_state=D ==> next_comm=swapper/0 next_pid=0 next_prio=120
          <idle>-0       [003] dns.. 20039.700560: sched_wakeup: comm=kworker/3:1 pid=570 prio=120 target_cpu=003
          <idle>-0       [003] d.... 20039.700605: sched_switch: prev_comm=swapper/3 prev_pid=0 prev_prio=120 prev_state=R ==> next_comm=kworker/3:1 next_pid=570 next_prio=120
     kworker/3:1-570     [003] d.... 20039.700639: sched_switch: prev_comm=kworker/3:1 prev_pid=570 prev_prio=120 prev_state=I ==> next_comm=swapper/3 next_pid=0 next_prio=120
          <idle>-0       [003] dnh.. 20039.700703: sched_wakeup: comm=irq/113-mmc0 pid=73 prio=49 target_cpu=003
          <idle>-0       [003] d.... 20039.700723: sched_switch: prev_comm=swapper/3 prev_pid=0 prev_prio=120 prev_state=R ==> next_comm=irq/113-mmc0 next_pid=73 next_prio=49
    irq/113-mmc0-73      [003] d.... 20039.700777: sched_switch: prev_comm=irq/113-mmc0 prev_pid=73 prev_prio=49 prev_state=S ==> next_comm=swapper/3 next_pid=0 next_prio=120
          <idle>-0       [000] dnh.. 20039.700835: sched_wakeup: comm=kworker/u16:1 pid=465 prio=120 target_cpu=000
          <idle>-0       [000] d.... 20039.700864: sched_switch: prev_comm=swapper/0 prev_pid=0 prev_prio=120 prev_state=R ==> next_comm=kworker/u16:1 next_pid=465 next_prio=120
   kworker/u16:1-465     [000] d.s.. 20039.701860: sched_wakeup: comm=kworker/0:2 pid=568 prio=120 target_cpu=000
   kworker/u16:1-465     [000] d.... 20039.701966: sched_switch: prev_comm=kworker/u16:1 prev_pid=465 prev_prio=120 prev_state=D ==> next_comm=kworker/0:2 next_pid=568 next_prio=120
     kworker/0:2-568     [000] d.... 20039.702014: sched_switch: prev_comm=kworker/0:2 prev_pid=568 prev_prio=120 prev_state=I ==> next_comm=swapper/0 next_pid=0 next_prio=120
          <idle>-0       [003] dnh.. 20039.702026: sched_wakeup: comm=irq/113-mmc0 pid=73 prio=49 target_cpu=003
          <idle>-0       [003] d.... 20039.702062: sched_switch: prev_comm=swapper/3 prev_pid=0 prev_prio=120 prev_state=R ==> next_comm=irq/113-mmc0 next_pid=73 next_prio=49
    irq/113-mmc0-73      [003] d.... 20039.702110: sched_switch: prev_comm=irq/113-mmc0 prev_pid=73 prev_prio=49 prev_state=S ==> next_comm=swapper/3 next_pid=0 next_prio=120
          <idle>-0       [000] dnh.. 20039.702122: sched_wakeup: comm=kworker/u16:1 pid=465 prio=120 target_cpu=000
          <idle>-0       [000] d.... 20039.702142: sched_switch: prev_comm=swapper/0 prev_pid=0 prev_prio=120 prev_state=R ==> next_comm=kworker/u16:1 next_pid=465 next_prio=120
   kworker/u16:1-465     [000] dns.. 20039.703009: sched_wakeup: comm=kworker/0:2 pid=568 prio=120 target_cpu=000
   kworker/u16:1-465     [000] d.... 20039.703038: sched_switch: prev_comm=kworker/u16:1 prev_pid=465 prev_prio=120 prev_state=R+ ==> next_comm=kworker/0:2 next_pid=568 next_prio=120
     kworker/0:2-568     [000] d.... 20039.703066: sched_switch: prev_comm=kworker/0:2 prev_pid=568 prev_prio=120 prev_state=D ==> next_comm=kworker/u16:1 next_pid=465 next_prio=120
   kworker/u16:1-465     [000] dn... 20039.703086: sched_wakeup: comm=kworker/0:2 pid=568 prio=120 target_cpu=000
   kworker/u16:1-465     [000] d.... 20039.703125: sched_switch: prev_comm=kworker/u16:1 prev_pid=465 prev_prio=120 prev_state=R+ ==> next_comm=kworker/0:2 next_pid=568 next_prio=120
     kworker/0:2-568     [000] d.... 20039.703151: sched_switch: prev_comm=kworker/0:2 prev_pid=568 prev_prio=120 prev_state=I ==> next_comm=kworker/u16:1 next_pid=465 next_prio=120
   kworker/u16:1-465     [000] d.... 20039.703175: sched_switch: prev_comm=kworker/u16:1 prev_pid=465 prev_prio=120 prev_state=D ==> next_comm=swapper/0 next_pid=0 next_prio=120
          <idle>-0       [003] dnh.. 20039.703176: sched_wakeup: comm=irq/113-mmc0 pid=73 prio=49 target_cpu=003
          <idle>-0       [003] d.... 20039.703200: sched_switch: prev_comm=swapper/3 prev_pid=0 prev_prio=120 prev_state=R ==> next_comm=irq/113-mmc0 next_pid=73 next_prio=49
    irq/113-mmc0-73      [003] d.... 20039.703247: sched_switch: prev_comm=irq/113-mmc0 prev_pid=73 prev_prio=49 prev_state=S ==> next_comm=swapper/3 next_pid=0 next_prio=120
          <idle>-0       [000] dnh.. 20039.703255: sched_wakeup: comm=kworker/u16:1 pid=465 prio=120 target_cpu=000
          <idle>-0       [000] d.... 20039.703275: sched_switch: prev_comm=swapper/0 prev_pid=0 prev_prio=120 prev_state=R ==> next_comm=kworker/u16:1 next_pid=465 next_prio=120
   kworker/u16:1-465     [000] d.s.. 20039.704142: sched_wakeup: comm=kworker/0:2 pid=568 prio=120 target_cpu=000
   kworker/u16:1-465     [000] d.... 20039.704217: sched_switch: prev_comm=kworker/u16:1 prev_pid=465 prev_prio=120 prev_state=I ==> next_comm=kworker/0:2 next_pid=568 next_prio=120
     kworker/0:2-568     [000] d.... 20039.704250: sched_switch: prev_comm=kworker/0:2 prev_pid=568 prev_prio=120 prev_state=I ==> next_comm=swapper/0 next_pid=0 next_prio=120
          <idle>-0       [003] dnh.. 20039.704264: sched_wakeup: comm=irq/113-mmc0 pid=73 prio=49 target_cpu=003
          <idle>-0       [003] d.... 20039.704286: sched_switch: prev_comm=swapper/3 prev_pid=0 prev_prio=120 prev_state=R ==> next_comm=irq/113-mmc0 next_pid=73 next_prio=49
    irq/113-mmc0-73      [003] d.... 20039.704319: sched_wakeup: comm=kworker/3:1H pid=77 prio=100 target_cpu=003
    irq/113-mmc0-73      [003] d.... 20039.704334: sched_switch: prev_comm=irq/113-mmc0 prev_pid=73 prev_prio=49 prev_state=S ==> next_comm=kworker/3:1H next_pid=77 next_prio=100
    kworker/3:1H-77      [003] d.... 20039.704429: sched_switch: prev_comm=kworker/3:1H prev_pid=77 prev_prio=100 prev_state=I ==> next_comm=swapper/3 next_pid=0 next_prio=120
          <idle>-0       [001] dns.. 20039.741686: sched_wakeup: comm=kworker/1:0 pid=592 prio=120 target_cpu=001
          <idle>-0       [001] d.... 20039.741744: sched_switch: prev_comm=swapper/1 prev_pid=0 prev_prio=120 prev_state=R ==> next_comm=kworker/1:0 next_pid=592 next_prio=120
     kworker/1:0-592     [001] d.... 20039.741805: sched_switch: prev_comm=kworker/1:0 prev_pid=592 prev_prio=120 prev_state=I ==> next_comm=swapper/1 next_pid=0 next_prio=120
          <idle>-0       [000] dnH.. 20039.821781: sched_wakeup: comm=kcompactd0 pid=44 prio=120 target_cpu=000
          <idle>-0       [000] d.... 20039.821910: sched_switch: prev_comm=swapper/0 prev_pid=0 prev_prio=120 prev_state=R ==> next_comm=kcompactd0 next_pid=44 next_prio=120
      kcompactd0-44      [000] d.... 20039.821988: sched_switch: prev_comm=kcompactd0 prev_pid=44 prev_prio=120 prev_state=S ==> next_comm=swapper/0 next_pid=0 next_prio=120
          <idle>-0       [000] dnH.. 20039.911786: sched_wakeup: comm=kworker/u16:1 pid=465 prio=120 target_cpu=000
          <idle>-0       [000] d.... 20039.911895: sched_switch: prev_comm=swapper/0 prev_pid=0 prev_prio=120 prev_state=R ==> next_comm=kworker/u16:1 next_pid=465 next_prio=120
   kworker/u16:1-465     [000] d.... 20039.911937: sched_switch: prev_comm=kworker/u16:1 prev_pid=465 prev_prio=120 prev_state=I ==> next_comm=swapper/0 next_pid=0 next_prio=120
          <idle>-0       [001] dns.. 20039.951679: sched_wakeup: comm=kworker/1:0 pid=592 prio=120 target_cpu=001
          <idle>-0       [001] d.... 20039.951738: sched_switch: prev_comm=swapper/1 prev_pid=0 prev_prio=120 prev_state=R ==> next_comm=kworker/1:0 next_pid=592 next_prio=120
     kworker/1:0-592     [001] d.... 20039.951795: sched_switch: prev_comm=kworker/1:0 prev_pid=592 prev_prio=120 prev_state=I ==> next_comm=swapper/1 next_pid=0 next_prio=120
          <idle>-0       [003] dns.. 20040.011794: sched_wakeup: comm=kworker/3:1 pid=570 prio=120 target_cpu=003
          <idle>-0       [003] d.... 20040.011914: sched_switch: prev_comm=swapper/3 prev_pid=0 prev_prio=120 prev_state=R ==> next_comm=kworker/3:1 next_pid=570 next_prio=120
     kworker/3:1-570     [003] d.... 20040.012011: sched_switch: prev_comm=kworker/3:1 prev_pid=570 prev_prio=120 prev_state=I ==> next_comm=swapper/3 next_pid=0 next_prio=120
          <idle>-0       [001] dns.. 20040.091701: sched_wakeup: comm=kworker/1:0 pid=592 prio=120 target_cpu=001
          <idle>-0       [000] dns.. 20040.091704: sched_wakeup: comm=kworker/0:2 pid=568 prio=120 target_cpu=000
          <idle>-0       [001] d.... 20040.091770: sched_switch: prev_comm=swapper/1 prev_pid=0 prev_prio=120 prev_state=R ==> next_comm=kworker/1:0 next_pid=592 next_prio=120
          <idle>-0       [000] d.... 20040.091779: sched_switch: prev_comm=swapper/0 prev_pid=0 prev_prio=120 prev_state=R ==> next_comm=kworker/0:2 next_pid=568 next_prio=120
     kworker/0:2-568     [000] d.... 20040.091847: sched_switch: prev_comm=kworker/0:2 prev_pid=568 prev_prio=120 prev_state=I ==> next_comm=swapper/0 next_pid=0 next_prio=120
     kworker/1:0-592     [001] d.... 20040.091866: sched_switch: prev_comm=kworker/1:0 prev_pid=592 prev_prio=120 prev_state=I ==> next_comm=swapper/1 next_pid=0 next_prio=120
          <idle>-0       [000] dnh.. 20040.120062: sched_wakeup: comm=systemd-journal pid=114 prio=120 target_cpu=000
          <idle>-0       [000] d.... 20040.120141: sched_switch: prev_comm=swapper/0 prev_pid=0 prev_prio=120 prev_state=R ==> next_comm=systemd-journal next_pid=114 next_prio=120
          <idle>-0       [003] dnh.. 20040.120837: sched_wakeup: comm=systemd pid=1 prio=120 target_cpu=003
 systemd-journal-114     [000] d.... 20040.120863: sched_switch: prev_comm=systemd-journal prev_pid=114 prev_prio=120 prev_state=S ==> next_comm=swapper/0 next_pid=0 next_prio=120
          <idle>-0       [003] d.... 20040.120935: sched_switch: prev_comm=swapper/3 prev_pid=0 prev_prio=120 prev_state=R ==> next_comm=systemd next_pid=1 next_prio=120
         systemd-1       [003] d.... 20040.122755: sched_switch: prev_comm=systemd prev_pid=1 prev_prio=120 prev_state=S ==> next_comm=swapper/3 next_pid=0 next_prio=120
          <idle>-0       [001] dns.. 20040.161674: sched_wakeup: comm=kworker/1:0 pid=592 prio=120 target_cpu=001
          <idle>-0       [001] d.... 20040.161723: sched_switch: prev_comm=swapper/1 prev_pid=0 prev_prio=120 prev_state=R ==> next_comm=kworker/1:0 next_pid=592 next_prio=120
     kworker/1:0-592     [001] d.... 20040.161771: sched_switch: prev_comm=kworker/1:0 prev_pid=592 prev_prio=120 prev_state=I ==> next_comm=swapper/1 next_pid=0 next_prio=120
          <idle>-0       [000] dnH.. 20040.331807: sched_wakeup: comm=kcompactd0 pid=44 prio=120 target_cpu=000
          <idle>-0       [000] d.... 20040.331961: sched_switch: prev_comm=swapper/0 prev_pid=0 prev_prio=120 prev_state=R ==> next_comm=kcompactd0 next_pid=44 next_prio=120
      kcompactd0-44      [000] d.... 20040.332040: sched_switch: prev_comm=kcompactd0 prev_pid=44 prev_prio=120 prev_state=S ==> next_comm=swapper/0 next_pid=0 next_prio=120
          <idle>-0       [001] dns.. 20040.371708: sched_wakeup: comm=kworker/1:0 pid=592 prio=120 target_cpu=001
          <idle>-0       [001] d.... 20040.371761: sched_switch: prev_comm=swapper/1 prev_pid=0 prev_prio=120 prev_state=R ==> next_comm=kworker/1:0 next_pid=592 next_prio=120
     kworker/1:0-592     [001] d.... 20040.371807: sched_switch: prev_comm=kworker/1:0 prev_pid=592 prev_prio=120 prev_state=I ==> next_comm=swapper/1 next_pid=0 next_prio=120
          <idle>-0       [001] dns.. 20040.581705: sched_wakeup: comm=kworker/1:0 pid=592 prio=120 target_cpu=001
          <idle>-0       [001] d.... 20040.581777: sched_switch: prev_comm=swapper/1 prev_pid=0 prev_prio=120 prev_state=R ==> next_comm=kworker/1:0 next_pid=592 next_prio=120
          <idle>-0       [000] dns.. 20040.581784: sched_wakeup: comm=kworker/0:2 pid=568 prio=120 target_cpu=000
     kworker/1:0-592     [001] d.... 20040.581839: sched_switch: prev_comm=kworker/1:0 prev_pid=592 prev_prio=120 prev_state=I ==> next_comm=swapper/1 next_pid=0 next_prio=120
          <idle>-0       [000] d.... 20040.581900: sched_switch: prev_comm=swapper/0 prev_pid=0 prev_prio=120 prev_state=R ==> next_comm=kworker/0:2 next_pid=568 next_prio=120
     kworker/0:2-568     [000] d.... 20040.581968: sched_switch: prev_comm=kworker/0:2 prev_pid=568 prev_prio=120 prev_state=I ==> next_comm=swapper/0 next_pid=0 next_prio=120
          <idle>-0       [001] dns.. 20040.731704: sched_wakeup: comm=kworker/1:0 pid=592 prio=120 target_cpu=001
          <idle>-0       [001] d.... 20040.731754: sched_switch: prev_comm=swapper/1 prev_pid=0 prev_prio=120 prev_state=R ==> next_comm=kworker/1:0 next_pid=592 next_prio=120
     kworker/1:0-592     [001] d.h.. 20040.731854: sched_wakeup: comm=kworker/1:0 pid=592 prio=120 target_cpu=001
     kworker/1:0-592     [001] d.... 20040.731914: sched_switch: prev_comm=kworker/1:0 prev_pid=592 prev_prio=120 prev_state=I ==> next_comm=swapper/1 next_pid=0 next_prio=120
          <idle>-0       [001] dns.. 20040.791697: sched_wakeup: comm=kworker/1:0 pid=592 prio=120 target_cpu=001
          <idle>-0       [001] d.... 20040.791749: sched_switch: prev_comm=swapper/1 prev_pid=0 prev_prio=120 prev_state=R ==> next_comm=kworker/1:0 next_pid=592 next_prio=120
     kworker/1:0-592     [001] d.... 20040.791801: sched_switch: prev_comm=kworker/1:0 prev_pid=592 prev_prio=120 prev_state=I ==> next_comm=swapper/1 next_pid=0 next_prio=120
          <idle>-0       [000] dnH.. 20040.841790: sched_wakeup: comm=kcompactd0 pid=44 prio=120 target_cpu=000
          <idle>-0       [000] d.... 20040.841905: sched_switch: prev_comm=swapper/0 prev_pid=0 prev_prio=120 prev_state=R ==> next_comm=kcompactd0 next_pid=44 next_prio=120
      kcompactd0-44      [000] d.... 20040.841974: sched_switch: prev_comm=kcompactd0 prev_pid=44 prev_prio=120 prev_state=S ==> next_comm=swapper/0 next_pid=0 next_prio=120
          <idle>-0       [001] dns.. 20041.001675: sched_wakeup: comm=kworker/1:0 pid=592 prio=120 target_cpu=001
          <idle>-0       [001] d.... 20041.001730: sched_switch: prev_comm=swapper/1 prev_pid=0 prev_prio=120 prev_state=R ==> next_comm=kworker/1:0 next_pid=592 next_prio=120
          <idle>-0       [003] dns.. 20041.001765: sched_wakeup: comm=kworker/3:1 pid=570 prio=120 target_cpu=003
     kworker/1:0-592     [001] d.... 20041.001778: sched_switch: prev_comm=kworker/1:0 prev_pid=592 prev_prio=120 prev_state=I ==> next_comm=swapper/1 next_pid=0 next_prio=120
          <idle>-0       [003] d.... 20041.001874: sched_switch: prev_comm=swapper/3 prev_pid=0 prev_prio=120 prev_state=R ==> next_comm=kworker/3:1 next_pid=570 next_prio=120
     kworker/3:1-570     [003] d.... 20041.001984: sched_switch: prev_comm=kworker/3:1 prev_pid=570 prev_prio=120 prev_state=I ==> next_comm=swapper/3 next_pid=0 next_prio=120
          <idle>-0       [000] dns.. 20041.111777: sched_wakeup: comm=kworker/0:2 pid=568 prio=120 target_cpu=000
          <idle>-0       [000] d.... 20041.111887: sched_switch: prev_comm=swapper/0 prev_pid=0 prev_prio=120 prev_state=R ==> next_comm=kworker/0:2 next_pid=568 next_prio=120
     kworker/0:2-568     [000] d.... 20041.111984: sched_switch: prev_comm=kworker/0:2 prev_pid=568 prev_prio=120 prev_state=I ==> next_comm=swapper/0 next_pid=0 next_prio=120
          <idle>-0       [001] dns.. 20041.131707: sched_wakeup: comm=kworker/1:0 pid=592 prio=120 target_cpu=001
          <idle>-0       [001] d.... 20041.131755: sched_switch: prev_comm=swapper/1 prev_pid=0 prev_prio=120 prev_state=R ==> next_comm=kworker/1:0 next_pid=592 next_prio=120
     kworker/1:0-592     [001] d.... 20041.131843: sched_switch: prev_comm=kworker/1:0 prev_pid=592 prev_prio=120 prev_state=I ==> next_comm=swapper/1 next_pid=0 next_prio=120
          <idle>-0       [001] dns.. 20041.211670: sched_wakeup: comm=kworker/1:0 pid=592 prio=120 target_cpu=001
          <idle>-0       [001] d.... 20041.211722: sched_switch: prev_comm=swapper/1 prev_pid=0 prev_prio=120 prev_state=R ==> next_comm=kworker/1:0 next_pid=592 next_prio=120
     kworker/1:0-592     [001] d.... 20041.211766: sched_switch: prev_comm=kworker/1:0 prev_pid=592 prev_prio=120 prev_state=I ==> next_comm=swapper/1 next_pid=0 next_prio=120
          <idle>-0       [000] dnH.. 20041.351785: sched_wakeup: comm=kcompactd0 pid=44 prio=120 target_cpu=000
          <idle>-0       [000] d.... 20041.351904: sched_switch: prev_comm=swapper/0 prev_pid=0 prev_prio=120 prev_state=R ==> next_comm=kcompactd0 next_pid=44 next_prio=120
      kcompactd0-44      [000] d.... 20041.351968: sched_switch: prev_comm=kcompactd0 prev_pid=44 prev_prio=120 prev_state=S ==> next_comm=swapper/0 next_pid=0 next_prio=120
          <idle>-0       [001] dns.. 20041.421680: sched_wakeup: comm=kworker/1:0 pid=592 prio=120 target_cpu=001
          <idle>-0       [001] d.... 20041.421730: sched_switch: prev_comm=swapper/1 prev_pid=0 prev_prio=120 prev_state=R ==> next_comm=kworker/1:0 next_pid=592 next_prio=120
     kworker/1:0-592     [001] d.... 20041.421774: sched_switch: prev_comm=kworker/1:0 prev_pid=592 prev_prio=120 prev_state=I ==> next_comm=swapper/1 next_pid=0 next_prio=120
          <idle>-0       [000] dnh.. 20041.541856: sched_wakeup: comm=kworker/u16:1 pid=465 prio=120 target_cpu=000
          <idle>-0       [000] d.... 20041.541943: sched_switch: prev_comm=swapper/0 prev_pid=0 prev_prio=120 prev_state=R ==> next_comm=kworker/u16:1 next_pid=465 next_prio=120
   kworker/u16:1-465     [000] d.... 20041.542086: sched_switch: prev_comm=kworker/u16:1 prev_pid=465 prev_prio=120 prev_state=I ==> next_comm=swapper/0 next_pid=0 next_prio=120
          <idle>-0       [001] dns.. 20041.631692: sched_wakeup: comm=kworker/1:0 pid=592 prio=120 target_cpu=001
          <idle>-0       [001] d.... 20041.631738: sched_switch: prev_comm=swapper/1 prev_pid=0 prev_prio=120 prev_state=R ==> next_comm=kworker/1:0 next_pid=592 next_prio=120
     kworker/1:0-592     [001] d.... 20041.631782: sched_switch: prev_comm=kworker/1:0 prev_pid=592 prev_prio=120 prev_state=I ==> next_comm=swapper/1 next_pid=0 next_prio=120
          <idle>-0       [001] dns.. 20041.841698: sched_wakeup: comm=kworker/1:0 pid=592 prio=120 target_cpu=001
          <idle>-0       [001] d.... 20041.841749: sched_switch: prev_comm=swapper/1 prev_pid=0 prev_prio=120 prev_state=R ==> next_comm=kworker/1:0 next_pid=592 next_prio=120
     kworker/1:0-592     [001] d.... 20041.841794: sched_switch: prev_comm=kworker/1:0 prev_pid=592 prev_prio=120 prev_state=I ==> next_comm=swapper/1 next_pid=0 next_prio=120
          <idle>-0       [000] dnH.. 20041.861817: sched_wakeup: comm=kcompactd0 pid=44 prio=120 target_cpu=000
          <idle>-0       [000] d.... 20041.861981: sched_switch: prev_comm=swapper/0 prev_pid=0 prev_prio=120 prev_state=R ==> next_comm=kcompactd0 next_pid=44 next_prio=120
      kcompactd0-44      [000] d.... 20041.862065: sched_switch: prev_comm=kcompactd0 prev_pid=44 prev_prio=120 prev_state=S ==> next_comm=swapper/0 next_pid=0 next_prio=120
          <idle>-0       [003] dns.. 20041.961771: sched_wakeup: comm=kworker/3:1 pid=570 prio=120 target_cpu=003
          <idle>-0       [003] d.... 20041.961860: sched_switch: prev_comm=swapper/3 prev_pid=0 prev_prio=120 prev_state=R ==> next_comm=kworker/3:1 next_pid=570 next_prio=120
     kworker/3:1-570     [003] d.... 20041.961957: sched_switch: prev_comm=kworker/3:1 prev_pid=570 prev_prio=120 prev_state=I ==> next_comm=swapper/3 next_pid=0 next_prio=120
          <idle>-0       [001] dns.. 20042.051681: sched_wakeup: comm=kworker/1:0 pid=592 prio=120 target_cpu=001
          <idle>-0       [001] d.... 20042.051731: sched_switch: prev_comm=swapper/1 prev_pid=0 prev_prio=120 prev_state=R ==> next_comm=kworker/1:0 next_pid=592 next_prio=120
     kworker/1:0-592     [001] d.... 20042.051779: sched_switch: prev_comm=kworker/1:0 prev_pid=592 prev_prio=120 prev_state=I ==> next_comm=swapper/1 next_pid=0 next_prio=120
          <idle>-0       [000] dns.. 20042.131776: sched_wakeup: comm=kworker/0:2 pid=568 prio=120 target_cpu=000
          <idle>-0       [000] d.... 20042.131886: sched_switch: prev_comm=swapper/0 prev_pid=0 prev_prio=120 prev_state=R ==> next_comm=kworker/0:2 next_pid=568 next_prio=120
     kworker/0:2-568     [000] d.... 20042.131972: sched_switch: prev_comm=kworker/0:2 prev_pid=568 prev_prio=120 prev_state=I ==> next_comm=swapper/0 next_pid=0 next_prio=120
          <idle>-0       [001] dns.. 20042.171685: sched_wakeup: comm=kworker/1:0 pid=592 prio=120 target_cpu=001
          <idle>-0       [001] d.... 20042.171739: sched_switch: prev_comm=swapper/1 prev_pid=0 prev_prio=120 prev_state=R ==> next_comm=kworker/1:0 next_pid=592 next_prio=120
     kworker/1:0-592     [001] d.... 20042.171818: sched_switch: prev_comm=kworker/1:0 prev_pid=592 prev_prio=120 prev_state=I ==> next_comm=swapper/1 next_pid=0 next_prio=120
          <idle>-0       [001] dns.. 20042.261683: sched_wakeup: comm=kworker/1:0 pid=592 prio=120 target_cpu=001
          <idle>-0       [001] d.... 20042.261734: sched_switch: prev_comm=swapper/1 prev_pid=0 prev_prio=120 prev_state=R ==> next_comm=kworker/1:0 next_pid=592 next_prio=120
     kworker/1:0-592     [001] d.... 20042.261779: sched_switch: prev_comm=kworker/1:0 prev_pid=592 prev_prio=120 prev_state=I ==> next_comm=swapper/1 next_pid=0 next_prio=120
          <idle>-0       [000] dnH.. 20042.371787: sched_wakeup: comm=kcompactd0 pid=44 prio=120 target_cpu=000
          <idle>-0       [000] d.... 20042.371892: sched_switch: prev_comm=swapper/0 prev_pid=0 prev_prio=120 prev_state=R ==> next_comm=kcompactd0 next_pid=44 next_prio=120
      kcompactd0-44      [000] d.... 20042.371956: sched_switch: prev_comm=kcompactd0 prev_pid=44 prev_prio=120 prev_state=S ==> next_comm=swapper/0 next_pid=0 next_prio=120
          <idle>-0       [001] dns.. 20042.471683: sched_wakeup: comm=kworker/1:0 pid=592 prio=120 target_cpu=001
          <idle>-0       [001] d.... 20042.471733: sched_switch: prev_comm=swapper/1 prev_pid=0 prev_prio=120 prev_state=R ==> next_comm=kworker/1:0 next_pid=592 next_prio=120
     kworker/1:0-592     [001] d.... 20042.471777: sched_switch: prev_comm=kworker/1:0 prev_pid=592 prev_prio=120 prev_state=I ==> next_comm=swapper/1 next_pid=0 next_prio=120
          <idle>-0       [001] dns.. 20042.681691: sched_wakeup: comm=kworker/1:0 pid=592 prio=120 target_cpu=001
          <idle>-0       [001] d.... 20042.681743: sched_switch: prev_comm=swapper/1 prev_pid=0 prev_prio=120 prev_state=R ==> next_comm=kworker/1:0 next_pid=592 next_prio=120
     kworker/1:0-592     [001] d.... 20042.681789: sched_switch: prev_comm=kworker/1:0 prev_pid=592 prev_prio=120 prev_state=I ==> next_comm=swapper/1 next_pid=0 next_prio=120
          <idle>-0       [001] dns.. 20042.731706: sched_wakeup: comm=kworker/1:1H pid=78 prio=100 target_cpu=001
          <idle>-0       [001] d.... 20042.731754: sched_switch: prev_comm=swapper/1 prev_pid=0 prev_prio=120 prev_state=R ==> next_comm=kworker/1:1H next_pid=78 next_prio=100
    kworker/1:1H-78      [001] d.... 20042.731796: sched_switch: prev_comm=kworker/1:1H prev_pid=78 prev_prio=100 prev_state=I ==> next_comm=swapper/1 next_pid=0 next_prio=120
          <idle>-0       [001] dns.. 20042.811683: sched_wakeup: comm=kworker/1:0 pid=592 prio=120 target_cpu=001
          <idle>-0       [001] d.... 20042.811733: sched_switch: prev_comm=swapper/1 prev_pid=0 prev_prio=120 prev_state=R ==> next_comm=kworker/1:0 next_pid=592 next_prio=120
     kworker/1:0-592     [001] d.h.. 20042.811816: sched_wakeup: comm=kworker/1:0 pid=592 prio=120 target_cpu=001
     kworker/1:0-592     [001] d.... 20042.811880: sched_switch: prev_comm=kworker/1:0 prev_pid=592 prev_prio=120 prev_state=I ==> next_comm=swapper/1 next_pid=0 next_prio=120
          <idle>-0       [000] dnH.. 20042.881794: sched_wakeup: comm=kcompactd0 pid=44 prio=120 target_cpu=000
          <idle>-0       [000] dns.. 20042.881854: sched_wakeup: comm=kworker/0:2 pid=568 prio=120 target_cpu=000
          <idle>-0       [000] d.... 20042.881967: sched_switch: prev_comm=swapper/0 prev_pid=0 prev_prio=120 prev_state=R ==> next_comm=kcompactd0 next_pid=44 next_prio=120
      kcompactd0-44      [000] d.... 20042.882030: sched_switch: prev_comm=kcompactd0 prev_pid=44 prev_prio=120 prev_state=S ==> next_comm=kworker/0:2 next_pid=568 next_prio=120
     kworker/0:2-568     [000] d.... 20042.882092: sched_switch: prev_comm=kworker/0:2 prev_pid=568 prev_prio=120 prev_state=I ==> next_comm=swapper/0 next_pid=0 next_prio=120
          <idle>-0       [001] dns.. 20042.891685: sched_wakeup: comm=kworker/1:0 pid=592 prio=120 target_cpu=001
          <idle>-0       [001] d.... 20042.891718: sched_switch: prev_comm=swapper/1 prev_pid=0 prev_prio=120 prev_state=R ==> next_comm=kworker/1:0 next_pid=592 next_prio=120
     kworker/1:0-592     [001] d.... 20042.891766: sched_switch: prev_comm=kworker/1:0 prev_pid=592 prev_prio=120 prev_state=I ==> next_comm=swapper/1 next_pid=0 next_prio=120
          <idle>-0       [001] dns.. 20043.101685: sched_wakeup: comm=kworker/1:0 pid=592 prio=120 target_cpu=001
          <idle>-0       [001] d.... 20043.101736: sched_switch: prev_comm=swapper/1 prev_pid=0 prev_prio=120 prev_state=R ==> next_comm=kworker/1:0 next_pid=592 next_prio=120
     kworker/1:0-592     [001] d.... 20043.101784: sched_switch: prev_comm=kworker/1:0 prev_pid=592 prev_prio=120 prev_state=I ==> next_comm=swapper/1 next_pid=0 next_prio=120
          <idle>-0       [000] dns.. 20043.151784: sched_wakeup: comm=kworker/0:2 pid=568 prio=120 target_cpu=000
          <idle>-0       [000] d.... 20043.151881: sched_switch: prev_comm=swapper/0 prev_pid=0 prev_prio=120 prev_state=R ==> next_comm=kworker/0:2 next_pid=568 next_prio=120
     kworker/0:2-568     [000] d.... 20043.151956: sched_switch: prev_comm=kworker/0:2 prev_pid=568 prev_prio=120 prev_state=I ==> next_comm=swapper/0 next_pid=0 next_prio=120
          <idle>-0       [001] dns.. 20043.211676: sched_wakeup: comm=kworker/1:0 pid=592 prio=120 target_cpu=001
          <idle>-0       [001] d.... 20043.211731: sched_switch: prev_comm=swapper/1 prev_pid=0 prev_prio=120 prev_state=R ==> next_comm=kworker/1:0 next_pid=592 next_prio=120
     kworker/1:0-592     [001] d.... 20043.211810: sched_switch: prev_comm=kworker/1:0 prev_pid=592 prev_prio=120 prev_state=I ==> next_comm=swapper/1 next_pid=0 next_prio=120
          <idle>-0       [001] dns.. 20043.311681: sched_wakeup: comm=kworker/1:0 pid=592 prio=120 target_cpu=001
          <idle>-0       [001] d.... 20043.311725: sched_switch: prev_comm=swapper/1 prev_pid=0 prev_prio=120 prev_state=R ==> next_comm=kworker/1:0 next_pid=592 next_prio=120
     kworker/1:0-592     [001] d.... 20043.311769: sched_switch: prev_comm=kworker/1:0 prev_pid=592 prev_prio=120 prev_state=I ==> next_comm=swapper/1 next_pid=0 next_prio=120
          <idle>-0       [000] dnH.. 20043.391792: sched_wakeup: comm=kcompactd0 pid=44 prio=120 target_cpu=000
          <idle>-0       [000] d.... 20043.391918: sched_switch: prev_comm=swapper/0 prev_pid=0 prev_prio=120 prev_state=R ==> next_comm=kcompactd0 next_pid=44 next_prio=120
      kcompactd0-44      [000] d.... 20043.391980: sched_switch: prev_comm=kcompactd0 prev_pid=44 prev_prio=120 prev_state=S ==> next_comm=swapper/0 next_pid=0 next_prio=120
          <idle>-0       [000] dnh.. 20043.444799: sched_wakeup: comm=kworker/u16:1 pid=465 prio=120 target_cpu=000
          <idle>-0       [000] d.... 20043.444870: sched_switch: prev_comm=swapper/0 prev_pid=0 prev_prio=120 prev_state=R ==> next_comm=kworker/u16:1 next_pid=465 next_prio=120
   kworker/u16:1-465     [000] d.... 20043.444962: sched_wakeup: comm=kworker/0:2 pid=568 prio=120 target_cpu=000
   kworker/u16:1-465     [000] d.... 20043.445059: sched_switch: prev_comm=kworker/u16:1 prev_pid=465 prev_prio=120 prev_state=I ==> next_comm=kworker/0:2 next_pid=568 next_prio=120
          <idle>-0       [003] dnh.. 20043.445145: sched_wakeup: comm=bash pid=206 prio=120 target_cpu=003
     kworker/0:2-568     [000] d.... 20043.445150: sched_switch: prev_comm=kworker/0:2 prev_pid=568 prev_prio=120 prev_state=I ==> next_comm=swapper/0 next_pid=0 next_prio=120
          <idle>-0       [003] d.... 20043.445220: sched_switch: prev_comm=swapper/3 prev_pid=0 prev_prio=120 prev_state=R ==> next_comm=bash next_pid=206 next_prio=120
            bash-206     [003] d.... 20043.446036: sched_switch: prev_comm=bash prev_pid=206 prev_prio=120 prev_state=S ==> next_comm=swapper/3 next_pid=0 next_prio=120
          <idle>-0       [000] dnh.. 20043.481957: sched_wakeup: comm=kworker/u16:1 pid=465 prio=120 target_cpu=000
          <idle>-0       [000] d.... 20043.482035: sched_switch: prev_comm=swapper/0 prev_pid=0 prev_prio=120 prev_state=R ==> next_comm=kworker/u16:1 next_pid=465 next_prio=120
   kworker/u16:1-465     [000] d.... 20043.482146: sched_switch: prev_comm=kworker/u16:1 prev_pid=465 prev_prio=120 prev_state=I ==> next_comm=swapper/0 next_pid=0 next_prio=120
          <idle>-0       [003] dnh.. 20043.482218: sched_wakeup: comm=bash pid=206 prio=120 target_cpu=003
          <idle>-0       [003] d.... 20043.482311: sched_switch: prev_comm=swapper/3 prev_pid=0 prev_prio=120 prev_state=R ==> next_comm=bash next_pid=206 next_prio=120
            bash-206     [003] d.... 20043.483019: sched_switch: prev_comm=bash prev_pid=206 prev_prio=120 prev_state=S ==> next_comm=swapper/3 next_pid=0 next_prio=120
          <idle>-0       [001] dns.. 20043.521688: sched_wakeup: comm=kworker/1:0 pid=592 prio=120 target_cpu=001
          <idle>-0       [001] d.... 20043.521747: sched_switch: prev_comm=swapper/1 prev_pid=0 prev_prio=120 prev_state=R ==> next_comm=kworker/1:0 next_pid=592 next_prio=120
     kworker/1:0-592     [001] d.... 20043.521792: sched_switch: prev_comm=kworker/1:0 prev_pid=592 prev_prio=120 prev_state=I ==> next_comm=swapper/1 next_pid=0 next_prio=120
          <idle>-0       [001] dns.. 20043.731692: sched_wakeup: comm=kworker/1:0 pid=592 prio=120 target_cpu=001
          <idle>-0       [001] d.... 20043.731737: sched_switch: prev_comm=swapper/1 prev_pid=0 prev_prio=120 prev_state=R ==> next_comm=kworker/1:0 next_pid=592 next_prio=120
     kworker/1:0-592     [001] d.... 20043.731782: sched_switch: prev_comm=kworker/1:0 prev_pid=592 prev_prio=120 prev_state=I ==> next_comm=swapper/1 next_pid=0 next_prio=120
          <idle>-0       [000] dnH.. 20043.901806: sched_wakeup: comm=kcompactd0 pid=44 prio=120 target_cpu=000
          <idle>-0       [001] dnh.. 20043.901918: sched_wakeup: comm=kworker/u16:1 pid=465 prio=120 target_cpu=001
          <idle>-0       [001] d.... 20043.901953: sched_switch: prev_comm=swapper/1 prev_pid=0 prev_prio=120 prev_state=R ==> next_comm=kworker/u16:1 next_pid=465 next_prio=120
   kworker/u16:1-465     [001] d.... 20043.901990: sched_switch: prev_comm=kworker/u16:1 prev_pid=465 prev_prio=120 prev_state=I ==> next_comm=swapper/1 next_pid=0 next_prio=120
          <idle>-0       [000] d.... 20043.901995: sched_switch: prev_comm=swapper/0 prev_pid=0 prev_prio=120 prev_state=R ==> next_comm=kcompactd0 next_pid=44 next_prio=120
      kcompactd0-44      [000] d.... 20043.902073: sched_switch: prev_comm=kcompactd0 prev_pid=44 prev_prio=120 prev_state=S ==> next_comm=swapper/0 next_pid=0 next_prio=120
          <idle>-0       [001] dns.. 20043.941692: sched_wakeup: comm=kworker/1:0 pid=592 prio=120 target_cpu=001
          <idle>-0       [001] d.... 20043.941746: sched_switch: prev_comm=swapper/1 prev_pid=0 prev_prio=120 prev_state=R ==> next_comm=kworker/1:0 next_pid=592 next_prio=120
     kworker/1:0-592     [001] d.... 20043.941786: sched_switch: prev_comm=kworker/1:0 prev_pid=592 prev_prio=120 prev_state=I ==> next_comm=swapper/1 next_pid=0 next_prio=120
          <idle>-0       [002] dns.. 20044.021791: sched_wakeup: comm=kworker/2:0 pid=557 prio=120 target_cpu=002
          <idle>-0       [000] dnh.. 20044.021797: sched_wakeup: comm=kworker/0:2 pid=568 prio=120 target_cpu=000
          <idle>-0       [002] d.... 20044.021915: sched_switch: prev_comm=swapper/2 prev_pid=0 prev_prio=120 prev_state=R ==> next_comm=kworker/2:0 next_pid=557 next_prio=120
          <idle>-0       [000] d.... 20044.021940: sched_switch: prev_comm=swapper/0 prev_pid=0 prev_prio=120 prev_state=R ==> next_comm=kworker/0:2 next_pid=568 next_prio=120
     kworker/2:0-557     [002] d.... 20044.022007: sched_switch: prev_comm=kworker/2:0 prev_pid=557 prev_prio=120 prev_state=I ==> next_comm=swapper/2 next_pid=0 next_prio=120
     kworker/0:2-568     [000] d.... 20044.022199: sched_switch: prev_comm=kworker/0:2 prev_pid=568 prev_prio=120 prev_state=I ==> next_comm=swapper/0 next_pid=0 next_prio=120
          <idle>-0       [001] dns.. 20044.151695: sched_wakeup: comm=kworker/1:0 pid=592 prio=120 target_cpu=001
          <idle>-0       [001] d.... 20044.151749: sched_switch: prev_comm=swapper/1 prev_pid=0 prev_prio=120 prev_state=R ==> next_comm=kworker/1:0 next_pid=592 next_prio=120
          <idle>-0       [000] dns.. 20044.151770: sched_wakeup: comm=kworker/0:2 pid=568 prio=120 target_cpu=000
     kworker/1:0-592     [001] d.... 20044.151796: sched_switch: prev_comm=kworker/1:0 prev_pid=592 prev_prio=120 prev_state=I ==> next_comm=swapper/1 next_pid=0 next_prio=120
          <idle>-0       [000] d.... 20044.151890: sched_switch: prev_comm=swapper/0 prev_pid=0 prev_prio=120 prev_state=R ==> next_comm=kworker/0:2 next_pid=568 next_prio=120
     kworker/0:2-568     [000] d.... 20044.151970: sched_switch: prev_comm=kworker/0:2 prev_pid=568 prev_prio=120 prev_state=I ==> next_comm=swapper/0 next_pid=0 next_prio=120
          <idle>-0       [001] dns.. 20044.251679: sched_wakeup: comm=kworker/1:0 pid=592 prio=120 target_cpu=001
          <idle>-0       [001] d.... 20044.251727: sched_switch: prev_comm=swapper/1 prev_pid=0 prev_prio=120 prev_state=R ==> next_comm=kworker/1:0 next_pid=592 next_prio=120
     kworker/1:0-592     [001] d.... 20044.251809: sched_switch: prev_comm=kworker/1:0 prev_pid=592 prev_prio=120 prev_state=I ==> next_comm=swapper/1 next_pid=0 next_prio=120
          <idle>-0       [001] dns.. 20044.361684: sched_wakeup: comm=kworker/1:0 pid=592 prio=120 target_cpu=001
          <idle>-0       [001] d.... 20044.361735: sched_switch: prev_comm=swapper/1 prev_pid=0 prev_prio=120 prev_state=R ==> next_comm=kworker/1:0 next_pid=592 next_prio=120
     kworker/1:0-592     [001] d.... 20044.361782: sched_switch: prev_comm=kworker/1:0 prev_pid=592 prev_prio=120 prev_state=I ==> next_comm=swapper/1 next_pid=0 next_prio=120
          <idle>-0       [000] dnH.. 20044.411792: sched_wakeup: comm=kcompactd0 pid=44 prio=120 target_cpu=000
          <idle>-0       [000] d.... 20044.411903: sched_switch: prev_comm=swapper/0 prev_pid=0 prev_prio=120 prev_state=R ==> next_comm=kcompactd0 next_pid=44 next_prio=120
      kcompactd0-44      [000] d.... 20044.411973: sched_switch: prev_comm=kcompactd0 prev_pid=44 prev_prio=120 prev_state=S ==> next_comm=swapper/0 next_pid=0 next_prio=120
          <idle>-0       [001] dns.. 20044.571711: sched_wakeup: comm=kworker/1:0 pid=592 prio=120 target_cpu=001
          <idle>-0       [001] d.... 20044.571784: sched_switch: prev_comm=swapper/1 prev_pid=0 prev_prio=120 prev_state=R ==> next_comm=kworker/1:0 next_pid=592 next_prio=120
          <idle>-0       [000] dnH.. 20044.571809: sched_wakeup: comm=kworker/u16:1 pid=465 prio=120 target_cpu=000
     kworker/1:0-592     [001] d.... 20044.571828: sched_switch: prev_comm=kworker/1:0 prev_pid=592 prev_prio=120 prev_state=I ==> next_comm=swapper/1 next_pid=0 next_prio=120
          <idle>-0       [000] d.... 20044.571911: sched_switch: prev_comm=swapper/0 prev_pid=0 prev_prio=120 prev_state=R ==> next_comm=kworker/u16:1 next_pid=465 next_prio=120
          <idle>-0       [003] dnh.. 20044.572001: sched_wakeup: comm=kworker/u16:2 pid=49 prio=120 target_cpu=003
   kworker/u16:1-465     [000] d.... 20044.572027: sched_switch: prev_comm=kworker/u16:1 prev_pid=465 prev_prio=120 prev_state=I ==> next_comm=swapper/0 next_pid=0 next_prio=120
          <idle>-0       [003] d.... 20044.572080: sched_switch: prev_comm=swapper/3 prev_pid=0 prev_prio=120 prev_state=R ==> next_comm=kworker/u16:2 next_pid=49 next_prio=120
   kworker/u16:2-49      [003] d.... 20044.572116: sched_switch: prev_comm=kworker/u16:2 prev_pid=49 prev_prio=120 prev_state=I ==> next_comm=swapper/3 next_pid=0 next_prio=120
          <idle>-0       [002] dns.. 20044.731791: sched_wakeup: comm=kworker/2:0 pid=557 prio=120 target_cpu=002
          <idle>-0       [003] dnH.. 20044.731826: sched_wakeup: comm=kworker/u16:2 pid=49 prio=120 target_cpu=003
          <idle>-0       [002] d.... 20044.731909: sched_switch: prev_comm=swapper/2 prev_pid=0 prev_prio=120 prev_state=R ==> next_comm=kworker/2:0 next_pid=557 next_prio=120
          <idle>-0       [003] d.... 20044.731935: sched_switch: prev_comm=swapper/3 prev_pid=0 prev_prio=120 prev_state=R ==> next_comm=kworker/u16:2 next_pid=49 next_prio=120
     kworker/2:0-557     [002] d.... 20044.732011: sched_switch: prev_comm=kworker/2:0 prev_pid=557 prev_prio=120 prev_state=I ==> next_comm=swapper/2 next_pid=0 next_prio=120
   kworker/u16:2-49      [003] d.... 20044.732187: sched_switch: prev_comm=kworker/u16:2 prev_pid=49 prev_prio=120 prev_state=I ==> next_comm=swapper/3 next_pid=0 next_prio=120
          <idle>-0       [001] dns.. 20044.781693: sched_wakeup: comm=kworker/1:0 pid=592 prio=120 target_cpu=001
          <idle>-0       [001] d.... 20044.781727: sched_switch: prev_comm=swapper/1 prev_pid=0 prev_prio=120 prev_state=R ==> next_comm=kworker/1:0 next_pid=592 next_prio=120
     kworker/1:0-592     [001] d.... 20044.781771: sched_switch: prev_comm=kworker/1:0 prev_pid=592 prev_prio=120 prev_state=I ==> next_comm=swapper/1 next_pid=0 next_prio=120
          <idle>-0       [001] dns.. 20044.891679: sched_wakeup: comm=kworker/1:0 pid=592 prio=120 target_cpu=001
          <idle>-0       [001] d.... 20044.891725: sched_switch: prev_comm=swapper/1 prev_pid=0 prev_prio=120 prev_state=R ==> next_comm=kworker/1:0 next_pid=592 next_prio=120
     kworker/1:0-592     [001] d.h.. 20044.891806: sched_wakeup: comm=kworker/1:0 pid=592 prio=120 target_cpu=001
     kworker/1:0-592     [001] d.... 20044.891862: sched_switch: prev_comm=kworker/1:0 prev_pid=592 prev_prio=120 prev_state=I ==> next_comm=swapper/1 next_pid=0 next_prio=120
          <idle>-0       [000] dnH.. 20044.921792: sched_wakeup: comm=kcompactd0 pid=44 prio=120 target_cpu=000
          <idle>-0       [000] d.... 20044.921884: sched_switch: prev_comm=swapper/0 prev_pid=0 prev_prio=120 prev_state=R ==> next_comm=kcompactd0 next_pid=44 next_prio=120
      kcompactd0-44      [000] d.... 20044.921963: sched_switch: prev_comm=kcompactd0 prev_pid=44 prev_prio=120 prev_state=S ==> next_comm=swapper/0 next_pid=0 next_prio=120
          <idle>-0       [001] dns.. 20044.991683: sched_wakeup: comm=kworker/1:0 pid=592 prio=120 target_cpu=001
          <idle>-0       [001] d.... 20044.991733: sched_switch: prev_comm=swapper/1 prev_pid=0 prev_prio=120 prev_state=R ==> next_comm=kworker/1:0 next_pid=592 next_prio=120
     kworker/1:0-592     [001] d.... 20044.991779: sched_switch: prev_comm=kworker/1:0 prev_pid=592 prev_prio=120 prev_state=I ==> next_comm=swapper/1 next_pid=0 next_prio=120
          <idle>-0       [000] dns.. 20045.131758: sched_wakeup: comm=kworker/0:2 pid=568 prio=120 target_cpu=000
          <idle>-0       [003] dnh.. 20045.131761: sched_wakeup: comm=kworker/u16:2 pid=49 prio=120 target_cpu=003
          <idle>-0       [003] d.... 20045.131827: sched_switch: prev_comm=swapper/3 prev_pid=0 prev_prio=120 prev_state=R ==> next_comm=kworker/u16:2 next_pid=49 next_prio=120
          <idle>-0       [000] d.... 20045.131875: sched_switch: prev_comm=swapper/0 prev_pid=0 prev_prio=120 prev_state=R ==> next_comm=kworker/0:2 next_pid=568 next_prio=120
   kworker/u16:2-49      [003] d.... 20045.131905: sched_switch: prev_comm=kworker/u16:2 prev_pid=49 prev_prio=120 prev_state=I ==> next_comm=swapper/3 next_pid=0 next_prio=120
     kworker/0:2-568     [000] d.... 20045.131957: sched_switch: prev_comm=kworker/0:2 prev_pid=568 prev_prio=120 prev_state=I ==> next_comm=swapper/0 next_pid=0 next_prio=120
          <idle>-0       [002] dnh.. 20045.141880: sched_wakeup: comm=rcu_sched pid=15 prio=120 target_cpu=002
          <idle>-0       [002] d.... 20045.141957: sched_switch: prev_comm=swapper/2 prev_pid=0 prev_prio=120 prev_state=R ==> next_comm=rcu_sched next_pid=15 next_prio=120
       rcu_sched-15      [002] d.... 20045.142035: sched_switch: prev_comm=rcu_sched prev_pid=15 prev_prio=120 prev_state=I ==> next_comm=swapper/2 next_pid=0 next_prio=120
          <idle>-0       [003] dnh.. 20045.169241: sched_wakeup: comm=kworker/u16:2 pid=49 prio=120 target_cpu=003
          <idle>-0       [003] d.... 20045.169288: sched_switch: prev_comm=swapper/3 prev_pid=0 prev_prio=120 prev_state=R ==> next_comm=kworker/u16:2 next_pid=49 next_prio=120
   kworker/u16:2-49      [003] d.... 20045.169373: sched_wakeup: comm=kworker/3:1 pid=570 prio=120 target_cpu=003
   kworker/u16:2-49      [003] d.... 20045.169523: sched_switch: prev_comm=kworker/u16:2 prev_pid=49 prev_prio=120 prev_state=I ==> next_comm=kworker/3:1 next_pid=570 next_prio=120
     kworker/3:1-570     [003] d.... 20045.169628: sched_switch: prev_comm=kworker/3:1 prev_pid=570 prev_prio=120 prev_state=I ==> next_comm=swapper/3 next_pid=0 next_prio=120
          <idle>-0       [000] dnh.. 20045.169630: sched_wakeup: comm=bash pid=206 prio=120 target_cpu=000
          <idle>-0       [000] d.... 20045.169716: sched_switch: prev_comm=swapper/0 prev_pid=0 prev_prio=120 prev_state=R ==> next_comm=bash next_pid=206 next_prio=120
            bash-206     [000] d.... 20045.170309: sched_switch: prev_comm=bash prev_pid=206 prev_prio=120 prev_state=S ==> next_comm=swapper/0 next_pid=0 next_prio=120
          <idle>-0       [002] dns.. 20045.171688: sched_wakeup: comm=rcu_sched pid=15 prio=120 target_cpu=002
          <idle>-0       [002] d.... 20045.171738: sched_switch: prev_comm=swapper/2 prev_pid=0 prev_prio=120 prev_state=R ==> next_comm=rcu_sched next_pid=15 next_prio=120
       rcu_sched-15      [002] d.... 20045.171775: sched_switch: prev_comm=rcu_sched prev_pid=15 prev_prio=120 prev_state=I ==> next_comm=swapper/2 next_pid=0 next_prio=120
          <idle>-0       [001] dns.. 20045.201694: sched_wakeup: comm=kworker/1:0 pid=592 prio=120 target_cpu=001
          <idle>-0       [002] dns.. 20045.201716: sched_wakeup: comm=rcu_sched pid=15 prio=120 target_cpu=002
          <idle>-0       [001] d.... 20045.201748: sched_switch: prev_comm=swapper/1 prev_pid=0 prev_prio=120 prev_state=R ==> next_comm=kworker/1:0 next_pid=592 next_prio=120
          <idle>-0       [002] d.... 20045.201785: sched_switch: prev_comm=swapper/2 prev_pid=0 prev_prio=120 prev_state=R ==> next_comm=rcu_sched next_pid=15 next_prio=120
     kworker/1:0-592     [001] d.... 20045.201792: sched_switch: prev_comm=kworker/1:0 prev_pid=592 prev_prio=120 prev_state=I ==> next_comm=swapper/1 next_pid=0 next_prio=120
       rcu_sched-15      [002] d.... 20045.201867: sched_switch: prev_comm=rcu_sched prev_pid=15 prev_prio=120 prev_state=I ==> next_comm=swapper/2 next_pid=0 next_prio=120
          <idle>-0       [003] dns.. 20045.211814: sched_wakeup: comm=kworker/u16:2 pid=49 prio=120 target_cpu=003
          <idle>-0       [003] d.... 20045.211865: sched_switch: prev_comm=swapper/3 prev_pid=0 prev_prio=120 prev_state=R ==> next_comm=kworker/u16:2 next_pid=49 next_prio=120
   kworker/u16:2-49      [003] d.... 20045.211969: sched_switch: prev_comm=kworker/u16:2 prev_pid=49 prev_prio=120 prev_state=I ==> next_comm=swapper/3 next_pid=0 next_prio=120
          <idle>-0       [001] dns.. 20045.291674: sched_wakeup: comm=kworker/1:0 pid=592 prio=120 target_cpu=001
          <idle>-0       [001] d.... 20045.291727: sched_switch: prev_comm=swapper/1 prev_pid=0 prev_prio=120 prev_state=R ==> next_comm=kworker/1:0 next_pid=592 next_prio=120
     kworker/1:0-592     [001] d.... 20045.291808: sched_switch: prev_comm=kworker/1:0 prev_pid=592 prev_prio=120 prev_state=I ==> next_comm=swapper/1 next_pid=0 next_prio=120
          <idle>-0       [003] dnh.. 20045.309119: sched_wakeup: comm=kworker/u16:2 pid=49 prio=120 target_cpu=003
          <idle>-0       [003] d.... 20045.309186: sched_switch: prev_comm=swapper/3 prev_pid=0 prev_prio=120 prev_state=R ==> next_comm=kworker/u16:2 next_pid=49 next_prio=120
   kworker/u16:2-49      [003] d.... 20045.309313: sched_switch: prev_comm=kworker/u16:2 prev_pid=49 prev_prio=120 prev_state=I ==> next_comm=swapper/3 next_pid=0 next_prio=120
          <idle>-0       [000] dnh.. 20045.309328: sched_wakeup: comm=bash pid=206 prio=120 target_cpu=000
          <idle>-0       [000] d.... 20045.309369: sched_switch: prev_comm=swapper/0 prev_pid=0 prev_prio=120 prev_state=R ==> next_comm=bash next_pid=206 next_prio=120
            bash-206     [000] d.... 20045.310051: sched_switch: prev_comm=bash prev_pid=206 prev_prio=120 prev_state=S ==> next_comm=swapper/0 next_pid=0 next_prio=120
          <idle>-0       [001] dns.. 20045.411682: sched_wakeup: comm=kworker/1:0 pid=592 prio=120 target_cpu=001
          <idle>-0       [001] d.... 20045.411728: sched_switch: prev_comm=swapper/1 prev_pid=0 prev_prio=120 prev_state=R ==> next_comm=kworker/1:0 next_pid=592 next_prio=120
     kworker/1:0-592     [001] d.... 20045.411771: sched_switch: prev_comm=kworker/1:0 prev_pid=592 prev_prio=120 prev_state=I ==> next_comm=swapper/1 next_pid=0 next_prio=120
          <idle>-0       [000] dnH.. 20045.431701: sched_wakeup: comm=kcompactd0 pid=44 prio=120 target_cpu=000
          <idle>-0       [000] d.... 20045.431771: sched_switch: prev_comm=swapper/0 prev_pid=0 prev_prio=120 prev_state=R ==> next_comm=kcompactd0 next_pid=44 next_prio=120
      kcompactd0-44      [000] d.... 20045.431811: sched_switch: prev_comm=kcompactd0 prev_pid=44 prev_prio=120 prev_state=S ==> next_comm=swapper/0 next_pid=0 next_prio=120
          <idle>-0       [001] dns.. 20045.621704: sched_wakeup: comm=kworker/1:0 pid=592 prio=120 target_cpu=001
          <idle>-0       [001] d.... 20045.621755: sched_switch: prev_comm=swapper/1 prev_pid=0 prev_prio=120 prev_state=R ==> next_comm=kworker/1:0 next_pid=592 next_prio=120
          <idle>-0       [000] dns.. 20045.621793: sched_wakeup: comm=kworker/0:2 pid=568 prio=120 target_cpu=000
     kworker/1:0-592     [001] d.... 20045.621799: sched_switch: prev_comm=kworker/1:0 prev_pid=592 prev_prio=120 prev_state=I ==> next_comm=swapper/1 next_pid=0 next_prio=120
          <idle>-0       [000] d.... 20045.621922: sched_switch: prev_comm=swapper/0 prev_pid=0 prev_prio=120 prev_state=R ==> next_comm=kworker/0:2 next_pid=568 next_prio=120
     kworker/0:2-568     [000] d.... 20045.621989: sched_switch: prev_comm=kworker/0:2 prev_pid=568 prev_prio=120 prev_state=I ==> next_comm=swapper/0 next_pid=0 next_prio=120
          <idle>-0       [001] dns.. 20045.831694: sched_wakeup: comm=kworker/1:0 pid=592 prio=120 target_cpu=001
          <idle>-0       [001] d.... 20045.831758: sched_switch: prev_comm=swapper/1 prev_pid=0 prev_prio=120 prev_state=R ==> next_comm=kworker/1:0 next_pid=592 next_prio=120
     kworker/1:0-592     [001] d.... 20045.831821: sched_switch: prev_comm=kworker/1:0 prev_pid=592 prev_prio=120 prev_state=I ==> next_comm=swapper/1 next_pid=0 next_prio=120
          <idle>-0       [003] dnh.. 20045.934876: sched_wakeup: comm=kworker/3:1 pid=570 prio=120 target_cpu=003
          <idle>-0       [003] d.... 20045.934955: sched_switch: prev_comm=swapper/3 prev_pid=0 prev_prio=120 prev_state=R ==> next_comm=kworker/3:1 next_pid=570 next_prio=120
     kworker/3:1-570     [003] d.... 20045.935074: sched_switch: prev_comm=kworker/3:1 prev_pid=570 prev_prio=120 prev_state=I ==> next_comm=swapper/3 next_pid=0 next_prio=120
          <idle>-0       [003] dnH.. 20045.941818: sched_wakeup: comm=kworker/u16:2 pid=49 prio=120 target_cpu=003
          <idle>-0       [000] dns.. 20045.941834: sched_wakeup: comm=kcompactd0 pid=44 prio=120 target_cpu=000
          <idle>-0       [000] dns.. 20045.941886: sched_wakeup: comm=ksoftirqd/0 pid=14 prio=120 target_cpu=000
          <idle>-0       [003] d.... 20045.941929: sched_switch: prev_comm=swapper/3 prev_pid=0 prev_prio=120 prev_state=R ==> next_comm=kworker/u16:2 next_pid=49 next_prio=120
          <idle>-0       [000] d.... 20045.941952: sched_switch: prev_comm=swapper/0 prev_pid=0 prev_prio=120 prev_state=R ==> next_comm=ksoftirqd/0 next_pid=14 next_prio=120
   kworker/u16:2-49      [003] d.... 20045.942026: sched_switch: prev_comm=kworker/u16:2 prev_pid=49 prev_prio=120 prev_state=I ==> next_comm=swapper/3 next_pid=0 next_prio=120
     ksoftirqd/0-14      [000] d.... 20045.942070: sched_switch: prev_comm=ksoftirqd/0 prev_pid=14 prev_prio=120 prev_state=S ==> next_comm=kcompactd0 next_pid=44 next_prio=120
      kcompactd0-44      [000] d.... 20045.942131: sched_switch: prev_comm=kcompactd0 prev_pid=44 prev_prio=120 prev_state=S ==> next_comm=swapper/0 next_pid=0 next_prio=120
          <idle>-0       [001] dns.. 20046.041703: sched_wakeup: comm=kworker/1:0 pid=592 prio=120 target_cpu=001
          <idle>-0       [001] d.... 20046.041764: sched_switch: prev_comm=swapper/1 prev_pid=0 prev_prio=120 prev_state=R ==> next_comm=kworker/1:0 next_pid=592 next_prio=120
     kworker/1:0-592     [001] d.... 20046.041817: sched_switch: prev_comm=kworker/1:0 prev_pid=592 prev_prio=120 prev_state=I ==> next_comm=swapper/1 next_pid=0 next_prio=120
          <idle>-0       [000] dns.. 20046.211782: sched_wakeup: comm=kworker/0:2 pid=568 prio=120 target_cpu=000
          <idle>-0       [000] d.... 20046.211884: sched_switch: prev_comm=swapper/0 prev_pid=0 prev_prio=120 prev_state=R ==> next_comm=kworker/0:2 next_pid=568 next_prio=120
     kworker/0:2-568     [000] d.... 20046.211961: sched_switch: prev_comm=kworker/0:2 prev_pid=568 prev_prio=120 prev_state=I ==> next_comm=swapper/0 next_pid=0 next_prio=120
          <idle>-0       [001] dns.. 20046.251689: sched_wakeup: comm=kworker/1:0 pid=592 prio=120 target_cpu=001
          <idle>-0       [001] d.... 20046.251760: sched_switch: prev_comm=swapper/1 prev_pid=0 prev_prio=120 prev_state=R ==> next_comm=kworker/1:0 next_pid=592 next_prio=120
     kworker/1:0-592     [001] d.... 20046.251811: sched_switch: prev_comm=kworker/1:0 prev_pid=592 prev_prio=120 prev_state=I ==> next_comm=swapper/1 next_pid=0 next_prio=120
          <idle>-0       [001] dns.. 20046.331691: sched_wakeup: comm=kworker/1:0 pid=592 prio=120 target_cpu=001
          <idle>-0       [001] d.... 20046.331750: sched_switch: prev_comm=swapper/1 prev_pid=0 prev_prio=120 prev_state=R ==> next_comm=kworker/1:0 next_pid=592 next_prio=120
     kworker/1:0-592     [001] d.... 20046.331842: sched_switch: prev_comm=kworker/1:0 prev_pid=592 prev_prio=120 prev_state=I ==> next_comm=swapper/1 next_pid=0 next_prio=120
          <idle>-0       [000] dnH.. 20046.451814: sched_wakeup: comm=kcompactd0 pid=44 prio=120 target_cpu=000
          <idle>-0       [000] d.... 20046.451934: sched_switch: prev_comm=swapper/0 prev_pid=0 prev_prio=120 prev_state=R ==> next_comm=kcompactd0 next_pid=44 next_prio=120
      kcompactd0-44      [000] d.... 20046.451997: sched_switch: prev_comm=kcompactd0 prev_pid=44 prev_prio=120 prev_state=S ==> next_comm=swapper/0 next_pid=0 next_prio=120
          <idle>-0       [001] dns.. 20046.461691: sched_wakeup: comm=kworker/1:0 pid=592 prio=120 target_cpu=001
          <idle>-0       [001] d.... 20046.461729: sched_switch: prev_comm=swapper/1 prev_pid=0 prev_prio=120 prev_state=R ==> next_comm=kworker/1:0 next_pid=592 next_prio=120
     kworker/1:0-592     [001] d.... 20046.461781: sched_switch: prev_comm=kworker/1:0 prev_pid=592 prev_prio=120 prev_state=I ==> next_comm=swapper/1 next_pid=0 next_prio=120
          <idle>-0       [001] dns.. 20046.671686: sched_wakeup: comm=kworker/1:0 pid=592 prio=120 target_cpu=001
          <idle>-0       [001] d.... 20046.671744: sched_switch: prev_comm=swapper/1 prev_pid=0 prev_prio=120 prev_state=R ==> next_comm=kworker/1:0 next_pid=592 next_prio=120
     kworker/1:0-592     [001] d.... 20046.671798: sched_switch: prev_comm=kworker/1:0 prev_pid=592 prev_prio=120 prev_state=I ==> next_comm=swapper/1 next_pid=0 next_prio=120
          <idle>-0       [001] dns.. 20046.881687: sched_wakeup: comm=kworker/1:0 pid=592 prio=120 target_cpu=001
          <idle>-0       [001] d.... 20046.881748: sched_switch: prev_comm=swapper/1 prev_pid=0 prev_prio=120 prev_state=R ==> next_comm=kworker/1:0 next_pid=592 next_prio=120
     kworker/1:0-592     [001] d.... 20046.881803: sched_switch: prev_comm=kworker/1:0 prev_pid=592 prev_prio=120 prev_state=I ==> next_comm=swapper/1 next_pid=0 next_prio=120
          <idle>-0       [000] dnH.. 20046.961801: sched_wakeup: comm=kcompactd0 pid=44 prio=120 target_cpu=000
          <idle>-0       [000] d.... 20046.961936: sched_switch: prev_comm=swapper/0 prev_pid=0 prev_prio=120 prev_state=R ==> next_comm=kcompactd0 next_pid=44 next_prio=120
      kcompactd0-44      [000] d.... 20046.962004: sched_switch: prev_comm=kcompactd0 prev_pid=44 prev_prio=120 prev_state=S ==> next_comm=swapper/0 next_pid=0 next_prio=120
          <idle>-0       [001] dns.. 20046.971676: sched_wakeup: comm=kworker/1:0 pid=592 prio=120 target_cpu=001
          <idle>-0       [001] d.... 20046.971712: sched_switch: prev_comm=swapper/1 prev_pid=0 prev_prio=120 prev_state=R ==> next_comm=kworker/1:0 next_pid=592 next_prio=120
     kworker/1:0-592     [001] d.h.. 20046.971775: sched_wakeup: comm=kworker/1:0 pid=592 prio=120 target_cpu=001
     kworker/1:0-592     [001] d.... 20046.971850: sched_switch: prev_comm=kworker/1:0 prev_pid=592 prev_prio=120 prev_state=I ==> next_comm=swapper/1 next_pid=0 next_prio=120
          <idle>-0       [001] dns.. 20047.091678: sched_wakeup: comm=kworker/1:0 pid=592 prio=120 target_cpu=001
          <idle>-0       [001] d.... 20047.091734: sched_switch: prev_comm=swapper/1 prev_pid=0 prev_prio=120 prev_state=R ==> next_comm=kworker/1:0 next_pid=592 next_prio=120
     kworker/1:0-592     [001] d.... 20047.091786: sched_switch: prev_comm=kworker/1:0 prev_pid=592 prev_prio=120 prev_state=I ==> next_comm=swapper/1 next_pid=0 next_prio=120
          <idle>-0       [000] dns.. 20047.231771: sched_wakeup: comm=kworker/0:2 pid=568 prio=120 target_cpu=000
          <idle>-0       [000] d.... 20047.231877: sched_switch: prev_comm=swapper/0 prev_pid=0 prev_prio=120 prev_state=R ==> next_comm=kworker/0:2 next_pid=568 next_prio=120
     kworker/0:2-568     [000] d.... 20047.231954: sched_switch: prev_comm=kworker/0:2 prev_pid=568 prev_prio=120 prev_state=I ==> next_comm=swapper/0 next_pid=0 next_prio=120
          <idle>-0       [001] dns.. 20047.301705: sched_wakeup: comm=kworker/1:0 pid=592 prio=120 target_cpu=001
          <idle>-0       [001] d.... 20047.301761: sched_switch: prev_comm=swapper/1 prev_pid=0 prev_prio=120 prev_state=R ==> next_comm=kworker/1:0 next_pid=592 next_prio=120
     kworker/1:0-592     [001] d.... 20047.301812: sched_switch: prev_comm=kworker/1:0 prev_pid=592 prev_prio=120 prev_state=I ==> next_comm=swapper/1 next_pid=0 next_prio=120
          <idle>-0       [001] dns.. 20047.371678: sched_wakeup: comm=kworker/1:0 pid=592 prio=120 target_cpu=001
          <idle>-0       [001] d.... 20047.371732: sched_switch: prev_comm=swapper/1 prev_pid=0 prev_prio=120 prev_state=R ==> next_comm=kworker/1:0 next_pid=592 next_prio=120
     kworker/1:0-592     [001] d.... 20047.371821: sched_switch: prev_comm=kworker/1:0 prev_pid=592 prev_prio=120 prev_state=I ==> next_comm=swapper/1 next_pid=0 next_prio=120
          <idle>-0       [000] dnH.. 20047.471714: sched_wakeup: comm=kcompactd0 pid=44 prio=120 target_cpu=000
          <idle>-0       [000] d.... 20047.471778: sched_switch: prev_comm=swapper/0 prev_pid=0 prev_prio=120 prev_state=R ==> next_comm=kcompactd0 next_pid=44 next_prio=120
      kcompactd0-44      [000] d.... 20047.471816: sched_switch: prev_comm=kcompactd0 prev_pid=44 prev_prio=120 prev_state=S ==> next_comm=swapper/0 next_pid=0 next_prio=120
          <idle>-0       [001] dns.. 20047.511688: sched_wakeup: comm=kworker/1:0 pid=592 prio=120 target_cpu=001
          <idle>-0       [001] d.... 20047.511741: sched_switch: prev_comm=swapper/1 prev_pid=0 prev_prio=120 prev_state=R ==> next_comm=kworker/1:0 next_pid=592 next_prio=120
     kworker/1:0-592     [001] d.... 20047.511791: sched_switch: prev_comm=kworker/1:0 prev_pid=592 prev_prio=120 prev_state=I ==> next_comm=swapper/1 next_pid=0 next_prio=120
          <idle>-0       [001] dns.. 20047.721690: sched_wakeup: comm=kworker/1:0 pid=592 prio=120 target_cpu=001
          <idle>-0       [001] d.... 20047.721742: sched_switch: prev_comm=swapper/1 prev_pid=0 prev_prio=120 prev_state=R ==> next_comm=kworker/1:0 next_pid=592 next_prio=120
     kworker/1:0-592     [001] d.... 20047.721793: sched_switch: prev_comm=kworker/1:0 prev_pid=592 prev_prio=120 prev_state=I ==> next_comm=swapper/1 next_pid=0 next_prio=120
          <idle>-0       [001] dns.. 20047.931681: sched_wakeup: comm=kworker/1:0 pid=592 prio=120 target_cpu=001
          <idle>-0       [001] d.... 20047.931738: sched_switch: prev_comm=swapper/1 prev_pid=0 prev_prio=120 prev_state=R ==> next_comm=kworker/1:0 next_pid=592 next_prio=120
     kworker/1:0-592     [001] d.... 20047.931788: sched_switch: prev_comm=kworker/1:0 prev_pid=592 prev_prio=120 prev_state=I ==> next_comm=swapper/1 next_pid=0 next_prio=120
          <idle>-0       [000] dnH.. 20047.981727: sched_wakeup: comm=kcompactd0 pid=44 prio=120 target_cpu=000
          <idle>-0       [000] d.... 20047.981795: sched_switch: prev_comm=swapper/0 prev_pid=0 prev_prio=120 prev_state=R ==> next_comm=kcompactd0 next_pid=44 next_prio=120
      kcompactd0-44      [000] d.... 20047.981834: sched_switch: prev_comm=kcompactd0 prev_pid=44 prev_prio=120 prev_state=S ==> next_comm=swapper/0 next_pid=0 next_prio=120
          <idle>-0       [003] dns.. 20048.021784: sched_wakeup: comm=kworker/u16:2 pid=49 prio=120 target_cpu=003
          <idle>-0       [003] d.... 20048.021900: sched_switch: prev_comm=swapper/3 prev_pid=0 prev_prio=120 prev_state=R ==> next_comm=kworker/u16:2 next_pid=49 next_prio=120
   kworker/u16:2-49      [003] d.... 20048.021995: sched_switch: prev_comm=kworker/u16:2 prev_pid=49 prev_prio=120 prev_state=I ==> next_comm=swapper/3 next_pid=0 next_prio=120
          <idle>-0       [001] dns.. 20048.141698: sched_wakeup: comm=kworker/1:0 pid=592 prio=120 target_cpu=001
          <idle>-0       [001] d.... 20048.141761: sched_switch: prev_comm=swapper/1 prev_pid=0 prev_prio=120 prev_state=R ==> next_comm=kworker/1:0 next_pid=592 next_prio=120
          <idle>-0       [000] dns.. 20048.141789: sched_wakeup: comm=kworker/0:2 pid=568 prio=120 target_cpu=000
     kworker/1:0-592     [001] d.... 20048.141817: sched_switch: prev_comm=kworker/1:0 prev_pid=592 prev_prio=120 prev_state=I ==> next_comm=swapper/1 next_pid=0 next_prio=120
          <idle>-0       [000] d.... 20048.141910: sched_switch: prev_comm=swapper/0 prev_pid=0 prev_prio=120 prev_state=R ==> next_comm=kworker/0:2 next_pid=568 next_prio=120
     kworker/0:2-568     [000] d.... 20048.141999: sched_switch: prev_comm=kworker/0:2 prev_pid=568 prev_prio=120 prev_state=I ==> next_comm=swapper/0 next_pid=0 next_prio=120
          <idle>-0       [001] dns.. 20048.351708: sched_wakeup: comm=kworker/1:0 pid=592 prio=120 target_cpu=001
          <idle>-0       [001] d.... 20048.351760: sched_switch: prev_comm=swapper/1 prev_pid=0 prev_prio=120 prev_state=R ==> next_comm=kworker/1:0 next_pid=592 next_prio=120
     kworker/1:0-592     [001] d.... 20048.351809: sched_switch: prev_comm=kworker/1:0 prev_pid=592 prev_prio=120 prev_state=I ==> next_comm=swapper/1 next_pid=0 next_prio=120
          <idle>-0       [001] dns.. 20048.411693: sched_wakeup: comm=kworker/1:0 pid=592 prio=120 target_cpu=001
          <idle>-0       [001] d.... 20048.411744: sched_switch: prev_comm=swapper/1 prev_pid=0 prev_prio=120 prev_state=R ==> next_comm=kworker/1:0 next_pid=592 next_prio=120
     kworker/1:0-592     [001] d.... 20048.411835: sched_switch: prev_comm=kworker/1:0 prev_pid=592 prev_prio=120 prev_state=I ==> next_comm=swapper/1 next_pid=0 next_prio=120
          <idle>-0       [000] dnH.. 20048.491820: sched_wakeup: comm=kcompactd0 pid=44 prio=120 target_cpu=000
          <idle>-0       [000] d.... 20048.491915: sched_switch: prev_comm=swapper/0 prev_pid=0 prev_prio=120 prev_state=R ==> next_comm=kcompactd0 next_pid=44 next_prio=120
      kcompactd0-44      [000] d.... 20048.491984: sched_switch: prev_comm=kcompactd0 prev_pid=44 prev_prio=120 prev_state=S ==> next_comm=swapper/0 next_pid=0 next_prio=120
          <idle>-0       [001] dns.. 20048.561691: sched_wakeup: comm=kworker/1:0 pid=592 prio=120 target_cpu=001
          <idle>-0       [001] d.... 20048.561747: sched_switch: prev_comm=swapper/1 prev_pid=0 prev_prio=120 prev_state=R ==> next_comm=kworker/1:0 next_pid=592 next_prio=120
     kworker/1:0-592     [001] d.... 20048.561795: sched_switch: prev_comm=kworker/1:0 prev_pid=592 prev_prio=120 prev_state=I ==> next_comm=swapper/1 next_pid=0 next_prio=120
          <idle>-0       [001] dns.. 20048.771686: sched_wakeup: comm=kworker/1:0 pid=592 prio=120 target_cpu=001
          <idle>-0       [001] d.... 20048.771748: sched_switch: prev_comm=swapper/1 prev_pid=0 prev_prio=120 prev_state=R ==> next_comm=kworker/1:0 next_pid=592 next_prio=120
     kworker/1:0-592     [001] d.... 20048.771794: sched_switch: prev_comm=kworker/1:0 prev_pid=592 prev_prio=120 prev_state=I ==> next_comm=swapper/1 next_pid=0 next_prio=120
          <idle>-0       [002] dnh.. 20048.846643: sched_wakeup: comm=sshd pid=562 prio=120 target_cpu=002
          <idle>-0       [002] d.... 20048.846685: sched_switch: prev_comm=swapper/2 prev_pid=0 prev_prio=120 prev_state=R ==> next_comm=sshd next_pid=562 next_prio=120
          <idle>-0       [003] dnh.. 20048.847169: sched_wakeup: comm=kworker/u16:2 pid=49 prio=120 target_cpu=003
          <idle>-0       [003] d.... 20048.847212: sched_switch: prev_comm=swapper/3 prev_pid=0 prev_prio=120 prev_state=R ==> next_comm=kworker/u16:2 next_pid=49 next_prio=120
            sshd-562     [002] d.... 20048.847264: sched_switch: prev_comm=sshd prev_pid=562 prev_prio=120 prev_state=S ==> next_comm=swapper/2 next_pid=0 next_prio=120
   kworker/u16:2-49      [003] d.... 20048.847275: sched_switch: prev_comm=kworker/u16:2 prev_pid=49 prev_prio=120 prev_state=I ==> next_comm=swapper/3 next_pid=0 next_prio=120
          <idle>-0       [001] dnh.. 20048.847289: sched_wakeup: comm=bash pid=563 prio=120 target_cpu=001
          <idle>-0       [001] d.... 20048.847326: sched_switch: prev_comm=swapper/1 prev_pid=0 prev_prio=120 prev_state=R ==> next_comm=bash next_pid=563 next_prio=120
          <idle>-0       [003] dnh.. 20048.847695: sched_wakeup: comm=kworker/u16:2 pid=49 prio=120 target_cpu=003
            bash-563     [001] d.... 20048.847732: sched_switch: prev_comm=bash prev_pid=563 prev_prio=120 prev_state=S ==> next_comm=swapper/1 next_pid=0 next_prio=120
          <idle>-0       [003] d.... 20048.847737: sched_switch: prev_comm=swapper/3 prev_pid=0 prev_prio=120 prev_state=R ==> next_comm=kworker/u16:2 next_pid=49 next_prio=120
   kworker/u16:2-49      [003] d.... 20048.847815: sched_switch: prev_comm=kworker/u16:2 prev_pid=49 prev_prio=120 prev_state=I ==> next_comm=swapper/3 next_pid=0 next_prio=120
          <idle>-0       [002] dnh.. 20048.847836: sched_wakeup: comm=sshd pid=562 prio=120 target_cpu=002
          <idle>-0       [002] d.... 20048.847863: sched_switch: prev_comm=swapper/2 prev_pid=0 prev_prio=120 prev_state=R ==> next_comm=sshd next_pid=562 next_prio=120
            sshd-562     [002] d.... 20048.849184: sched_switch: prev_comm=sshd prev_pid=562 prev_prio=120 prev_state=S ==> next_comm=swapper/2 next_pid=0 next_prio=120
          <idle>-0       [002] dnh.. 20048.904612: sched_wakeup: comm=sshd pid=562 prio=120 target_cpu=002
          <idle>-0       [002] d.... 20048.904656: sched_switch: prev_comm=swapper/2 prev_pid=0 prev_prio=120 prev_state=R ==> next_comm=sshd next_pid=562 next_prio=120
          <idle>-0       [003] dnh.. 20048.905259: sched_wakeup: comm=kworker/u16:2 pid=49 prio=120 target_cpu=003
            sshd-562     [002] d.... 20048.905309: sched_switch: prev_comm=sshd prev_pid=562 prev_prio=120 prev_state=S ==> next_comm=swapper/2 next_pid=0 next_prio=120
          <idle>-0       [003] d.... 20048.905328: sched_switch: prev_comm=swapper/3 prev_pid=0 prev_prio=120 prev_state=R ==> next_comm=kworker/u16:2 next_pid=49 next_prio=120
   kworker/u16:2-49      [003] d.... 20048.905414: sched_switch: prev_comm=kworker/u16:2 prev_pid=49 prev_prio=120 prev_state=I ==> next_comm=swapper/3 next_pid=0 next_prio=120
          <idle>-0       [001] dnh.. 20048.905429: sched_wakeup: comm=bash pid=563 prio=120 target_cpu=001
          <idle>-0       [001] d.... 20048.905473: sched_switch: prev_comm=swapper/1 prev_pid=0 prev_prio=120 prev_state=R ==> next_comm=bash next_pid=563 next_prio=120
          <idle>-0       [003] dnh.. 20048.905757: sched_wakeup: comm=kworker/u16:2 pid=49 prio=120 target_cpu=003
          <idle>-0       [003] d.... 20048.905779: sched_switch: prev_comm=swapper/3 prev_pid=0 prev_prio=120 prev_state=R ==> next_comm=kworker/u16:2 next_pid=49 next_prio=120
   kworker/u16:2-49      [003] d.... 20048.905820: sched_switch: prev_comm=kworker/u16:2 prev_pid=49 prev_prio=120 prev_state=I ==> next_comm=swapper/3 next_pid=0 next_prio=120
            bash-563     [001] d.... 20048.905840: sched_switch: prev_comm=bash prev_pid=563 prev_prio=120 prev_state=S ==> next_comm=swapper/1 next_pid=0 next_prio=120
          <idle>-0       [002] dnh.. 20048.905857: sched_wakeup: comm=sshd pid=562 prio=120 target_cpu=002
          <idle>-0       [002] d.... 20048.905883: sched_switch: prev_comm=swapper/2 prev_pid=0 prev_prio=120 prev_state=R ==> next_comm=sshd next_pid=562 next_prio=120
            sshd-562     [002] d.... 20048.906593: sched_switch: prev_comm=sshd prev_pid=562 prev_prio=120 prev_state=S ==> next_comm=swapper/2 next_pid=0 next_prio=120
          <idle>-0       [003] dns.. 20048.981781: sched_wakeup: comm=kworker/3:1 pid=570 prio=120 target_cpu=003
          <idle>-0       [003] d.... 20048.981893: sched_switch: prev_comm=swapper/3 prev_pid=0 prev_prio=120 prev_state=R ==> next_comm=kworker/3:1 next_pid=570 next_prio=120
     kworker/3:1-570     [003] d.... 20048.982008: sched_switch: prev_comm=kworker/3:1 prev_pid=570 prev_prio=120 prev_state=I ==> next_comm=swapper/3 next_pid=0 next_prio=120
          <idle>-0       [000] dns.. 20049.001769: sched_wakeup: comm=kcompactd0 pid=44 prio=120 target_cpu=000
          <idle>-0       [000] d.... 20049.001879: sched_switch: prev_comm=swapper/0 prev_pid=0 prev_prio=120 prev_state=R ==> next_comm=kcompactd0 next_pid=44 next_prio=120
      kcompactd0-44      [000] d.... 20049.001956: sched_switch: prev_comm=kcompactd0 prev_pid=44 prev_prio=120 prev_state=S ==> next_comm=swapper/0 next_pid=0 next_prio=120
          <idle>-0       [001] dns.. 20049.051678: sched_wakeup: comm=kworker/1:0 pid=592 prio=120 target_cpu=001
          <idle>-0       [001] d.... 20049.051741: sched_switch: prev_comm=swapper/1 prev_pid=0 prev_prio=120 prev_state=R ==> next_comm=kworker/1:0 next_pid=592 next_prio=120
          <idle>-0       [000] dns.. 20049.051744: sched_wakeup: comm=kworker/0:2 pid=568 prio=120 target_cpu=000
     kworker/1:0-592     [001] d.h.. 20049.051819: sched_wakeup: comm=kworker/1:0 pid=592 prio=120 target_cpu=001
          <idle>-0       [000] d.... 20049.051848: sched_switch: prev_comm=swapper/0 prev_pid=0 prev_prio=120 prev_state=R ==> next_comm=kworker/0:2 next_pid=568 next_prio=120
     kworker/1:0-592     [001] d.... 20049.051882: sched_switch: prev_comm=kworker/1:0 prev_pid=592 prev_prio=120 prev_state=I ==> next_comm=swapper/1 next_pid=0 next_prio=120
     kworker/0:2-568     [000] d.... 20049.051960: sched_switch: prev_comm=kworker/0:2 prev_pid=568 prev_prio=120 prev_state=I ==> next_comm=swapper/0 next_pid=0 next_prio=120
          <idle>-0       [002] dns.. 20049.121784: sched_wakeup: comm=kworker/2:0 pid=557 prio=120 target_cpu=002
          <idle>-0       [002] d.... 20049.121918: sched_switch: prev_comm=swapper/2 prev_pid=0 prev_prio=120 prev_state=R ==> next_comm=kworker/2:0 next_pid=557 next_prio=120
     kworker/2:0-557     [002] d.... 20049.122006: sched_switch: prev_comm=kworker/2:0 prev_pid=557 prev_prio=120 prev_state=I ==> next_comm=swapper/2 next_pid=0 next_prio=120
          <idle>-0       [000] dns.. 20049.191781: sched_wakeup: comm=kworker/0:2 pid=568 prio=120 target_cpu=000
          <idle>-0       [000] d.... 20049.191882: sched_switch: prev_comm=swapper/0 prev_pid=0 prev_prio=120 prev_state=R ==> next_comm=kworker/0:2 next_pid=568 next_prio=120
     kworker/0:2-568     [000] d.... 20049.191965: sched_switch: prev_comm=kworker/0:2 prev_pid=568 prev_prio=120 prev_state=I ==> next_comm=swapper/0 next_pid=0 next_prio=120
          <idle>-0       [002] dnh.. 20049.244662: sched_wakeup: comm=sshd pid=562 prio=120 target_cpu=002
          <idle>-0       [002] d.... 20049.244757: sched_switch: prev_comm=swapper/2 prev_pid=0 prev_prio=120 prev_state=R ==> next_comm=sshd next_pid=562 next_prio=120
          <idle>-0       [003] dnh.. 20049.245419: sched_wakeup: comm=kworker/u16:2 pid=49 prio=120 target_cpu=003
            sshd-562     [002] d.... 20049.245450: sched_switch: prev_comm=sshd prev_pid=562 prev_prio=120 prev_state=S ==> next_comm=swapper/2 next_pid=0 next_prio=120
          <idle>-0       [003] d.... 20049.245500: sched_switch: prev_comm=swapper/3 prev_pid=0 prev_prio=120 prev_state=R ==> next_comm=kworker/u16:2 next_pid=49 next_prio=120
          <idle>-0       [001] dnh.. 20049.245600: sched_wakeup: comm=bash pid=563 prio=120 target_cpu=001
   kworker/u16:2-49      [003] d.... 20049.245609: sched_switch: prev_comm=kworker/u16:2 prev_pid=49 prev_prio=120 prev_state=I ==> next_comm=swapper/3 next_pid=0 next_prio=120
          <idle>-0       [001] d.... 20049.245635: sched_switch: prev_comm=swapper/1 prev_pid=0 prev_prio=120 prev_state=R ==> next_comm=bash next_pid=563 next_prio=120
          <idle>-0       [003] dnh.. 20049.245867: sched_wakeup: comm=kworker/u16:2 pid=49 prio=120 target_cpu=003
          <idle>-0       [003] d.... 20049.245908: sched_switch: prev_comm=swapper/3 prev_pid=0 prev_prio=120 prev_state=R ==> next_comm=kworker/u16:2 next_pid=49 next_prio=120
   kworker/u16:2-49      [003] d.... 20049.245983: sched_switch: prev_comm=kworker/u16:2 prev_pid=49 prev_prio=120 prev_state=I ==> next_comm=swapper/3 next_pid=0 next_prio=120
          <idle>-0       [002] dnh.. 20049.246006: sched_wakeup: comm=sshd pid=562 prio=120 target_cpu=002
          <idle>-0       [002] d.... 20049.246032: sched_switch: prev_comm=swapper/2 prev_pid=0 prev_prio=120 prev_state=R ==> next_comm=sshd next_pid=562 next_prio=120
            sshd-562     [002] d.... 20049.247246: sched_switch: prev_comm=sshd prev_pid=562 prev_prio=120 prev_state=S ==> next_comm=swapper/2 next_pid=0 next_prio=120
            bash-563     [001] ..... 20049.247729: sys_clone+0xc/0x9c <-ret_fast_syscall+0x0/0x54
            bash-563     [001] ..... 20049.247761: <stack trace>
 => sys_clone+0x10/0x9c
 => ret_fast_syscall+0x0/0x54
            bash-563     [001] ..... 20049.247767: kernel_clone+0xc/0x388 <-sys_clone+0x78/0x9c
            bash-563     [001] ..... 20049.247773: <stack trace>
 => kernel_clone+0x10/0x388
 => sys_clone+0x78/0x9c
 => ret_fast_syscall+0x0/0x54
            bash-563     [001] ..... 20049.247777: copy_process+0xc/0x16a8 <-kernel_clone+0xac/0x388
            bash-563     [001] ..... 20049.247782: <stack trace>
 => copy_process+0x10/0x16a8
 => kernel_clone+0xac/0x388
 => sys_clone+0x78/0x9c
 => ret_fast_syscall+0x0/0x54
            bash-563     [001] ..... 20049.248451: sched_process_fork: comm=bash pid=563 child_comm=bash child_pid=615
          <idle>-0       [003] d.... 20049.248589: sched_switch: prev_comm=swapper/3 prev_pid=0 prev_prio=120 prev_state=R ==> next_comm=bash next_pid=615 next_prio=120
            bash-563     [001] d.... 20049.249733: sched_switch: prev_comm=bash prev_pid=563 prev_prio=120 prev_state=S ==> next_comm=swapper/1 next_pid=0 next_prio=120
          <idle>-0       [002] dnh.. 20049.261761: sched_wakeup: comm=rcu_sched pid=15 prio=120 target_cpu=002
          <idle>-0       [002] d.... 20049.261799: sched_switch: prev_comm=swapper/2 prev_pid=0 prev_prio=120 prev_state=R ==> next_comm=rcu_sched next_pid=15 next_prio=120
       rcu_sched-15      [002] d.... 20049.261834: sched_switch: prev_comm=rcu_sched prev_pid=15 prev_prio=120 prev_state=I ==> next_comm=swapper/2 next_pid=0 next_prio=120
          <idle>-0       [000] dnh.. 20049.274447: sched_wakeup: comm=kworker/u16:2 pid=49 prio=120 target_cpu=000
          <idle>-0       [000] d.... 20049.274515: sched_switch: prev_comm=swapper/0 prev_pid=0 prev_prio=120 prev_state=R ==> next_comm=kworker/u16:2 next_pid=49 next_prio=120
   kworker/u16:2-49      [000] d.... 20049.274631: sched_switch: prev_comm=kworker/u16:2 prev_pid=49 prev_prio=120 prev_state=I ==> next_comm=swapper/0 next_pid=0 next_prio=120
          <idle>-0       [002] dnh.. 20049.274673: sched_wakeup: comm=sshd pid=562 prio=120 target_cpu=002
          <idle>-0       [002] d.... 20049.274721: sched_switch: prev_comm=swapper/2 prev_pid=0 prev_prio=120 prev_state=R ==> next_comm=sshd next_pid=562 next_prio=120
            sshd-562     [002] d.... 20049.275840: sched_switch: prev_comm=sshd prev_pid=562 prev_prio=120 prev_state=S ==> next_comm=swapper/2 next_pid=0 next_prio=120
              ls-615     [003] ..... 20049.276067: do_exit+0xc/0xa24 <-do_group_exit+0x40/0x8c
              ls-615     [003] ..... 20049.276098: <stack trace>
 => do_exit+0x10/0xa24
 => do_group_exit+0x40/0x8c
 => pid_child_should_wake+0x0/0x68
              ls-615     [003] ..... 20049.276189: sched_process_exit: comm=ls pid=615 prio=120 group_dead=true
              ls-615     [003] dn... 20049.276730: signal_generate: sig=17 errno=0 code=1 comm=bash pid=563 grp=1 res=0
              ls-615     [003] d.... 20049.276779: sched_switch: prev_comm=ls prev_pid=615 prev_prio=120 prev_state=Z ==> next_comm=swapper/3 next_pid=0 next_prio=120
          <idle>-0       [001] dnh.. 20049.276810: sched_wakeup: comm=bash pid=563 prio=120 target_cpu=001
          <idle>-0       [001] d.... 20049.276848: sched_switch: prev_comm=swapper/1 prev_pid=0 prev_prio=120 prev_state=R ==> next_comm=bash next_pid=563 next_prio=120
            bash-563     [001] d.... 20049.277326: signal_deliver: sig=17 errno=0 code=1 sa_handler=51b6fd sa_flags=14000000
          <idle>-0       [000] dnh.. 20049.278648: sched_wakeup: comm=kworker/u16:2 pid=49 prio=120 target_cpu=000
          <idle>-0       [000] d.... 20049.278669: sched_switch: prev_comm=swapper/0 prev_pid=0 prev_prio=120 prev_state=R ==> next_comm=kworker/u16:2 next_pid=49 next_prio=120
   kworker/u16:2-49      [000] d.... 20049.278709: sched_switch: prev_comm=kworker/u16:2 prev_pid=49 prev_prio=120 prev_state=I ==> next_comm=swapper/0 next_pid=0 next_prio=120
          <idle>-0       [002] dnh.. 20049.278739: sched_wakeup: comm=sshd pid=562 prio=120 target_cpu=002
          <idle>-0       [002] d.... 20049.278767: sched_switch: prev_comm=swapper/2 prev_pid=0 prev_prio=120 prev_state=R ==> next_comm=sshd next_pid=562 next_prio=120
          <idle>-0       [000] dnh.. 20049.279076: sched_wakeup: comm=kworker/u16:2 pid=49 prio=120 target_cpu=000
          <idle>-0       [000] d.... 20049.279094: sched_switch: prev_comm=swapper/0 prev_pid=0 prev_prio=120 prev_state=R ==> next_comm=kworker/u16:2 next_pid=49 next_prio=120
            sshd-562     [002] d.... 20049.279119: sched_switch: prev_comm=sshd prev_pid=562 prev_prio=120 prev_state=D ==> next_comm=swapper/2 next_pid=0 next_prio=120
   kworker/u16:2-49      [000] d.... 20049.279128: sched_switch: prev_comm=kworker/u16:2 prev_pid=49 prev_prio=120 prev_state=I ==> next_comm=swapper/0 next_pid=0 next_prio=120
            bash-563     [001] d.... 20049.279145: sched_switch: prev_comm=bash prev_pid=563 prev_prio=120 prev_state=S ==> next_comm=swapper/1 next_pid=0 next_prio=120
          <idle>-0       [002] dnh.. 20049.279160: sched_wakeup: comm=sshd pid=562 prio=120 target_cpu=002
          <idle>-0       [002] d.... 20049.279180: sched_switch: prev_comm=swapper/2 prev_pid=0 prev_prio=120 prev_state=R ==> next_comm=sshd next_pid=562 next_prio=120
            sshd-562     [002] d.... 20049.279866: sched_switch: prev_comm=sshd prev_pid=562 prev_prio=120 prev_state=S ==> next_comm=swapper/2 next_pid=0 next_prio=120
          <idle>-0       [002] dns.. 20049.281697: sched_wakeup: comm=rcu_sched pid=15 prio=120 target_cpu=002
          <idle>-0       [002] d.... 20049.281749: sched_switch: prev_comm=swapper/2 prev_pid=0 prev_prio=120 prev_state=R ==> next_comm=rcu_sched next_pid=15 next_prio=120
       rcu_sched-15      [002] d.... 20049.281793: sched_switch: prev_comm=rcu_sched prev_pid=15 prev_prio=120 prev_state=I ==> next_comm=swapper/2 next_pid=0 next_prio=120
          <idle>-0       [002] dns.. 20049.301729: sched_wakeup: comm=rcu_sched pid=15 prio=120 target_cpu=002
          <idle>-0       [002] d.... 20049.301810: sched_switch: prev_comm=swapper/2 prev_pid=0 prev_prio=120 prev_state=R ==> next_comm=rcu_sched next_pid=15 next_prio=120
       rcu_sched-15      [002] d.... 20049.301888: sched_switch: prev_comm=rcu_sched prev_pid=15 prev_prio=120 prev_state=I ==> next_comm=swapper/2 next_pid=0 next_prio=120
          <idle>-0       [003] dns.. 20049.311721: sched_wakeup: comm=kworker/3:1 pid=570 prio=120 target_cpu=003
          <idle>-0       [003] d.... 20049.311750: sched_switch: prev_comm=swapper/3 prev_pid=0 prev_prio=120 prev_state=R ==> next_comm=kworker/3:1 next_pid=570 next_prio=120
     kworker/3:1-570     [003] d.... 20049.311810: sched_switch: prev_comm=kworker/3:1 prev_pid=570 prev_prio=120 prev_state=I ==> next_comm=swapper/3 next_pid=0 next_prio=120
          <idle>-0       [002] dnh.. 20049.321692: sched_wakeup: comm=rcu_sched pid=15 prio=120 target_cpu=002
          <idle>-0       [002] d.... 20049.321726: sched_switch: prev_comm=swapper/2 prev_pid=0 prev_prio=120 prev_state=R ==> next_comm=rcu_sched next_pid=15 next_prio=120
       rcu_sched-15      [002] d.... 20049.321754: sched_switch: prev_comm=rcu_sched prev_pid=15 prev_prio=120 prev_state=I ==> next_comm=swapper/2 next_pid=0 next_prio=120
          <idle>-0       [002] dns.. 20049.341672: sched_wakeup: comm=rcu_sched pid=15 prio=120 target_cpu=002
          <idle>-0       [002] d.... 20049.341714: sched_switch: prev_comm=swapper/2 prev_pid=0 prev_prio=120 prev_state=R ==> next_comm=rcu_sched next_pid=15 next_prio=120
       rcu_sched-15      [002] d.... 20049.341747: sched_switch: prev_comm=rcu_sched prev_pid=15 prev_prio=120 prev_state=I ==> next_comm=swapper/2 next_pid=0 next_prio=120
          <idle>-0       [002] dnh.. 20049.361768: sched_wakeup: comm=rcu_sched pid=15 prio=120 target_cpu=002
          <idle>-0       [002] d.... 20049.361843: sched_switch: prev_comm=swapper/2 prev_pid=0 prev_prio=120 prev_state=R ==> next_comm=rcu_sched next_pid=15 next_prio=120
       rcu_sched-15      [002] d.... 20049.361921: sched_switch: prev_comm=rcu_sched prev_pid=15 prev_prio=120 prev_state=I ==> next_comm=swapper/2 next_pid=0 next_prio=120
          <idle>-0       [002] dns.. 20049.381694: sched_wakeup: comm=rcu_sched pid=15 prio=120 target_cpu=002
          <idle>-0       [002] d.... 20049.381739: sched_switch: prev_comm=swapper/2 prev_pid=0 prev_prio=120 prev_state=R ==> next_comm=rcu_sched next_pid=15 next_prio=120
       rcu_sched-15      [002] d.... 20049.381773: sched_switch: prev_comm=rcu_sched prev_pid=15 prev_prio=120 prev_state=I ==> next_comm=swapper/2 next_pid=0 next_prio=120
          <idle>-0       [000] dns.. 20049.401703: sched_wakeup: comm=kworker/0:2 pid=568 prio=120 target_cpu=000
          <idle>-0       [000] d.... 20049.401766: sched_switch: prev_comm=swapper/0 prev_pid=0 prev_prio=120 prev_state=R ==> next_comm=kworker/0:2 next_pid=568 next_prio=120
     kworker/0:2-568     [000] d.... 20049.401820: sched_switch: prev_comm=kworker/0:2 prev_pid=568 prev_prio=120 prev_state=I ==> next_comm=swapper/0 next_pid=0 next_prio=120
          <idle>-0       [001] dns.. 20049.451697: sched_wakeup: comm=kworker/1:0 pid=592 prio=120 target_cpu=001
          <idle>-0       [001] d.... 20049.451765: sched_switch: prev_comm=swapper/1 prev_pid=0 prev_prio=120 prev_state=R ==> next_comm=kworker/1:0 next_pid=592 next_prio=120
     kworker/1:0-592     [001] d.... 20049.451863: sched_switch: prev_comm=kworker/1:0 prev_pid=592 prev_prio=120 prev_state=I ==> next_comm=swapper/1 next_pid=0 next_prio=120
          <idle>-0       [000] dnH.. 20049.511779: sched_wakeup: comm=kcompactd0 pid=44 prio=120 target_cpu=000
          <idle>-0       [000] d.... 20049.511890: sched_switch: prev_comm=swapper/0 prev_pid=0 prev_prio=120 prev_state=R ==> next_comm=kcompactd0 next_pid=44 next_prio=120
      kcompactd0-44      [000] d.... 20049.511959: sched_switch: prev_comm=kcompactd0 prev_pid=44 prev_prio=120 prev_state=S ==> next_comm=swapper/0 next_pid=0 next_prio=120
          <idle>-0       [000] dns.. 20049.611780: sched_wakeup: comm=kworker/u16:2 pid=49 prio=120 target_cpu=000
          <idle>-0       [000] dns.. 20049.611815: sched_wakeup: comm=kworker/0:2 pid=568 prio=120 target_cpu=000
          <idle>-0       [000] d.... 20049.611923: sched_switch: prev_comm=swapper/0 prev_pid=0 prev_prio=120 prev_state=R ==> next_comm=kworker/u16:2 next_pid=49 next_prio=120
          <idle>-0       [001] dnh.. 20049.612012: sched_wakeup: comm=kworker/u16:1 pid=465 prio=120 target_cpu=001
          <idle>-0       [001] d.... 20049.612052: sched_switch: prev_comm=swapper/1 prev_pid=0 prev_prio=120 prev_state=R ==> next_comm=kworker/u16:1 next_pid=465 next_prio=120
   kworker/u16:2-49      [000] d.... 20049.612162: sched_switch: prev_comm=kworker/u16:2 prev_pid=49 prev_prio=120 prev_state=I ==> next_comm=kworker/0:2 next_pid=568 next_prio=120
   kworker/u16:1-465     [001] d.... 20049.612175: sched_switch: prev_comm=kworker/u16:1 prev_pid=465 prev_prio=120 prev_state=I ==> next_comm=swapper/1 next_pid=0 next_prio=120
          <idle>-0       [003] dnh.. 20049.612178: sched_wakeup: comm=kworker/u16:0 pid=419 prio=120 target_cpu=003
          <idle>-0       [003] d.... 20049.612246: sched_switch: prev_comm=swapper/3 prev_pid=0 prev_prio=120 prev_state=R ==> next_comm=kworker/u16:0 next_pid=419 next_prio=120
     kworker/0:2-568     [000] d.... 20049.612255: sched_switch: prev_comm=kworker/0:2 prev_pid=568 prev_prio=120 prev_state=I ==> next_comm=swapper/0 next_pid=0 next_prio=120
   kworker/u16:0-419     [003] d.... 20049.612319: sched_switch: prev_comm=kworker/u16:0 prev_pid=419 prev_prio=120 prev_state=I ==> next_comm=swapper/3 next_pid=0 next_prio=120
          <idle>-0       [003] dnH.. 20049.771814: sched_wakeup: comm=kworker/u16:0 pid=419 prio=120 target_cpu=003
          <idle>-0       [003] d.... 20049.771912: sched_switch: prev_comm=swapper/3 prev_pid=0 prev_prio=120 prev_state=R ==> next_comm=kworker/u16:0 next_pid=419 next_prio=120
   kworker/u16:0-419     [003] d.... 20049.772091: sched_switch: prev_comm=kworker/u16:0 prev_pid=419 prev_prio=120 prev_state=I ==> next_comm=swapper/3 next_pid=0 next_prio=120
          <idle>-0       [001] dns.. 20049.821693: sched_wakeup: comm=kworker/1:0 pid=592 prio=120 target_cpu=001
          <idle>-0       [001] d.... 20049.821752: sched_switch: prev_comm=swapper/1 prev_pid=0 prev_prio=120 prev_state=R ==> next_comm=kworker/1:0 next_pid=592 next_prio=120
     kworker/1:0-592     [001] d.... 20049.821806: sched_switch: prev_comm=kworker/1:0 prev_pid=592 prev_prio=120 prev_state=I ==> next_comm=swapper/1 next_pid=0 next_prio=120
          <idle>-0       [000] dnH.. 20050.021812: sched_wakeup: comm=kcompactd0 pid=44 prio=120 target_cpu=000
          <idle>-0       [000] d.... 20050.021954: sched_switch: prev_comm=swapper/0 prev_pid=0 prev_prio=120 prev_state=R ==> next_comm=kcompactd0 next_pid=44 next_prio=120
      kcompactd0-44      [000] d.... 20050.022033: sched_switch: prev_comm=kcompactd0 prev_pid=44 prev_prio=120 prev_state=S ==> next_comm=swapper/0 next_pid=0 next_prio=120
          <idle>-0       [001] dns.. 20050.031699: sched_wakeup: comm=kworker/1:0 pid=592 prio=120 target_cpu=001
          <idle>-0       [001] d.... 20050.031751: sched_switch: prev_comm=swapper/1 prev_pid=0 prev_prio=120 prev_state=R ==> next_comm=kworker/1:0 next_pid=592 next_prio=120
     kworker/1:0-592     [001] d.... 20050.031806: sched_switch: prev_comm=kworker/1:0 prev_pid=592 prev_prio=120 prev_state=I ==> next_comm=swapper/1 next_pid=0 next_prio=120
          <idle>-0       [001] dns.. 20050.241675: sched_wakeup: comm=kworker/1:0 pid=592 prio=120 target_cpu=001
          <idle>-0       [001] d.... 20050.241729: sched_switch: prev_comm=swapper/1 prev_pid=0 prev_prio=120 prev_state=R ==> next_comm=kworker/1:0 next_pid=592 next_prio=120
     kworker/1:0-592     [001] d.... 20050.241775: sched_switch: prev_comm=kworker/1:0 prev_pid=592 prev_prio=120 prev_state=I ==> next_comm=swapper/1 next_pid=0 next_prio=120
          <idle>-0       [000] dns.. 20050.271756: sched_wakeup: comm=kworker/0:2 pid=568 prio=120 target_cpu=000
          <idle>-0       [003] dns.. 20050.271798: sched_wakeup: comm=kworker/u16:0 pid=419 prio=120 target_cpu=003
          <idle>-0       [000] d.... 20050.271893: sched_switch: prev_comm=swapper/0 prev_pid=0 prev_prio=120 prev_state=R ==> next_comm=kworker/0:2 next_pid=568 next_prio=120
          <idle>-0       [003] d.... 20050.271922: sched_switch: prev_comm=swapper/3 prev_pid=0 prev_prio=120 prev_state=R ==> next_comm=kworker/u16:0 next_pid=419 next_prio=120
          <idle>-0       [001] dnh.. 20050.272010: sched_wakeup: comm=kworker/1:0 pid=592 prio=120 target_cpu=001
     kworker/0:2-568     [000] d.... 20050.272025: sched_wakeup: comm=kworker/3:1 pid=570 prio=120 target_cpu=003
   kworker/u16:0-419     [003] d.... 20050.272055: sched_switch: prev_comm=kworker/u16:0 prev_pid=419 prev_prio=120 prev_state=I ==> next_comm=kworker/3:1 next_pid=570 next_prio=120
     kworker/0:2-568     [000] d.... 20050.272062: sched_switch: prev_comm=kworker/0:2 prev_pid=568 prev_prio=120 prev_state=I ==> next_comm=swapper/0 next_pid=0 next_prio=120
          <idle>-0       [001] d.... 20050.272076: sched_switch: prev_comm=swapper/1 prev_pid=0 prev_prio=120 prev_state=R ==> next_comm=kworker/1:0 next_pid=592 next_prio=120
     kworker/3:1-570     [003] d.... 20050.272103: sched_switch: prev_comm=kworker/3:1 prev_pid=570 prev_prio=120 prev_state=I ==> next_comm=swapper/3 next_pid=0 next_prio=120
     kworker/1:0-592     [001] d.... 20050.272112: sched_switch: prev_comm=kworker/1:0 prev_pid=592 prev_prio=120 prev_state=I ==> next_comm=swapper/1 next_pid=0 next_prio=120
          <idle>-0       [002] dnh.. 20050.409010: sched_wakeup: comm=sshd pid=562 prio=120 target_cpu=002
          <idle>-0       [002] d.... 20050.409097: sched_switch: prev_comm=swapper/2 prev_pid=0 prev_prio=120 prev_state=R ==> next_comm=sshd next_pid=562 next_prio=120
          <idle>-0       [003] dnh.. 20050.410021: sched_wakeup: comm=kworker/u16:0 pid=419 prio=120 target_cpu=003
          <idle>-0       [003] d.... 20050.410095: sched_switch: prev_comm=swapper/3 prev_pid=0 prev_prio=120 prev_state=R ==> next_comm=kworker/u16:0 next_pid=419 next_prio=120
          <idle>-0       [001] dnh.. 20050.410216: sched_wakeup: comm=bash pid=563 prio=120 target_cpu=001
          <idle>-0       [001] d.... 20050.410256: sched_switch: prev_comm=swapper/1 prev_pid=0 prev_prio=120 prev_state=R ==> next_comm=bash next_pid=563 next_prio=120
   kworker/u16:0-419     [003] d.... 20050.410324: sched_switch: prev_comm=kworker/u16:0 prev_pid=419 prev_prio=120 prev_state=I ==> next_comm=swapper/3 next_pid=0 next_prio=120
            sshd-562     [002] d.... 20050.410353: sched_switch: prev_comm=sshd prev_pid=562 prev_prio=120 prev_state=S ==> next_comm=swapper/2 next_pid=0 next_prio=120
          <idle>-0       [003] dnh.. 20050.410542: sched_wakeup: comm=kworker/u16:0 pid=419 prio=120 target_cpu=003
          <idle>-0       [003] d.... 20050.410564: sched_switch: prev_comm=swapper/3 prev_pid=0 prev_prio=120 prev_state=R ==> next_comm=kworker/u16:0 next_pid=419 next_prio=120
   kworker/u16:0-419     [003] d.... 20050.410607: sched_switch: prev_comm=kworker/u16:0 prev_pid=419 prev_prio=120 prev_state=I ==> next_comm=swapper/3 next_pid=0 next_prio=120
            bash-563     [001] d.... 20050.410628: sched_switch: prev_comm=bash prev_pid=563 prev_prio=120 prev_state=S ==> next_comm=swapper/1 next_pid=0 next_prio=120
          <idle>-0       [002] dnh.. 20050.410649: sched_wakeup: comm=sshd pid=562 prio=120 target_cpu=002
          <idle>-0       [002] d.... 20050.410680: sched_switch: prev_comm=swapper/2 prev_pid=0 prev_prio=120 prev_state=R ==> next_comm=sshd next_pid=562 next_prio=120
            sshd-562     [002] d.... 20050.411417: sched_switch: prev_comm=sshd prev_pid=562 prev_prio=120 prev_state=S ==> next_comm=swapper/2 next_pid=0 next_prio=120
          <idle>-0       [002] dnh.. 20050.428298: sched_wakeup: comm=sshd pid=562 prio=120 target_cpu=002
          <idle>-0       [002] d.... 20050.428341: sched_switch: prev_comm=swapper/2 prev_pid=0 prev_prio=120 prev_state=R ==> next_comm=sshd next_pid=562 next_prio=120
          <idle>-0       [003] dnh.. 20050.429175: sched_wakeup: comm=kworker/u16:0 pid=419 prio=120 target_cpu=003
          <idle>-0       [003] d.... 20050.429217: sched_switch: prev_comm=swapper/3 prev_pid=0 prev_prio=120 prev_state=R ==> next_comm=kworker/u16:0 next_pid=419 next_prio=120
   kworker/u16:0-419     [003] d.... 20050.429267: sched_switch: prev_comm=kworker/u16:0 prev_pid=419 prev_prio=120 prev_state=I ==> next_comm=swapper/3 next_pid=0 next_prio=120
          <idle>-0       [001] dnh.. 20050.429285: sched_wakeup: comm=bash pid=563 prio=120 target_cpu=001
          <idle>-0       [001] d.... 20050.429321: sched_switch: prev_comm=swapper/1 prev_pid=0 prev_prio=120 prev_state=R ==> next_comm=bash next_pid=563 next_prio=120
            sshd-562     [002] d.... 20050.429370: sched_switch: prev_comm=sshd prev_pid=562 prev_prio=120 prev_state=S ==> next_comm=swapper/2 next_pid=0 next_prio=120
          <idle>-0       [003] dnh.. 20050.429612: sched_wakeup: comm=kworker/u16:0 pid=419 prio=120 target_cpu=003
            bash-563     [001] d.... 20050.429634: sched_switch: prev_comm=bash prev_pid=563 prev_prio=120 prev_state=S ==> next_comm=swapper/1 next_pid=0 next_prio=120
          <idle>-0       [003] d.... 20050.429653: sched_switch: prev_comm=swapper/3 prev_pid=0 prev_prio=120 prev_state=R ==> next_comm=kworker/u16:0 next_pid=419 next_prio=120
   kworker/u16:0-419     [003] d.... 20050.429725: sched_switch: prev_comm=kworker/u16:0 prev_pid=419 prev_prio=120 prev_state=I ==> next_comm=swapper/3 next_pid=0 next_prio=120
          <idle>-0       [002] dnh.. 20050.429752: sched_wakeup: comm=sshd pid=562 prio=120 target_cpu=002
          <idle>-0       [002] d.... 20050.429778: sched_switch: prev_comm=swapper/2 prev_pid=0 prev_prio=120 prev_state=R ==> next_comm=sshd next_pid=562 next_prio=120
            sshd-562     [002] d.... 20050.430501: sched_switch: prev_comm=sshd prev_pid=562 prev_prio=120 prev_state=S ==> next_comm=swapper/2 next_pid=0 next_prio=120
          <idle>-0       [001] dns.. 20050.451717: sched_wakeup: comm=kworker/1:0 pid=592 prio=120 target_cpu=001
          <idle>-0       [001] d.... 20050.451775: sched_switch: prev_comm=swapper/1 prev_pid=0 prev_prio=120 prev_state=R ==> next_comm=kworker/1:0 next_pid=592 next_prio=120
     kworker/1:0-592     [001] d.... 20050.451825: sched_switch: prev_comm=kworker/1:0 prev_pid=592 prev_prio=120 prev_state=I ==> next_comm=swapper/1 next_pid=0 next_prio=120
          <idle>-0       [001] dns.. 20050.491676: sched_wakeup: comm=kworker/1:0 pid=592 prio=120 target_cpu=001
          <idle>-0       [001] d.... 20050.491732: sched_switch: prev_comm=swapper/1 prev_pid=0 prev_prio=120 prev_state=R ==> next_comm=kworker/1:0 next_pid=592 next_prio=120
     kworker/1:0-592     [001] d.... 20050.491821: sched_switch: prev_comm=kworker/1:0 prev_pid=592 prev_prio=120 prev_state=I ==> next_comm=swapper/1 next_pid=0 next_prio=120
          <idle>-0       [000] dnH.. 20050.531796: sched_wakeup: comm=kcompactd0 pid=44 prio=120 target_cpu=000
          <idle>-0       [000] d.... 20050.531886: sched_switch: prev_comm=swapper/0 prev_pid=0 prev_prio=120 prev_state=R ==> next_comm=kcompactd0 next_pid=44 next_prio=120
      kcompactd0-44      [000] d.... 20050.531958: sched_switch: prev_comm=kcompactd0 prev_pid=44 prev_prio=120 prev_state=S ==> next_comm=swapper/0 next_pid=0 next_prio=120
          <idle>-0       [001] dns.. 20050.661684: sched_wakeup: comm=kworker/1:0 pid=592 prio=120 target_cpu=001
          <idle>-0       [001] d.... 20050.661738: sched_switch: prev_comm=swapper/1 prev_pid=0 prev_prio=120 prev_state=R ==> next_comm=kworker/1:0 next_pid=592 next_prio=120
          <idle>-0       [000] dns.. 20050.661754: sched_wakeup: comm=kworker/0:2 pid=568 prio=120 target_cpu=000
     kworker/1:0-592     [001] d.... 20050.661787: sched_switch: prev_comm=kworker/1:0 prev_pid=592 prev_prio=120 prev_state=I ==> next_comm=swapper/1 next_pid=0 next_prio=120
          <idle>-0       [000] d.... 20050.661857: sched_switch: prev_comm=swapper/0 prev_pid=0 prev_prio=120 prev_state=R ==> next_comm=kworker/0:2 next_pid=568 next_prio=120
     kworker/0:2-568     [000] d.... 20050.661932: sched_switch: prev_comm=kworker/0:2 prev_pid=568 prev_prio=120 prev_state=I ==> next_comm=swapper/0 next_pid=0 next_prio=120
          <idle>-0       [001] dns.. 20050.871685: sched_wakeup: comm=kworker/1:0 pid=592 prio=120 target_cpu=001
          <idle>-0       [001] d.... 20050.871739: sched_switch: prev_comm=swapper/1 prev_pid=0 prev_prio=120 prev_state=R ==> next_comm=kworker/1:0 next_pid=592 next_prio=120
     kworker/1:0-592     [001] d.... 20050.871783: sched_switch: prev_comm=kworker/1:0 prev_pid=592 prev_prio=120 prev_state=I ==> next_comm=swapper/1 next_pid=0 next_prio=120
          <idle>-0       [000] dnH.. 20051.041809: sched_wakeup: comm=kcompactd0 pid=44 prio=120 target_cpu=000
          <idle>-0       [000] d.... 20051.041897: sched_switch: prev_comm=swapper/0 prev_pid=0 prev_prio=120 prev_state=R ==> next_comm=kcompactd0 next_pid=44 next_prio=120
      kcompactd0-44      [000] d.... 20051.041968: sched_switch: prev_comm=kcompactd0 prev_pid=44 prev_prio=120 prev_state=S ==> next_comm=swapper/0 next_pid=0 next_prio=120
          <idle>-0       [001] dns.. 20051.081693: sched_wakeup: comm=kworker/1:0 pid=592 prio=120 target_cpu=001
          <idle>-0       [001] d.... 20051.081750: sched_switch: prev_comm=swapper/1 prev_pid=0 prev_prio=120 prev_state=R ==> next_comm=kworker/1:0 next_pid=592 next_prio=120
     kworker/1:0-592     [001] d.... 20051.081796: sched_switch: prev_comm=kworker/1:0 prev_pid=592 prev_prio=120 prev_state=I ==> next_comm=swapper/1 next_pid=0 next_prio=120
          <idle>-0       [001] dns.. 20051.131683: sched_wakeup: comm=kworker/1:0 pid=592 prio=120 target_cpu=001
          <idle>-0       [001] d.... 20051.131736: sched_switch: prev_comm=swapper/1 prev_pid=0 prev_prio=120 prev_state=R ==> next_comm=kworker/1:0 next_pid=592 next_prio=120
     kworker/1:0-592     [001] d.h.. 20051.131802: sched_wakeup: comm=kworker/1:0 pid=592 prio=120 target_cpu=001
     kworker/1:0-592     [001] d.... 20051.131861: sched_switch: prev_comm=kworker/1:0 prev_pid=592 prev_prio=120 prev_state=I ==> next_comm=swapper/1 next_pid=0 next_prio=120
          <idle>-0       [001] dns.. 20051.291672: sched_wakeup: comm=kworker/1:0 pid=592 prio=120 target_cpu=001
          <idle>-0       [001] d.... 20051.291721: sched_switch: prev_comm=swapper/1 prev_pid=0 prev_prio=120 prev_state=R ==> next_comm=kworker/1:0 next_pid=592 next_prio=120
     kworker/1:0-592     [001] d.... 20051.291767: sched_switch: prev_comm=kworker/1:0 prev_pid=592 prev_prio=120 prev_state=I ==> next_comm=swapper/1 next_pid=0 next_prio=120
          <idle>-0       [001] dns.. 20051.501710: sched_wakeup: comm=kworker/1:0 pid=592 prio=120 target_cpu=001
          <idle>-0       [001] d.... 20051.501762: sched_switch: prev_comm=swapper/1 prev_pid=0 prev_prio=120 prev_state=R ==> next_comm=kworker/1:0 next_pid=592 next_prio=120
     kworker/1:0-592     [001] d.... 20051.501807: sched_switch: prev_comm=kworker/1:0 prev_pid=592 prev_prio=120 prev_state=I ==> next_comm=swapper/1 next_pid=0 next_prio=120
          <idle>-0       [001] dns.. 20051.531671: sched_wakeup: comm=kworker/1:0 pid=592 prio=120 target_cpu=001
          <idle>-0       [001] d.... 20051.531699: sched_switch: prev_comm=swapper/1 prev_pid=0 prev_prio=120 prev_state=R ==> next_comm=kworker/1:0 next_pid=592 next_prio=120
     kworker/1:0-592     [001] d.... 20051.531775: sched_switch: prev_comm=kworker/1:0 prev_pid=592 prev_prio=120 prev_state=I ==> next_comm=swapper/1 next_pid=0 next_prio=120
          <idle>-0       [000] dnH.. 20051.551707: sched_wakeup: comm=kcompactd0 pid=44 prio=120 target_cpu=000
          <idle>-0       [000] d.... 20051.551754: sched_switch: prev_comm=swapper/0 prev_pid=0 prev_prio=120 prev_state=R ==> next_comm=kcompactd0 next_pid=44 next_prio=120
      kcompactd0-44      [000] d.... 20051.551788: sched_switch: prev_comm=kcompactd0 prev_pid=44 prev_prio=120 prev_state=S ==> next_comm=swapper/0 next_pid=0 next_prio=120
          <idle>-0       [001] dns.. 20051.711678: sched_wakeup: comm=kworker/1:0 pid=592 prio=120 target_cpu=001
          <idle>-0       [001] d.... 20051.711729: sched_switch: prev_comm=swapper/1 prev_pid=0 prev_prio=120 prev_state=R ==> next_comm=kworker/1:0 next_pid=592 next_prio=120
     kworker/1:0-592     [001] d.... 20051.711775: sched_switch: prev_comm=kworker/1:0 prev_pid=592 prev_prio=120 prev_state=I ==> next_comm=swapper/1 next_pid=0 next_prio=120
          <idle>-0       [002] dns.. 20051.832819: sched_wakeup: comm=sshd pid=562 prio=120 target_cpu=002
          <idle>-0       [002] d.... 20051.832920: sched_switch: prev_comm=swapper/2 prev_pid=0 prev_prio=120 prev_state=R ==> next_comm=sshd next_pid=562 next_prio=120
          <idle>-0       [003] dnh.. 20051.833559: sched_wakeup: comm=kworker/u16:0 pid=419 prio=120 target_cpu=003
            sshd-562     [002] d.... 20051.833607: sched_switch: prev_comm=sshd prev_pid=562 prev_prio=120 prev_state=S ==> next_comm=swapper/2 next_pid=0 next_prio=120
          <idle>-0       [003] d.... 20051.833644: sched_switch: prev_comm=swapper/3 prev_pid=0 prev_prio=120 prev_state=R ==> next_comm=kworker/u16:0 next_pid=419 next_prio=120
          <idle>-0       [001] dnh.. 20051.833748: sched_wakeup: comm=bash pid=563 prio=120 target_cpu=001
   kworker/u16:0-419     [003] d.... 20051.833767: sched_switch: prev_comm=kworker/u16:0 prev_pid=419 prev_prio=120 prev_state=I ==> next_comm=swapper/3 next_pid=0 next_prio=120
          <idle>-0       [001] d.... 20051.833784: sched_switch: prev_comm=swapper/1 prev_pid=0 prev_prio=120 prev_state=R ==> next_comm=bash next_pid=563 next_prio=120
          <idle>-0       [003] dnh.. 20051.834122: sched_wakeup: comm=kworker/u16:0 pid=419 prio=120 target_cpu=003
          <idle>-0       [003] d.... 20051.834145: sched_switch: prev_comm=swapper/3 prev_pid=0 prev_prio=120 prev_state=R ==> next_comm=kworker/u16:0 next_pid=419 next_prio=120
   kworker/u16:0-419     [003] d.... 20051.834192: sched_switch: prev_comm=kworker/u16:0 prev_pid=419 prev_prio=120 prev_state=I ==> next_comm=swapper/3 next_pid=0 next_prio=120
            bash-563     [001] d.... 20051.834196: sched_switch: prev_comm=bash prev_pid=563 prev_prio=120 prev_state=S ==> next_comm=swapper/1 next_pid=0 next_prio=120
          <idle>-0       [002] dnh.. 20051.834280: sched_wakeup: comm=sshd pid=562 prio=120 target_cpu=002
          <idle>-0       [002] d.... 20051.834330: sched_switch: prev_comm=swapper/2 prev_pid=0 prev_prio=120 prev_state=R ==> next_comm=sshd next_pid=562 next_prio=120
            sshd-562     [002] d.... 20051.835366: sched_switch: prev_comm=sshd prev_pid=562 prev_prio=120 prev_state=S ==> next_comm=swapper/2 next_pid=0 next_prio=120
          <idle>-0       [001] dns.. 20051.921687: sched_wakeup: comm=kworker/1:0 pid=592 prio=120 target_cpu=001
          <idle>-0       [001] d.... 20051.921750: sched_switch: prev_comm=swapper/1 prev_pid=0 prev_prio=120 prev_state=R ==> next_comm=kworker/1:0 next_pid=592 next_prio=120
     kworker/1:0-592     [001] d.... 20051.921804: sched_switch: prev_comm=kworker/1:0 prev_pid=592 prev_prio=120 prev_state=I ==> next_comm=swapper/1 next_pid=0 next_prio=120
          <idle>-0       [002] dnh.. 20052.014834: sched_wakeup: comm=sshd pid=562 prio=120 target_cpu=002
          <idle>-0       [002] d.... 20052.014878: sched_switch: prev_comm=swapper/2 prev_pid=0 prev_prio=120 prev_state=R ==> next_comm=sshd next_pid=562 next_prio=120
          <idle>-0       [003] dnh.. 20052.015440: sched_wakeup: comm=kworker/u16:0 pid=419 prio=120 target_cpu=003
            sshd-562     [002] d.... 20052.015503: sched_switch: prev_comm=sshd prev_pid=562 prev_prio=120 prev_state=S ==> next_comm=swapper/2 next_pid=0 next_prio=120
          <idle>-0       [003] d.... 20052.015541: sched_switch: prev_comm=swapper/3 prev_pid=0 prev_prio=120 prev_state=R ==> next_comm=kworker/u16:0 next_pid=419 next_prio=120
          <idle>-0       [001] dnh.. 20052.015644: sched_wakeup: comm=bash pid=563 prio=120 target_cpu=001
   kworker/u16:0-419     [003] d.... 20052.015667: sched_switch: prev_comm=kworker/u16:0 prev_pid=419 prev_prio=120 prev_state=I ==> next_comm=swapper/3 next_pid=0 next_prio=120
          <idle>-0       [001] d.... 20052.015679: sched_switch: prev_comm=swapper/1 prev_pid=0 prev_prio=120 prev_state=R ==> next_comm=bash next_pid=563 next_prio=120
          <idle>-0       [003] dnh.. 20052.015995: sched_wakeup: comm=kworker/u16:0 pid=419 prio=120 target_cpu=003
            bash-563     [001] d.... 20052.016022: sched_switch: prev_comm=bash prev_pid=563 prev_prio=120 prev_state=S ==> next_comm=swapper/1 next_pid=0 next_prio=120
          <idle>-0       [003] d.... 20052.016039: sched_switch: prev_comm=swapper/3 prev_pid=0 prev_prio=120 prev_state=R ==> next_comm=kworker/u16:0 next_pid=419 next_prio=120
   kworker/u16:0-419     [003] d.... 20052.016117: sched_switch: prev_comm=kworker/u16:0 prev_pid=419 prev_prio=120 prev_state=I ==> next_comm=swapper/3 next_pid=0 next_prio=120
          <idle>-0       [002] dnh.. 20052.016141: sched_wakeup: comm=sshd pid=562 prio=120 target_cpu=002
          <idle>-0       [002] d.... 20052.016167: sched_switch: prev_comm=swapper/2 prev_pid=0 prev_prio=120 prev_state=R ==> next_comm=sshd next_pid=562 next_prio=120
            sshd-562     [002] d.... 20052.016775: sched_switch: prev_comm=sshd prev_pid=562 prev_prio=120 prev_state=S ==> next_comm=swapper/2 next_pid=0 next_prio=120
          <idle>-0       [001] dns.. 20052.021693: sched_wakeup: comm=kworker/1:0 pid=592 prio=120 target_cpu=001
          <idle>-0       [003] dns.. 20052.021706: sched_wakeup: comm=kworker/3:1 pid=570 prio=120 target_cpu=003
          <idle>-0       [001] d.... 20052.021738: sched_switch: prev_comm=swapper/1 prev_pid=0 prev_prio=120 prev_state=R ==> next_comm=kworker/1:0 next_pid=592 next_prio=120
          <idle>-0       [003] d.... 20052.021753: sched_switch: prev_comm=swapper/3 prev_pid=0 prev_prio=120 prev_state=R ==> next_comm=kworker/3:1 next_pid=570 next_prio=120
     kworker/1:0-592     [001] d.... 20052.021774: sched_switch: prev_comm=kworker/1:0 prev_pid=592 prev_prio=120 prev_state=I ==> next_comm=swapper/1 next_pid=0 next_prio=120
     kworker/3:1-570     [003] d.... 20052.021790: sched_switch: prev_comm=kworker/3:1 prev_pid=570 prev_prio=120 prev_state=I ==> next_comm=swapper/3 next_pid=0 next_prio=120
          <idle>-0       [000] dns.. 20052.061699: sched_wakeup: comm=kcompactd0 pid=44 prio=120 target_cpu=000
          <idle>-0       [000] d.... 20052.061770: sched_switch: prev_comm=swapper/0 prev_pid=0 prev_prio=120 prev_state=R ==> next_comm=kcompactd0 next_pid=44 next_prio=120
      kcompactd0-44      [000] d.... 20052.061809: sched_switch: prev_comm=kcompactd0 prev_pid=44 prev_prio=120 prev_state=S ==> next_comm=swapper/0 next_pid=0 next_prio=120
          <idle>-0       [002] dnh.. 20052.096282: sched_wakeup: comm=sshd pid=562 prio=120 target_cpu=002
          <idle>-0       [002] d.... 20052.096359: sched_switch: prev_comm=swapper/2 prev_pid=0 prev_prio=120 prev_state=R ==> next_comm=sshd next_pid=562 next_prio=120
          <idle>-0       [003] dnh.. 20052.096949: sched_wakeup: comm=kworker/u16:0 pid=419 prio=120 target_cpu=003
          <idle>-0       [003] d.... 20052.096991: sched_switch: prev_comm=swapper/3 prev_pid=0 prev_prio=120 prev_state=R ==> next_comm=kworker/u16:0 next_pid=419 next_prio=120
            sshd-562     [002] d.... 20052.097035: sched_switch: prev_comm=sshd prev_pid=562 prev_prio=120 prev_state=S ==> next_comm=swapper/2 next_pid=0 next_prio=120
   kworker/u16:0-419     [003] d.... 20052.097050: sched_switch: prev_comm=kworker/u16:0 prev_pid=419 prev_prio=120 prev_state=I ==> next_comm=swapper/3 next_pid=0 next_prio=120
          <idle>-0       [001] dnh.. 20052.097082: sched_wakeup: comm=bash pid=563 prio=120 target_cpu=001
          <idle>-0       [001] d.... 20052.097165: sched_switch: prev_comm=swapper/1 prev_pid=0 prev_prio=120 prev_state=R ==> next_comm=bash next_pid=563 next_prio=120
          <idle>-0       [003] dnh.. 20052.097425: sched_wakeup: comm=kworker/u16:0 pid=419 prio=120 target_cpu=003
          <idle>-0       [003] d.... 20052.097447: sched_switch: prev_comm=swapper/3 prev_pid=0 prev_prio=120 prev_state=R ==> next_comm=kworker/u16:0 next_pid=419 next_prio=120
   kworker/u16:0-419     [003] d.... 20052.097489: sched_switch: prev_comm=kworker/u16:0 prev_pid=419 prev_prio=120 prev_state=I ==> next_comm=swapper/3 next_pid=0 next_prio=120
            bash-563     [001] d.... 20052.097505: sched_switch: prev_comm=bash prev_pid=563 prev_prio=120 prev_state=S ==> next_comm=swapper/1 next_pid=0 next_prio=120
          <idle>-0       [002] dnh.. 20052.097532: sched_wakeup: comm=sshd pid=562 prio=120 target_cpu=002
          <idle>-0       [002] d.... 20052.097558: sched_switch: prev_comm=swapper/2 prev_pid=0 prev_prio=120 prev_state=R ==> next_comm=sshd next_pid=562 next_prio=120
            sshd-562     [002] d.... 20052.098690: sched_switch: prev_comm=sshd prev_pid=562 prev_prio=120 prev_state=S ==> next_comm=swapper/2 next_pid=0 next_prio=120
          <idle>-0       [001] dns.. 20052.131676: sched_wakeup: comm=kworker/1:0 pid=592 prio=120 target_cpu=001
          <idle>-0       [001] d.... 20052.131738: sched_switch: prev_comm=swapper/1 prev_pid=0 prev_prio=120 prev_state=R ==> next_comm=kworker/1:0 next_pid=592 next_prio=120
          <idle>-0       [000] dns.. 20052.131764: sched_wakeup: comm=kworker/0:2 pid=568 prio=120 target_cpu=000
     kworker/1:0-592     [001] d.... 20052.131791: sched_switch: prev_comm=kworker/1:0 prev_pid=592 prev_prio=120 prev_state=I ==> next_comm=swapper/1 next_pid=0 next_prio=120
          <idle>-0       [000] d.... 20052.131868: sched_switch: prev_comm=swapper/0 prev_pid=0 prev_prio=120 prev_state=R ==> next_comm=kworker/0:2 next_pid=568 next_prio=120
     kworker/0:2-568     [000] d.... 20052.131960: sched_switch: prev_comm=kworker/0:2 prev_pid=568 prev_prio=120 prev_state=I ==> next_comm=swapper/0 next_pid=0 next_prio=120
          <idle>-0       [003] dnh.. 20052.207446: sched_wakeup: comm=cron pid=149 prio=120 target_cpu=003
          <idle>-0       [003] d.... 20052.207545: sched_switch: prev_comm=swapper/3 prev_pid=0 prev_prio=120 prev_state=R ==> next_comm=cron next_pid=149 next_prio=120
            cron-149     [003] d.... 20052.208213: sched_switch: prev_comm=cron prev_pid=149 prev_prio=120 prev_state=S ==> next_comm=swapper/3 next_pid=0 next_prio=120
          <idle>-0       [002] dnh.. 20052.297313: sched_wakeup: comm=sshd pid=562 prio=120 target_cpu=002
          <idle>-0       [002] d.... 20052.297355: sched_switch: prev_comm=swapper/2 prev_pid=0 prev_prio=120 prev_state=R ==> next_comm=sshd next_pid=562 next_prio=120
          <idle>-0       [003] dnh.. 20052.297884: sched_wakeup: comm=kworker/u16:0 pid=419 prio=120 target_cpu=003
            sshd-562     [002] d.... 20052.297936: sched_switch: prev_comm=sshd prev_pid=562 prev_prio=120 prev_state=S ==> next_comm=swapper/2 next_pid=0 next_prio=120
          <idle>-0       [003] d.... 20052.297966: sched_switch: prev_comm=swapper/3 prev_pid=0 prev_prio=120 prev_state=R ==> next_comm=kworker/u16:0 next_pid=419 next_prio=120
   kworker/u16:0-419     [003] d.... 20052.298084: sched_switch: prev_comm=kworker/u16:0 prev_pid=419 prev_prio=120 prev_state=I ==> next_comm=swapper/3 next_pid=0 next_prio=120
          <idle>-0       [001] dnh.. 20052.298097: sched_wakeup: comm=bash pid=563 prio=120 target_cpu=001
          <idle>-0       [001] d.... 20052.298131: sched_switch: prev_comm=swapper/1 prev_pid=0 prev_prio=120 prev_state=R ==> next_comm=bash next_pid=563 next_prio=120
          <idle>-0       [003] dnh.. 20052.298433: sched_wakeup: comm=kworker/u16:0 pid=419 prio=120 target_cpu=003
            bash-563     [001] d.... 20052.298469: sched_switch: prev_comm=bash prev_pid=563 prev_prio=120 prev_state=S ==> next_comm=swapper/1 next_pid=0 next_prio=120
          <idle>-0       [003] d.... 20052.298475: sched_switch: prev_comm=swapper/3 prev_pid=0 prev_prio=120 prev_state=R ==> next_comm=kworker/u16:0 next_pid=419 next_prio=120
   kworker/u16:0-419     [003] d.... 20052.298556: sched_switch: prev_comm=kworker/u16:0 prev_pid=419 prev_prio=120 prev_state=I ==> next_comm=swapper/3 next_pid=0 next_prio=120
          <idle>-0       [002] dnh.. 20052.298560: sched_wakeup: comm=sshd pid=562 prio=120 target_cpu=002
          <idle>-0       [002] d.... 20052.298584: sched_switch: prev_comm=swapper/2 prev_pid=0 prev_prio=120 prev_state=R ==> next_comm=sshd next_pid=562 next_prio=120
            sshd-562     [002] d.... 20052.299238: sched_switch: prev_comm=sshd prev_pid=562 prev_prio=120 prev_state=S ==> next_comm=swapper/2 next_pid=0 next_prio=120
          <idle>-0       [001] dns.. 20052.341722: sched_wakeup: comm=kworker/1:0 pid=592 prio=120 target_cpu=001
          <idle>-0       [001] d.... 20052.341797: sched_switch: prev_comm=swapper/1 prev_pid=0 prev_prio=120 prev_state=R ==> next_comm=kworker/1:0 next_pid=592 next_prio=120
     kworker/1:0-592     [001] d.... 20052.341850: sched_switch: prev_comm=kworker/1:0 prev_pid=592 prev_prio=120 prev_state=I ==> next_comm=swapper/1 next_pid=0 next_prio=120
          <idle>-0       [001] dns.. 20052.551694: sched_wakeup: comm=kworker/1:0 pid=592 prio=120 target_cpu=001
          <idle>-0       [001] d.... 20052.551759: sched_switch: prev_comm=swapper/1 prev_pid=0 prev_prio=120 prev_state=R ==> next_comm=kworker/1:0 next_pid=592 next_prio=120
     kworker/1:0-592     [001] d.... 20052.551818: sched_switch: prev_comm=kworker/1:0 prev_pid=592 prev_prio=120 prev_state=I ==> next_comm=swapper/1 next_pid=0 next_prio=120
          <idle>-0       [001] dns.. 20052.571678: sched_wakeup: comm=kworker/1:0 pid=592 prio=120 target_cpu=001
          <idle>-0       [001] d.... 20052.571744: sched_switch: prev_comm=swapper/1 prev_pid=0 prev_prio=120 prev_state=R ==> next_comm=kworker/1:0 next_pid=592 next_prio=120
          <idle>-0       [000] dnH.. 20052.571776: sched_wakeup: comm=kcompactd0 pid=44 prio=120 target_cpu=000
     kworker/1:0-592     [001] d.... 20052.571828: sched_switch: prev_comm=kworker/1:0 prev_pid=592 prev_prio=120 prev_state=I ==> next_comm=swapper/1 next_pid=0 next_prio=120
          <idle>-0       [000] d.... 20052.571891: sched_switch: prev_comm=swapper/0 prev_pid=0 prev_prio=120 prev_state=R ==> next_comm=kcompactd0 next_pid=44 next_prio=120
      kcompactd0-44      [000] d.... 20052.571964: sched_switch: prev_comm=kcompactd0 prev_pid=44 prev_prio=120 prev_state=S ==> next_comm=swapper/0 next_pid=0 next_prio=120
          <idle>-0       [002] dnh.. 20052.576866: sched_wakeup: comm=sshd pid=562 prio=120 target_cpu=002
          <idle>-0       [002] d.... 20052.576947: sched_switch: prev_comm=swapper/2 prev_pid=0 prev_prio=120 prev_state=R ==> next_comm=sshd next_pid=562 next_prio=120
          <idle>-0       [003] dnh.. 20052.577823: sched_wakeup: comm=kworker/u16:0 pid=419 prio=120 target_cpu=003
          <idle>-0       [003] d.... 20052.577863: sched_switch: prev_comm=swapper/3 prev_pid=0 prev_prio=120 prev_state=R ==> next_comm=kworker/u16:0 next_pid=419 next_prio=120
            sshd-562     [002] d.... 20052.577920: sched_switch: prev_comm=sshd prev_pid=562 prev_prio=120 prev_state=S ==> next_comm=swapper/2 next_pid=0 next_prio=120
   kworker/u16:0-419     [003] d.... 20052.577922: sched_switch: prev_comm=kworker/u16:0 prev_pid=419 prev_prio=120 prev_state=I ==> next_comm=swapper/3 next_pid=0 next_prio=120
          <idle>-0       [001] dnh.. 20052.577937: sched_wakeup: comm=bash pid=563 prio=120 target_cpu=001
          <idle>-0       [001] d.... 20052.577961: sched_switch: prev_comm=swapper/1 prev_pid=0 prev_prio=120 prev_state=R ==> next_comm=bash next_pid=563 next_prio=120
          <idle>-0       [003] dnh.. 20052.578315: sched_wakeup: comm=kworker/u16:0 pid=419 prio=120 target_cpu=003
          <idle>-0       [003] d.... 20052.578338: sched_switch: prev_comm=swapper/3 prev_pid=0 prev_prio=120 prev_state=R ==> next_comm=kworker/u16:0 next_pid=419 next_prio=120
   kworker/u16:0-419     [003] d.... 20052.578378: sched_switch: prev_comm=kworker/u16:0 prev_pid=419 prev_prio=120 prev_state=I ==> next_comm=swapper/3 next_pid=0 next_prio=120
            bash-563     [001] d.... 20052.578392: sched_switch: prev_comm=bash prev_pid=563 prev_prio=120 prev_state=S ==> next_comm=swapper/1 next_pid=0 next_prio=120
          <idle>-0       [002] dnh.. 20052.578469: sched_wakeup: comm=sshd pid=562 prio=120 target_cpu=002
          <idle>-0       [002] d.... 20052.578530: sched_switch: prev_comm=swapper/2 prev_pid=0 prev_prio=120 prev_state=R ==> next_comm=sshd next_pid=562 next_prio=120
            sshd-562     [002] d.... 20052.579757: sched_switch: prev_comm=sshd prev_pid=562 prev_prio=120 prev_state=S ==> next_comm=swapper/2 next_pid=0 next_prio=120
          <idle>-0       [003] dns.. 20052.581791: sched_wakeup: comm=kworker/u16:0 pid=419 prio=120 target_cpu=003
          <idle>-0       [003] d.... 20052.581884: sched_switch: prev_comm=swapper/3 prev_pid=0 prev_prio=120 prev_state=R ==> next_comm=kworker/u16:0 next_pid=419 next_prio=120
   kworker/u16:0-419     [003] d.... 20052.582004: sched_switch: prev_comm=kworker/u16:0 prev_pid=419 prev_prio=120 prev_state=I ==> next_comm=swapper/3 next_pid=0 next_prio=120
          <idle>-0       [001] dns.. 20052.761706: sched_wakeup: comm=kworker/1:0 pid=592 prio=120 target_cpu=001
          <idle>-0       [001] d.... 20052.761777: sched_switch: prev_comm=swapper/1 prev_pid=0 prev_prio=120 prev_state=R ==> next_comm=kworker/1:0 next_pid=592 next_prio=120
     kworker/1:0-592     [001] d.... 20052.761834: sched_switch: prev_comm=kworker/1:0 prev_pid=592 prev_prio=120 prev_state=I ==> next_comm=swapper/1 next_pid=0 next_prio=120
          <idle>-0       [002] dnh.. 20052.856084: sched_wakeup: comm=sshd pid=562 prio=120 target_cpu=002
          <idle>-0       [002] d.... 20052.856166: sched_switch: prev_comm=swapper/2 prev_pid=0 prev_prio=120 prev_state=R ==> next_comm=sshd next_pid=562 next_prio=120
          <idle>-0       [003] dnh.. 20052.856779: sched_wakeup: comm=kworker/u16:0 pid=419 prio=120 target_cpu=003
          <idle>-0       [003] d.... 20052.856820: sched_switch: prev_comm=swapper/3 prev_pid=0 prev_prio=120 prev_state=R ==> next_comm=kworker/u16:0 next_pid=419 next_prio=120
   kworker/u16:0-419     [003] d.... 20052.856877: sched_switch: prev_comm=kworker/u16:0 prev_pid=419 prev_prio=120 prev_state=I ==> next_comm=swapper/3 next_pid=0 next_prio=120
            sshd-562     [002] d.... 20052.856884: sched_switch: prev_comm=sshd prev_pid=562 prev_prio=120 prev_state=S ==> next_comm=swapper/2 next_pid=0 next_prio=120
          <idle>-0       [001] dnh.. 20052.856961: sched_wakeup: comm=bash pid=563 prio=120 target_cpu=001
          <idle>-0       [001] d.... 20052.857080: sched_switch: prev_comm=swapper/1 prev_pid=0 prev_prio=120 prev_state=R ==> next_comm=bash next_pid=563 next_prio=120
          <idle>-0       [003] dnh.. 20052.862752: sched_wakeup: comm=kworker/u16:0 pid=419 prio=120 target_cpu=003
          <idle>-0       [003] d.... 20052.862786: sched_switch: prev_comm=swapper/3 prev_pid=0 prev_prio=120 prev_state=R ==> next_comm=kworker/u16:0 next_pid=419 next_prio=120
            bash-563     [001] d.... 20052.862821: sched_switch: prev_comm=bash prev_pid=563 prev_prio=120 prev_state=S ==> next_comm=swapper/1 next_pid=0 next_prio=120
   kworker/u16:0-419     [003] d.... 20052.862832: sched_switch: prev_comm=kworker/u16:0 prev_pid=419 prev_prio=120 prev_state=I ==> next_comm=swapper/3 next_pid=0 next_prio=120
          <idle>-0       [002] dnh.. 20052.862858: sched_wakeup: comm=sshd pid=562 prio=120 target_cpu=002
          <idle>-0       [002] d.... 20052.862899: sched_switch: prev_comm=swapper/2 prev_pid=0 prev_prio=120 prev_state=R ==> next_comm=sshd next_pid=562 next_prio=120
            sshd-562     [002] d.... 20052.863508: sched_switch: prev_comm=sshd prev_pid=562 prev_prio=120 prev_state=S ==> next_comm=swapper/2 next_pid=0 next_prio=120
          <idle>-0       [001] dns.. 20052.971686: sched_wakeup: comm=kworker/1:0 pid=592 prio=120 target_cpu=001
          <idle>-0       [001] d.... 20052.971756: sched_switch: prev_comm=swapper/1 prev_pid=0 prev_prio=120 prev_state=R ==> next_comm=kworker/1:0 next_pid=592 next_prio=120
     kworker/1:0-592     [001] d.... 20052.971814: sched_switch: prev_comm=kworker/1:0 prev_pid=592 prev_prio=120 prev_state=I ==> next_comm=swapper/1 next_pid=0 next_prio=120
          <idle>-0       [000] dnH.. 20053.081854: sched_wakeup: comm=kcompactd0 pid=44 prio=120 target_cpu=000
          <idle>-0       [000] dns.. 20053.081932: sched_wakeup: comm=kworker/0:2 pid=568 prio=120 target_cpu=000
          <idle>-0       [000] d.... 20053.082150: sched_switch: prev_comm=swapper/0 prev_pid=0 prev_prio=120 prev_state=R ==> next_comm=kcompactd0 next_pid=44 next_prio=120
      kcompactd0-44      [000] d.... 20053.082227: sched_switch: prev_comm=kcompactd0 prev_pid=44 prev_prio=120 prev_state=S ==> next_comm=kworker/0:2 next_pid=568 next_prio=120
          <idle>-0       [001] dnh.. 20053.082303: sched_wakeup: comm=kworker/1:0 pid=592 prio=120 target_cpu=001
          <idle>-0       [003] dnh.. 20053.082340: sched_wakeup: comm=kworker/3:1 pid=570 prio=120 target_cpu=003
     kworker/0:2-568     [000] d.... 20053.082341: sched_switch: prev_comm=kworker/0:2 prev_pid=568 prev_prio=120 prev_state=I ==> next_comm=swapper/0 next_pid=0 next_prio=120
          <idle>-0       [001] d.... 20053.082342: sched_switch: prev_comm=swapper/1 prev_pid=0 prev_prio=120 prev_state=R ==> next_comm=kworker/1:0 next_pid=592 next_prio=120
          <idle>-0       [003] d.... 20053.082379: sched_switch: prev_comm=swapper/3 prev_pid=0 prev_prio=120 prev_state=R ==> next_comm=kworker/3:1 next_pid=570 next_prio=120
     kworker/1:0-592     [001] d.... 20053.082402: sched_switch: prev_comm=kworker/1:0 prev_pid=592 prev_prio=120 prev_state=I ==> next_comm=swapper/1 next_pid=0 next_prio=120
     kworker/3:1-570     [003] d.... 20053.082532: sched_switch: prev_comm=kworker/3:1 prev_pid=570 prev_prio=120 prev_state=I ==> next_comm=swapper/3 next_pid=0 next_prio=120
          <idle>-0       [001] dns.. 20053.181683: sched_wakeup: comm=kworker/1:0 pid=592 prio=120 target_cpu=001
          <idle>-0       [001] d.... 20053.181743: sched_switch: prev_comm=swapper/1 prev_pid=0 prev_prio=120 prev_state=R ==> next_comm=kworker/1:0 next_pid=592 next_prio=120
     kworker/1:0-592     [001] d.... 20053.181790: sched_switch: prev_comm=kworker/1:0 prev_pid=592 prev_prio=120 prev_state=I ==> next_comm=swapper/1 next_pid=0 next_prio=120
          <idle>-0       [002] dnh.. 20053.196490: sched_wakeup: comm=sshd pid=562 prio=120 target_cpu=002
          <idle>-0       [002] d.... 20053.196576: sched_switch: prev_comm=swapper/2 prev_pid=0 prev_prio=120 prev_state=R ==> next_comm=sshd next_pid=562 next_prio=120
          <idle>-0       [003] dnh.. 20053.197264: sched_wakeup: comm=kworker/u16:0 pid=419 prio=120 target_cpu=003
            sshd-562     [002] d.... 20053.197290: sched_switch: prev_comm=sshd prev_pid=562 prev_prio=120 prev_state=S ==> next_comm=swapper/2 next_pid=0 next_prio=120
          <idle>-0       [003] d.... 20053.197345: sched_switch: prev_comm=swapper/3 prev_pid=0 prev_prio=120 prev_state=R ==> next_comm=kworker/u16:0 next_pid=419 next_prio=120
          <idle>-0       [001] dnh.. 20053.197458: sched_wakeup: comm=bash pid=563 prio=120 target_cpu=001
   kworker/u16:0-419     [003] d.... 20053.197469: sched_switch: prev_comm=kworker/u16:0 prev_pid=419 prev_prio=120 prev_state=I ==> next_comm=swapper/3 next_pid=0 next_prio=120
          <idle>-0       [001] d.... 20053.197495: sched_switch: prev_comm=swapper/1 prev_pid=0 prev_prio=120 prev_state=R ==> next_comm=bash next_pid=563 next_prio=120
          <idle>-0       [003] dnh.. 20053.197728: sched_wakeup: comm=kworker/u16:0 pid=419 prio=120 target_cpu=003
          <idle>-0       [003] d.... 20053.197770: sched_switch: prev_comm=swapper/3 prev_pid=0 prev_prio=120 prev_state=R ==> next_comm=kworker/u16:0 next_pid=419 next_prio=120
   kworker/u16:0-419     [003] d.... 20053.197848: sched_switch: prev_comm=kworker/u16:0 prev_pid=419 prev_prio=120 prev_state=I ==> next_comm=swapper/3 next_pid=0 next_prio=120
          <idle>-0       [002] dnh.. 20053.197890: sched_wakeup: comm=sshd pid=562 prio=120 target_cpu=002
          <idle>-0       [002] d.... 20053.197941: sched_switch: prev_comm=swapper/2 prev_pid=0 prev_prio=120 prev_state=R ==> next_comm=sshd next_pid=562 next_prio=120
            bash-563     [001] ..... 20053.198459: sys_clone+0xc/0x9c <-ret_fast_syscall+0x0/0x54
            bash-563     [001] ..... 20053.198482: <stack trace>
 => sys_clone+0x10/0x9c
 => ret_fast_syscall+0x0/0x54
            bash-563     [001] ..... 20053.198486: kernel_clone+0xc/0x388 <-sys_clone+0x78/0x9c
            bash-563     [001] ..... 20053.198492: <stack trace>
 => kernel_clone+0x10/0x388
 => sys_clone+0x78/0x9c
 => ret_fast_syscall+0x0/0x54
            bash-563     [001] ..... 20053.198496: copy_process+0xc/0x16a8 <-kernel_clone+0xac/0x388
            bash-563     [001] ..... 20053.198501: <stack trace>
 => copy_process+0x10/0x16a8
 => kernel_clone+0xac/0x388
 => sys_clone+0x78/0x9c
 => ret_fast_syscall+0x0/0x54
            sshd-562     [002] d.... 20053.199093: sched_switch: prev_comm=sshd prev_pid=562 prev_prio=120 prev_state=S ==> next_comm=swapper/2 next_pid=0 next_prio=120
            bash-563     [001] ..... 20053.199109: sched_process_fork: comm=bash pid=563 child_comm=bash child_pid=616
          <idle>-0       [003] d.... 20053.199276: sched_switch: prev_comm=swapper/3 prev_pid=0 prev_prio=120 prev_state=R ==> next_comm=bash next_pid=616 next_prio=120
            bash-563     [001] d.... 20053.200121: sched_switch: prev_comm=bash prev_pid=563 prev_prio=120 prev_state=S ==> next_comm=swapper/1 next_pid=0 next_prio=120
          <idle>-0       [002] dnh.. 20053.211819: sched_wakeup: comm=rcu_sched pid=15 prio=120 target_cpu=002
          <idle>-0       [002] d.... 20053.211896: sched_switch: prev_comm=swapper/2 prev_pid=0 prev_prio=120 prev_state=R ==> next_comm=rcu_sched next_pid=15 next_prio=120
       rcu_sched-15      [002] d.... 20053.211961: sched_switch: prev_comm=rcu_sched prev_pid=15 prev_prio=120 prev_state=I ==> next_comm=swapper/2 next_pid=0 next_prio=120
          <idle>-0       [001] dns.. 20053.221685: sched_wakeup: comm=kworker/1:0 pid=592 prio=120 target_cpu=001
          <idle>-0       [001] d.... 20053.221740: sched_switch: prev_comm=swapper/1 prev_pid=0 prev_prio=120 prev_state=R ==> next_comm=kworker/1:0 next_pid=592 next_prio=120
     kworker/1:0-592     [001] d.h.. 20053.221806: sched_wakeup: comm=kworker/1:0 pid=592 prio=120 target_cpu=001
     kworker/1:0-592     [001] d.... 20053.221860: sched_switch: prev_comm=kworker/1:0 prev_pid=592 prev_prio=120 prev_state=I ==> next_comm=swapper/1 next_pid=0 next_prio=120
          <idle>-0       [002] dns.. 20053.231733: sched_wakeup: comm=rcu_sched pid=15 prio=120 target_cpu=002
          <idle>-0       [002] d.... 20053.231819: sched_switch: prev_comm=swapper/2 prev_pid=0 prev_prio=120 prev_state=R ==> next_comm=rcu_sched next_pid=15 next_prio=120
       rcu_sched-15      [002] d.... 20053.231853: sched_switch: prev_comm=rcu_sched prev_pid=15 prev_prio=120 prev_state=I ==> next_comm=swapper/2 next_pid=0 next_prio=120
          <idle>-0       [001] dnh.. 20053.241115: sched_wakeup: comm=kworker/u16:0 pid=419 prio=120 target_cpu=001
          <idle>-0       [001] d.... 20053.241136: sched_switch: prev_comm=swapper/1 prev_pid=0 prev_prio=120 prev_state=R ==> next_comm=kworker/u16:0 next_pid=419 next_prio=120
   kworker/u16:0-419     [001] d.... 20053.241189: sched_switch: prev_comm=kworker/u16:0 prev_pid=419 prev_prio=120 prev_state=I ==> next_comm=swapper/1 next_pid=0 next_prio=120
          <idle>-0       [002] dnh.. 20053.241240: sched_wakeup: comm=sshd pid=562 prio=120 target_cpu=002
          <idle>-0       [002] d.... 20053.241282: sched_switch: prev_comm=swapper/2 prev_pid=0 prev_prio=120 prev_state=R ==> next_comm=sshd next_pid=562 next_prio=120
            sshd-562     [002] d.... 20053.242351: sched_switch: prev_comm=sshd prev_pid=562 prev_prio=120 prev_state=S ==> next_comm=swapper/2 next_pid=0 next_prio=120
          <idle>-0       [001] dnH.. 20053.242983: sched_wakeup: comm=kworker/u16:0 pid=419 prio=120 target_cpu=001
          <idle>-0       [001] d.... 20053.243045: sched_switch: prev_comm=swapper/1 prev_pid=0 prev_prio=120 prev_state=R ==> next_comm=kworker/u16:0 next_pid=419 next_prio=120
   kworker/u16:0-419     [001] d.... 20053.243100: sched_switch: prev_comm=kworker/u16:0 prev_pid=419 prev_prio=120 prev_state=I ==> next_comm=swapper/1 next_pid=0 next_prio=120
          <idle>-0       [002] dnh.. 20053.243265: sched_wakeup: comm=sshd pid=562 prio=120 target_cpu=002
          <idle>-0       [002] d.... 20053.243322: sched_switch: prev_comm=swapper/2 prev_pid=0 prev_prio=120 prev_state=R ==> next_comm=sshd next_pid=562 next_prio=120
            sshd-562     [002] d.... 20053.244163: sched_switch: prev_comm=sshd prev_pid=562 prev_prio=120 prev_state=S ==> next_comm=swapper/2 next_pid=0 next_prio=120
    get_trace.sh-616     [003] ..... 20053.245180: sys_clone+0xc/0x9c <-ret_fast_syscall+0x0/0x54
    get_trace.sh-616     [003] ..... 20053.245201: <stack trace>
 => sys_clone+0x10/0x9c
 => ret_fast_syscall+0x0/0x54
    get_trace.sh-616     [003] ..... 20053.245205: kernel_clone+0xc/0x388 <-sys_clone+0x78/0x9c
    get_trace.sh-616     [003] ..... 20053.245211: <stack trace>
 => kernel_clone+0x10/0x388
 => sys_clone+0x78/0x9c
 => ret_fast_syscall+0x0/0x54
    get_trace.sh-616     [003] ..... 20053.245214: copy_process+0xc/0x16a8 <-kernel_clone+0xac/0x388
    get_trace.sh-616     [003] ..... 20053.245219: <stack trace>
 => copy_process+0x10/0x16a8
 => kernel_clone+0xac/0x388
 => sys_clone+0x78/0x9c
 => ret_fast_syscall+0x0/0x54
    get_trace.sh-616     [003] ..... 20053.245659: sched_process_fork: comm=get_trace.sh pid=616 child_comm=get_trace.sh child_pid=617
          <idle>-0       [000] d.... 20053.245778: sched_switch: prev_comm=swapper/0 prev_pid=0 prev_prio=120 prev_state=R ==> next_comm=get_trace.sh next_pid=617 next_prio=120
    get_trace.sh-616     [003] d.... 20053.247423: sched_switch: prev_comm=get_trace.sh prev_pid=616 prev_prio=120 prev_state=S ==> next_comm=swapper/3 next_pid=0 next_prio=120
           sleep-617     [000] d.... 20053.270506: sched_switch: prev_comm=sleep prev_pid=617 prev_prio=120 prev_state=S ==> next_comm=swapper/0 next_pid=0 next_prio=120
          <idle>-0       [002] dnh.. 20053.271812: sched_wakeup: comm=rcu_sched pid=15 prio=120 target_cpu=002
          <idle>-0       [002] d.... 20053.271877: sched_switch: prev_comm=swapper/2 prev_pid=0 prev_prio=120 prev_state=R ==> next_comm=rcu_sched next_pid=15 next_prio=120
       rcu_sched-15      [002] d.... 20053.271952: sched_switch: prev_comm=rcu_sched prev_pid=15 prev_prio=120 prev_state=I ==> next_comm=swapper/2 next_pid=0 next_prio=120
          <idle>-0       [002] dns.. 20053.291713: sched_wakeup: comm=rcu_sched pid=15 prio=120 target_cpu=002
          <idle>-0       [002] d.... 20053.291788: sched_switch: prev_comm=swapper/2 prev_pid=0 prev_prio=120 prev_state=R ==> next_comm=rcu_sched next_pid=15 next_prio=120
       rcu_sched-15      [002] d.... 20053.291849: sched_switch: prev_comm=rcu_sched prev_pid=15 prev_prio=120 prev_state=I ==> next_comm=swapper/2 next_pid=0 next_prio=120
          <idle>-0       [001] dns.. 20053.391703: sched_wakeup: comm=kworker/1:0 pid=592 prio=120 target_cpu=001
          <idle>-0       [001] d.... 20053.391771: sched_switch: prev_comm=swapper/1 prev_pid=0 prev_prio=120 prev_state=R ==> next_comm=kworker/1:0 next_pid=592 next_prio=120
     kworker/1:0-592     [001] d.... 20053.391823: sched_switch: prev_comm=kworker/1:0 prev_pid=592 prev_prio=120 prev_state=I ==> next_comm=swapper/1 next_pid=0 next_prio=120
          <idle>-0       [000] dns.. 20053.591705: sched_wakeup: comm=kcompactd0 pid=44 prio=120 target_cpu=000
          <idle>-0       [000] d.... 20053.591768: sched_switch: prev_comm=swapper/0 prev_pid=0 prev_prio=120 prev_state=R ==> next_comm=kcompactd0 next_pid=44 next_prio=120
      kcompactd0-44      [000] d.... 20053.591806: sched_switch: prev_comm=kcompactd0 prev_pid=44 prev_prio=120 prev_state=S ==> next_comm=swapper/0 next_pid=0 next_prio=120
          <idle>-0       [001] dns.. 20053.601694: sched_wakeup: comm=kworker/1:0 pid=592 prio=120 target_cpu=001
          <idle>-0       [001] d.... 20053.601734: sched_switch: prev_comm=swapper/1 prev_pid=0 prev_prio=120 prev_state=R ==> next_comm=kworker/1:0 next_pid=592 next_prio=120
     kworker/1:0-592     [001] d.... 20053.601797: sched_switch: prev_comm=kworker/1:0 prev_pid=592 prev_prio=120 prev_state=I ==> next_comm=swapper/1 next_pid=0 next_prio=120
          <idle>-0       [001] dns.. 20053.621674: sched_wakeup: comm=kworker/1:0 pid=592 prio=120 target_cpu=001
          <idle>-0       [001] d.... 20053.621719: sched_switch: prev_comm=swapper/1 prev_pid=0 prev_prio=120 prev_state=R ==> next_comm=kworker/1:0 next_pid=592 next_prio=120
     kworker/1:0-592     [001] d.... 20053.621801: sched_switch: prev_comm=kworker/1:0 prev_pid=592 prev_prio=120 prev_state=I ==> next_comm=swapper/1 next_pid=0 next_prio=120
          <idle>-0       [001] dns.. 20053.811682: sched_wakeup: comm=kworker/1:0 pid=592 prio=120 target_cpu=001
          <idle>-0       [001] d.... 20053.811735: sched_switch: prev_comm=swapper/1 prev_pid=0 prev_prio=120 prev_state=R ==> next_comm=kworker/1:0 next_pid=592 next_prio=120
     kworker/1:0-592     [001] d.... 20053.811783: sched_switch: prev_comm=kworker/1:0 prev_pid=592 prev_prio=120 prev_state=I ==> next_comm=swapper/1 next_pid=0 next_prio=120
          <idle>-0       [001] dns.. 20054.021695: sched_wakeup: comm=kworker/1:0 pid=592 prio=120 target_cpu=001
          <idle>-0       [003] dns.. 20054.021701: sched_wakeup: comm=kworker/3:1 pid=570 prio=120 target_cpu=003
          <idle>-0       [001] d.... 20054.021769: sched_switch: prev_comm=swapper/1 prev_pid=0 prev_prio=120 prev_state=R ==> next_comm=kworker/1:0 next_pid=592 next_prio=120
          <idle>-0       [003] d.... 20054.021779: sched_switch: prev_comm=swapper/3 prev_pid=0 prev_prio=120 prev_state=R ==> next_comm=kworker/3:1 next_pid=570 next_prio=120
     kworker/3:1-570     [003] d.... 20054.021830: sched_switch: prev_comm=kworker/3:1 prev_pid=570 prev_prio=120 prev_state=I ==> next_comm=swapper/3 next_pid=0 next_prio=120
     kworker/1:0-592     [001] d.... 20054.021831: sched_switch: prev_comm=kworker/1:0 prev_pid=592 prev_prio=120 prev_state=I ==> next_comm=swapper/1 next_pid=0 next_prio=120
          <idle>-0       [000] dns.. 20054.101801: sched_wakeup: comm=kworker/0:2 pid=568 prio=120 target_cpu=000
          <idle>-0       [000] dnH.. 20054.101873: sched_wakeup: comm=kcompactd0 pid=44 prio=120 target_cpu=000
          <idle>-0       [000] d.... 20054.102009: sched_switch: prev_comm=swapper/0 prev_pid=0 prev_prio=120 prev_state=R ==> next_comm=kworker/0:2 next_pid=568 next_prio=120
     kworker/0:2-568     [000] d.... 20054.102138: sched_switch: prev_comm=kworker/0:2 prev_pid=568 prev_prio=120 prev_state=I ==> next_comm=kcompactd0 next_pid=44 next_prio=120
      kcompactd0-44      [000] d.... 20054.102213: sched_switch: prev_comm=kcompactd0 prev_pid=44 prev_prio=120 prev_state=S ==> next_comm=swapper/0 next_pid=0 next_prio=120
          <idle>-0       [001] dns.. 20054.231687: sched_wakeup: comm=kworker/1:0 pid=592 prio=120 target_cpu=001
          <idle>-0       [001] d.... 20054.231744: sched_switch: prev_comm=swapper/1 prev_pid=0 prev_prio=120 prev_state=R ==> next_comm=kworker/1:0 next_pid=592 next_prio=120
          <idle>-0       [002] dns.. 20054.231776: sched_wakeup: comm=kworker/2:0 pid=557 prio=120 target_cpu=002
     kworker/1:0-592     [001] d.... 20054.231790: sched_switch: prev_comm=kworker/1:0 prev_pid=592 prev_prio=120 prev_state=I ==> next_comm=swapper/1 next_pid=0 next_prio=120
          <idle>-0       [002] d.... 20054.231883: sched_switch: prev_comm=swapper/2 prev_pid=0 prev_prio=120 prev_state=R ==> next_comm=kworker/2:0 next_pid=557 next_prio=120
     kworker/2:0-557     [002] d.... 20054.231963: sched_switch: prev_comm=kworker/2:0 prev_pid=557 prev_prio=120 prev_state=I ==> next_comm=swapper/2 next_pid=0 next_prio=120
          <idle>-0       [001] dns.. 20054.441688: sched_wakeup: comm=kworker/1:0 pid=592 prio=120 target_cpu=001
          <idle>-0       [001] d.... 20054.441746: sched_switch: prev_comm=swapper/1 prev_pid=0 prev_prio=120 prev_state=R ==> next_comm=kworker/1:0 next_pid=592 next_prio=120
     kworker/1:0-592     [001] d.... 20054.441796: sched_switch: prev_comm=kworker/1:0 prev_pid=592 prev_prio=120 prev_state=I ==> next_comm=swapper/1 next_pid=0 next_prio=120
          <idle>-0       [000] dns.. 20054.611692: sched_wakeup: comm=kcompactd0 pid=44 prio=120 target_cpu=000
          <idle>-0       [000] d.... 20054.611754: sched_switch: prev_comm=swapper/0 prev_pid=0 prev_prio=120 prev_state=R ==> next_comm=kcompactd0 next_pid=44 next_prio=120
      kcompactd0-44      [000] d.... 20054.611796: sched_switch: prev_comm=kcompactd0 prev_pid=44 prev_prio=120 prev_state=S ==> next_comm=swapper/0 next_pid=0 next_prio=120
          <idle>-0       [001] dns.. 20054.651696: sched_wakeup: comm=kworker/1:0 pid=592 prio=120 target_cpu=001
          <idle>-0       [003] dnh.. 20054.651757: sched_wakeup: comm=kworker/u16:0 pid=419 prio=120 target_cpu=003
          <idle>-0       [001] d.... 20054.651783: sched_switch: prev_comm=swapper/1 prev_pid=0 prev_prio=120 prev_state=R ==> next_comm=kworker/1:0 next_pid=592 next_prio=120
          <idle>-0       [003] d.... 20054.651791: sched_switch: prev_comm=swapper/3 prev_pid=0 prev_prio=120 prev_state=R ==> next_comm=kworker/u16:0 next_pid=419 next_prio=120
   kworker/u16:0-419     [003] d.... 20054.651852: sched_switch: prev_comm=kworker/u16:0 prev_pid=419 prev_prio=120 prev_state=I ==> next_comm=swapper/3 next_pid=0 next_prio=120
     kworker/1:0-592     [001] d.... 20054.651903: sched_switch: prev_comm=kworker/1:0 prev_pid=592 prev_prio=120 prev_state=I ==> next_comm=swapper/1 next_pid=0 next_prio=120
          <idle>-0       [003] dns.. 20054.661759: sched_wakeup: comm=kworker/u16:0 pid=419 prio=120 target_cpu=003
          <idle>-0       [003] d.... 20054.661844: sched_switch: prev_comm=swapper/3 prev_pid=0 prev_prio=120 prev_state=R ==> next_comm=kworker/u16:0 next_pid=419 next_prio=120
   kworker/u16:0-419     [003] d.... 20054.662004: sched_switch: prev_comm=kworker/u16:0 prev_pid=419 prev_prio=120 prev_state=I ==> next_comm=swapper/3 next_pid=0 next_prio=120
          <idle>-0       [003] dnH.. 20054.811833: sched_wakeup: comm=kworker/u16:0 pid=419 prio=120 target_cpu=003
          <idle>-0       [003] d.... 20054.811935: sched_switch: prev_comm=swapper/3 prev_pid=0 prev_prio=120 prev_state=R ==> next_comm=kworker/u16:0 next_pid=419 next_prio=120
   kworker/u16:0-419     [003] d.... 20054.812043: sched_switch: prev_comm=kworker/u16:0 prev_pid=419 prev_prio=120 prev_state=I ==> next_comm=swapper/3 next_pid=0 next_prio=120
          <idle>-0       [001] dns.. 20054.861708: sched_wakeup: comm=kworker/1:0 pid=592 prio=120 target_cpu=001
          <idle>-0       [001] d.... 20054.861768: sched_switch: prev_comm=swapper/1 prev_pid=0 prev_prio=120 prev_state=R ==> next_comm=kworker/1:0 next_pid=592 next_prio=120
     kworker/1:0-592     [001] d.... 20054.861821: sched_switch: prev_comm=kworker/1:0 prev_pid=592 prev_prio=120 prev_state=I ==> next_comm=swapper/1 next_pid=0 next_prio=120
          <idle>-0       [001] dns.. 20055.051700: sched_wakeup: comm=kworker/1:0 pid=592 prio=120 target_cpu=001
          <idle>-0       [000] dns.. 20055.051737: sched_wakeup: comm=kworker/0:2 pid=568 prio=120 target_cpu=000
          <idle>-0       [001] d.... 20055.051764: sched_switch: prev_comm=swapper/1 prev_pid=0 prev_prio=120 prev_state=R ==> next_comm=kworker/1:0 next_pid=592 next_prio=120
          <idle>-0       [000] d.... 20055.051802: sched_switch: prev_comm=swapper/0 prev_pid=0 prev_prio=120 prev_state=R ==> next_comm=kworker/0:2 next_pid=568 next_prio=120
     kworker/1:0-592     [001] d.... 20055.051804: sched_switch: prev_comm=kworker/1:0 prev_pid=592 prev_prio=120 prev_state=I ==> next_comm=swapper/1 next_pid=0 next_prio=120
     kworker/0:2-568     [000] d.... 20055.051863: sched_switch: prev_comm=kworker/0:2 prev_pid=568 prev_prio=120 prev_state=I ==> next_comm=swapper/0 next_pid=0 next_prio=120
          <idle>-0       [001] dns.. 20055.071700: sched_wakeup: comm=kworker/1:0 pid=592 prio=120 target_cpu=001
          <idle>-0       [001] d.... 20055.071738: sched_switch: prev_comm=swapper/1 prev_pid=0 prev_prio=120 prev_state=R ==> next_comm=kworker/1:0 next_pid=592 next_prio=120
     kworker/1:0-592     [001] d.... 20055.071780: sched_switch: prev_comm=kworker/1:0 prev_pid=592 prev_prio=120 prev_state=I ==> next_comm=swapper/1 next_pid=0 next_prio=120
          <idle>-0       [000] dnH.. 20055.121784: sched_wakeup: comm=kcompactd0 pid=44 prio=120 target_cpu=000
          <idle>-0       [000] d.... 20055.121871: sched_switch: prev_comm=swapper/0 prev_pid=0 prev_prio=120 prev_state=R ==> next_comm=kcompactd0 next_pid=44 next_prio=120
      kcompactd0-44      [000] d.... 20055.121939: sched_switch: prev_comm=kcompactd0 prev_pid=44 prev_prio=120 prev_state=S ==> next_comm=swapper/0 next_pid=0 next_prio=120
          <idle>-0       [002] dns.. 20055.246154: sched_wakeup: comm=sshd pid=562 prio=120 target_cpu=002
          <idle>-0       [002] d.... 20055.246274: sched_switch: prev_comm=swapper/2 prev_pid=0 prev_prio=120 prev_state=R ==> next_comm=sshd next_pid=562 next_prio=120
          <idle>-0       [003] dnh.. 20055.246861: sched_wakeup: comm=kworker/u16:0 pid=419 prio=120 target_cpu=003
          <idle>-0       [003] d.... 20055.246899: sched_switch: prev_comm=swapper/3 prev_pid=0 prev_prio=120 prev_state=R ==> next_comm=kworker/u16:0 next_pid=419 next_prio=120
            sshd-562     [002] d.... 20055.246949: sched_switch: prev_comm=sshd prev_pid=562 prev_prio=120 prev_state=S ==> next_comm=swapper/2 next_pid=0 next_prio=120
          <idle>-0       [001] dnh.. 20055.247174: sched_wakeup: comm=kworker/u16:1 pid=465 prio=120 target_cpu=001
          <idle>-0       [001] d.... 20055.247214: sched_switch: prev_comm=swapper/1 prev_pid=0 prev_prio=120 prev_state=R ==> next_comm=kworker/u16:1 next_pid=465 next_prio=120
   kworker/u16:1-465     [001] d.... 20055.247240: sched_switch: prev_comm=kworker/u16:1 prev_pid=465 prev_prio=120 prev_state=I ==> next_comm=swapper/1 next_pid=0 next_prio=120
   kworker/u16:0-419     [003] d.... 20055.247251: sched_switch: prev_comm=kworker/u16:0 prev_pid=419 prev_prio=120 prev_state=I ==> next_comm=swapper/3 next_pid=0 next_prio=120
          <idle>-0       [002] dnh.. 20055.247289: sched_wakeup: comm=sshd pid=562 prio=120 target_cpu=002
          <idle>-0       [002] d.... 20055.247320: sched_switch: prev_comm=swapper/2 prev_pid=0 prev_prio=120 prev_state=R ==> next_comm=sshd next_pid=562 next_prio=120
            sshd-562     [002] d.... 20055.248069: sched_switch: prev_comm=sshd prev_pid=562 prev_prio=120 prev_state=S ==> next_comm=swapper/2 next_pid=0 next_prio=120
          <idle>-0       [001] dns.. 20055.281692: sched_wakeup: comm=kworker/1:0 pid=592 prio=120 target_cpu=001
          <idle>-0       [001] d.... 20055.281747: sched_switch: prev_comm=swapper/1 prev_pid=0 prev_prio=120 prev_state=R ==> next_comm=kworker/1:0 next_pid=592 next_prio=120
     kworker/1:0-592     [001] d.... 20055.281792: sched_switch: prev_comm=kworker/1:0 prev_pid=592 prev_prio=120 prev_state=I ==> next_comm=swapper/1 next_pid=0 next_prio=120
          <idle>-0       [001] dns.. 20055.291686: sched_wakeup: comm=kworker/1:0 pid=592 prio=120 target_cpu=001
          <idle>-0       [001] d.... 20055.291719: sched_switch: prev_comm=swapper/1 prev_pid=0 prev_prio=120 prev_state=R ==> next_comm=kworker/1:0 next_pid=592 next_prio=120
     kworker/1:0-592     [001] d.h.. 20055.291781: sched_wakeup: comm=kworker/1:0 pid=592 prio=120 target_cpu=001
     kworker/1:0-592     [001] d.... 20055.291831: sched_switch: prev_comm=kworker/1:0 prev_pid=592 prev_prio=120 prev_state=I ==> next_comm=swapper/1 next_pid=0 next_prio=120
          <idle>-0       [001] dns.. 20055.491693: sched_wakeup: comm=kworker/1:0 pid=592 prio=120 target_cpu=001
          <idle>-0       [001] d.... 20055.491745: sched_switch: prev_comm=swapper/1 prev_pid=0 prev_prio=120 prev_state=R ==> next_comm=kworker/1:0 next_pid=592 next_prio=120
     kworker/1:0-592     [001] d.... 20055.491793: sched_switch: prev_comm=kworker/1:0 prev_pid=592 prev_prio=120 prev_state=I ==> next_comm=swapper/1 next_pid=0 next_prio=120
          <idle>-0       [002] dnh.. 20055.531745: sched_wakeup: comm=jbd2/mmcblk0-8 pid=79 prio=120 target_cpu=002
          <idle>-0       [002] d.... 20055.531784: sched_switch: prev_comm=swapper/2 prev_pid=0 prev_prio=120 prev_state=R ==> next_comm=jbd2/mmcblk0-8 next_pid=79 next_prio=120
  jbd2/mmcblk0-8-79      [002] d.... 20055.534853: sched_switch: prev_comm=jbd2/mmcblk0-8 prev_pid=79 prev_prio=120 prev_state=D ==> next_comm=swapper/2 next_pid=0 next_prio=120
          <idle>-0       [000] dns.. 20055.534943: sched_wakeup: comm=kworker/0:2 pid=568 prio=120 target_cpu=000
          <idle>-0       [000] d.... 20055.535044: sched_switch: prev_comm=swapper/0 prev_pid=0 prev_prio=120 prev_state=R ==> next_comm=kworker/0:2 next_pid=568 next_prio=120
     kworker/0:2-568     [000] d.... 20055.535147: sched_switch: prev_comm=kworker/0:2 prev_pid=568 prev_prio=120 prev_state=I ==> next_comm=swapper/0 next_pid=0 next_prio=120
          <idle>-0       [003] dnh.. 20055.535191: sched_wakeup: comm=irq/113-mmc0 pid=73 prio=49 target_cpu=003
          <idle>-0       [003] d.... 20055.535276: sched_switch: prev_comm=swapper/3 prev_pid=0 prev_prio=120 prev_state=R ==> next_comm=irq/113-mmc0 next_pid=73 next_prio=49
          <idle>-0       [002] dnh.. 20055.535388: sched_wakeup: comm=jbd2/mmcblk0-8 pid=79 prio=120 target_cpu=002
    irq/113-mmc0-73      [003] d.... 20055.535404: sched_switch: prev_comm=irq/113-mmc0 prev_pid=73 prev_prio=49 prev_state=S ==> next_comm=swapper/3 next_pid=0 next_prio=120
          <idle>-0       [002] d.... 20055.535411: sched_switch: prev_comm=swapper/2 prev_pid=0 prev_prio=120 prev_state=R ==> next_comm=jbd2/mmcblk0-8 next_pid=79 next_prio=120
          <idle>-0       [001] dns.. 20055.540142: sched_wakeup: comm=kworker/1:0 pid=592 prio=120 target_cpu=001
  jbd2/mmcblk0-8-79      [002] d.... 20055.540144: sched_switch: prev_comm=jbd2/mmcblk0-8 prev_pid=79 prev_prio=120 prev_state=D ==> next_comm=swapper/2 next_pid=0 next_prio=120
          <idle>-0       [001] d.... 20055.540245: sched_switch: prev_comm=swapper/1 prev_pid=0 prev_prio=120 prev_state=R ==> next_comm=kworker/1:0 next_pid=592 next_prio=120
     kworker/1:0-592     [001] d.... 20055.540312: sched_switch: prev_comm=kworker/1:0 prev_pid=592 prev_prio=120 prev_state=I ==> next_comm=swapper/1 next_pid=0 next_prio=120
          <idle>-0       [003] dnh.. 20055.540447: sched_wakeup: comm=irq/113-mmc0 pid=73 prio=49 target_cpu=003
          <idle>-0       [003] d.... 20055.540495: sched_switch: prev_comm=swapper/3 prev_pid=0 prev_prio=120 prev_state=R ==> next_comm=irq/113-mmc0 next_pid=73 next_prio=49
    irq/113-mmc0-73      [003] d.... 20055.540574: sched_wakeup: comm=kworker/3:1H pid=77 prio=100 target_cpu=003
    irq/113-mmc0-73      [003] d.... 20055.540609: sched_switch: prev_comm=irq/113-mmc0 prev_pid=73 prev_prio=49 prev_state=S ==> next_comm=kworker/3:1H next_pid=77 next_prio=100
          <idle>-0       [002] dnh.. 20055.540756: sched_wakeup: comm=jbd2/mmcblk0-8 pid=79 prio=120 target_cpu=002
          <idle>-0       [002] d.... 20055.540775: sched_switch: prev_comm=swapper/2 prev_pid=0 prev_prio=120 prev_state=R ==> next_comm=jbd2/mmcblk0-8 next_pid=79 next_prio=120
    kworker/3:1H-77      [003] d.... 20055.540815: sched_switch: prev_comm=kworker/3:1H prev_pid=77 prev_prio=100 prev_state=I ==> next_comm=swapper/3 next_pid=0 next_prio=120
  jbd2/mmcblk0-8-79      [002] d.s.. 20055.542150: sched_wakeup: comm=kworker/2:0 pid=557 prio=120 target_cpu=002
  jbd2/mmcblk0-8-79      [002] d.... 20055.542266: sched_switch: prev_comm=jbd2/mmcblk0-8 prev_pid=79 prev_prio=120 prev_state=D ==> next_comm=kworker/2:0 next_pid=557 next_prio=120
     kworker/2:0-557     [002] d.... 20055.542342: sched_switch: prev_comm=kworker/2:0 prev_pid=557 prev_prio=120 prev_state=I ==> next_comm=swapper/2 next_pid=0 next_prio=120
          <idle>-0       [003] dnh.. 20055.542393: sched_wakeup: comm=irq/113-mmc0 pid=73 prio=49 target_cpu=003
          <idle>-0       [003] d.... 20055.542432: sched_switch: prev_comm=swapper/3 prev_pid=0 prev_prio=120 prev_state=R ==> next_comm=irq/113-mmc0 next_pid=73 next_prio=49
    irq/113-mmc0-73      [003] d.... 20055.542476: sched_wakeup: comm=kworker/3:1H pid=77 prio=100 target_cpu=003
    irq/113-mmc0-73      [003] d.... 20055.542497: sched_switch: prev_comm=irq/113-mmc0 prev_pid=73 prev_prio=49 prev_state=S ==> next_comm=kworker/3:1H next_pid=77 next_prio=100
    kworker/3:1H-77      [003] d.... 20055.542601: sched_switch: prev_comm=kworker/3:1H prev_pid=77 prev_prio=100 prev_state=I ==> next_comm=swapper/3 next_pid=0 next_prio=120
          <idle>-0       [002] dnh.. 20055.542605: sched_wakeup: comm=jbd2/mmcblk0-8 pid=79 prio=120 target_cpu=002
          <idle>-0       [002] d.... 20055.542635: sched_switch: prev_comm=swapper/2 prev_pid=0 prev_prio=120 prev_state=R ==> next_comm=jbd2/mmcblk0-8 next_pid=79 next_prio=120
  jbd2/mmcblk0-8-79      [002] d.... 20055.542741: sched_switch: prev_comm=jbd2/mmcblk0-8 prev_pid=79 prev_prio=120 prev_state=S ==> next_comm=swapper/2 next_pid=0 next_prio=120
          <idle>-0       [000] dnH.. 20055.631775: sched_wakeup: comm=kcompactd0 pid=44 prio=120 target_cpu=000
          <idle>-0       [000] d.... 20055.631916: sched_switch: prev_comm=swapper/0 prev_pid=0 prev_prio=120 prev_state=R ==> next_comm=kcompactd0 next_pid=44 next_prio=120
      kcompactd0-44      [000] d.... 20055.631998: sched_switch: prev_comm=kcompactd0 prev_pid=44 prev_prio=120 prev_state=S ==> next_comm=swapper/0 next_pid=0 next_prio=120
          <idle>-0       [002] dns.. 20055.691695: sched_wakeup: comm=kworker/2:0 pid=557 prio=120 target_cpu=002
          <idle>-0       [000] dns.. 20055.691760: sched_wakeup: comm=kworker/0:2 pid=568 prio=120 target_cpu=000
          <idle>-0       [002] d.... 20055.691764: sched_switch: prev_comm=swapper/2 prev_pid=0 prev_prio=120 prev_state=R ==> next_comm=kworker/2:0 next_pid=557 next_prio=120
     kworker/2:0-557     [002] d.... 20055.691862: sched_switch: prev_comm=kworker/2:0 prev_pid=557 prev_prio=120 prev_state=I ==> next_comm=swapper/2 next_pid=0 next_prio=120
          <idle>-0       [000] d.... 20055.691867: sched_switch: prev_comm=swapper/0 prev_pid=0 prev_prio=120 prev_state=R ==> next_comm=kworker/0:2 next_pid=568 next_prio=120
     kworker/0:2-568     [000] d.... 20055.691938: sched_switch: prev_comm=kworker/0:2 prev_pid=568 prev_prio=120 prev_state=I ==> next_comm=swapper/0 next_pid=0 next_prio=120
          <idle>-0       [001] dns.. 20055.701685: sched_wakeup: comm=kworker/1:0 pid=592 prio=120 target_cpu=001
          <idle>-0       [001] d.... 20055.701721: sched_switch: prev_comm=swapper/1 prev_pid=0 prev_prio=120 prev_state=R ==> next_comm=kworker/1:0 next_pid=592 next_prio=120
     kworker/1:0-592     [001] d.... 20055.701773: sched_switch: prev_comm=kworker/1:0 prev_pid=592 prev_prio=120 prev_state=I ==> next_comm=swapper/1 next_pid=0 next_prio=120
          <idle>-0       [001] dns.. 20055.911682: sched_wakeup: comm=kworker/1:0 pid=592 prio=120 target_cpu=001
          <idle>-0       [001] d.... 20055.911732: sched_switch: prev_comm=swapper/1 prev_pid=0 prev_prio=120 prev_state=R ==> next_comm=kworker/1:0 next_pid=592 next_prio=120
     kworker/1:0-592     [001] d.... 20055.911782: sched_switch: prev_comm=kworker/1:0 prev_pid=592 prev_prio=120 prev_state=I ==> next_comm=swapper/1 next_pid=0 next_prio=120
          <idle>-0       [001] dns.. 20056.121703: sched_wakeup: comm=kworker/1:0 pid=592 prio=120 target_cpu=001
          <idle>-0       [001] d.... 20056.121764: sched_switch: prev_comm=swapper/1 prev_pid=0 prev_prio=120 prev_state=R ==> next_comm=kworker/1:0 next_pid=592 next_prio=120
     kworker/1:0-592     [001] d.... 20056.121820: sched_switch: prev_comm=kworker/1:0 prev_pid=592 prev_prio=120 prev_state=I ==> next_comm=swapper/1 next_pid=0 next_prio=120
          <idle>-0       [000] dnH.. 20056.141790: sched_wakeup: comm=kcompactd0 pid=44 prio=120 target_cpu=000
          <idle>-0       [000] dns.. 20056.141865: sched_wakeup: comm=kworker/0:2 pid=568 prio=120 target_cpu=000
          <idle>-0       [000] d.... 20056.141974: sched_switch: prev_comm=swapper/0 prev_pid=0 prev_prio=120 prev_state=R ==> next_comm=kcompactd0 next_pid=44 next_prio=120
      kcompactd0-44      [000] d.... 20056.142046: sched_switch: prev_comm=kcompactd0 prev_pid=44 prev_prio=120 prev_state=S ==> next_comm=kworker/0:2 next_pid=568 next_prio=120
          <idle>-0       [001] dnh.. 20056.142166: sched_wakeup: comm=kworker/1:0 pid=592 prio=120 target_cpu=001
          <idle>-0       [002] dnh.. 20056.142194: sched_wakeup: comm=kworker/2:0 pid=557 prio=120 target_cpu=002
          <idle>-0       [001] d.... 20056.142200: sched_switch: prev_comm=swapper/1 prev_pid=0 prev_prio=120 prev_state=R ==> next_comm=kworker/1:0 next_pid=592 next_prio=120
     kworker/0:2-568     [000] d.... 20056.142207: sched_switch: prev_comm=kworker/0:2 prev_pid=568 prev_prio=120 prev_state=I ==> next_comm=swapper/0 next_pid=0 next_prio=120
          <idle>-0       [002] d.... 20056.142233: sched_switch: prev_comm=swapper/2 prev_pid=0 prev_prio=120 prev_state=R ==> next_comm=kworker/2:0 next_pid=557 next_prio=120
     kworker/1:0-592     [001] d.... 20056.142244: sched_switch: prev_comm=kworker/1:0 prev_pid=592 prev_prio=120 prev_state=I ==> next_comm=swapper/1 next_pid=0 next_prio=120
     kworker/2:0-557     [002] d.... 20056.142299: sched_switch: prev_comm=kworker/2:0 prev_pid=557 prev_prio=120 prev_state=I ==> next_comm=swapper/2 next_pid=0 next_prio=120
          <idle>-0       [000] dnh.. 20056.270632: sched_wakeup: comm=sleep pid=617 prio=120 target_cpu=000
          <idle>-0       [000] d.... 20056.270725: sched_switch: prev_comm=swapper/0 prev_pid=0 prev_prio=120 prev_state=R ==> next_comm=sleep next_pid=617 next_prio=120
           sleep-617     [000] ..... 20056.272803: do_exit+0xc/0xa24 <-do_group_exit+0x40/0x8c
           sleep-617     [000] ..... 20056.272826: <stack trace>
 => do_exit+0x10/0xa24
 => do_group_exit+0x40/0x8c
 => pid_child_should_wake+0x0/0x68
           sleep-617     [000] ..... 20056.272859: sched_process_exit: comm=sleep pid=617 prio=120 group_dead=true
           sleep-617     [000] dn... 20056.273303: signal_generate: sig=17 errno=0 code=1 comm=get_trace.sh pid=616 grp=1 res=0
           sleep-617     [000] d.... 20056.273356: sched_switch: prev_comm=sleep prev_pid=617 prev_prio=120 prev_state=Z ==> next_comm=swapper/0 next_pid=0 next_prio=120
          <idle>-0       [003] dnh.. 20056.273374: sched_wakeup: comm=get_trace.sh pid=616 prio=120 target_cpu=003
          <idle>-0       [003] d.... 20056.273444: sched_switch: prev_comm=swapper/3 prev_pid=0 prev_prio=120 prev_state=R ==> next_comm=get_trace.sh next_pid=616 next_prio=120
    get_trace.sh-616     [003] d.... 20056.274679: signal_deliver: sig=17 errno=0 code=1 sa_handler=4e06fd sa_flags=14000000
    get_trace.sh-616     [003] ..... 20056.276184: sys_clone+0xc/0x9c <-ret_fast_syscall+0x0/0x54
    get_trace.sh-616     [003] ..... 20056.276202: <stack trace>
 => sys_clone+0x10/0x9c
 => ret_fast_syscall+0x0/0x54
    get_trace.sh-616     [003] ..... 20056.276207: kernel_clone+0xc/0x388 <-sys_clone+0x78/0x9c
    get_trace.sh-616     [003] ..... 20056.276212: <stack trace>
 => kernel_clone+0x10/0x388
 => sys_clone+0x78/0x9c
 => ret_fast_syscall+0x0/0x54
    get_trace.sh-616     [003] ..... 20056.276216: copy_process+0xc/0x16a8 <-kernel_clone+0xac/0x388
    get_trace.sh-616     [003] ..... 20056.276221: <stack trace>
 => copy_process+0x10/0x16a8
 => kernel_clone+0xac/0x388
 => sys_clone+0x78/0x9c
 => ret_fast_syscall+0x0/0x54
    get_trace.sh-616     [003] ..... 20056.276670: sched_process_fork: comm=get_trace.sh pid=616 child_comm=get_trace.sh child_pid=618
          <idle>-0       [001] d.... 20056.276783: sched_switch: prev_comm=swapper/1 prev_pid=0 prev_prio=120 prev_state=R ==> next_comm=get_trace.sh next_pid=618 next_prio=120
    get_trace.sh-616     [003] d.... 20056.277611: sched_switch: prev_comm=get_trace.sh prev_pid=616 prev_prio=120 prev_state=S ==> next_comm=swapper/3 next_pid=0 next_prio=120
          <idle>-0       [003] dns.. 20056.281753: sched_wakeup: comm=kworker/3:1 pid=570 prio=120 target_cpu=003
          <idle>-0       [002] dnH.. 20056.281790: sched_wakeup: comm=rcu_sched pid=15 prio=120 target_cpu=002
          <idle>-0       [003] d.... 20056.281815: sched_switch: prev_comm=swapper/3 prev_pid=0 prev_prio=120 prev_state=R ==> next_comm=kworker/3:1 next_pid=570 next_prio=120
          <idle>-0       [002] d.... 20056.281834: sched_switch: prev_comm=swapper/2 prev_pid=0 prev_prio=120 prev_state=R ==> next_comm=rcu_sched next_pid=15 next_prio=120
     kworker/3:1-570     [003] d.... 20056.281858: sched_switch: prev_comm=kworker/3:1 prev_pid=570 prev_prio=120 prev_state=I ==> next_comm=swapper/3 next_pid=0 next_prio=120
       rcu_sched-15      [002] d.... 20056.281873: sched_switch: prev_comm=rcu_sched prev_pid=15 prev_prio=120 prev_state=I ==> next_comm=swapper/2 next_pid=0 next_prio=120
          <idle>-0       [003] dnh.. 20056.298161: sched_wakeup: comm=kworker/u16:0 pid=419 prio=120 target_cpu=003
          <idle>-0       [003] d.... 20056.298189: sched_switch: prev_comm=swapper/3 prev_pid=0 prev_prio=120 prev_state=R ==> next_comm=kworker/u16:0 next_pid=419 next_prio=120
   kworker/u16:0-419     [003] d.... 20056.298245: sched_switch: prev_comm=kworker/u16:0 prev_pid=419 prev_prio=120 prev_state=I ==> next_comm=swapper/3 next_pid=0 next_prio=120
          <idle>-0       [002] dnh.. 20056.298262: sched_wakeup: comm=sshd pid=562 prio=120 target_cpu=002
          <idle>-0       [002] d.... 20056.298285: sched_switch: prev_comm=swapper/2 prev_pid=0 prev_prio=120 prev_state=R ==> next_comm=sshd next_pid=562 next_prio=120
          <idle>-0       [003] dnh.. 20056.298406: sched_wakeup: comm=kworker/u16:0 pid=419 prio=120 target_cpu=003
          <idle>-0       [003] d.... 20056.298426: sched_switch: prev_comm=swapper/3 prev_pid=0 prev_prio=120 prev_state=R ==> next_comm=kworker/u16:0 next_pid=419 next_prio=120
   kworker/u16:0-419     [003] d.... 20056.298453: sched_switch: prev_comm=kworker/u16:0 prev_pid=419 prev_prio=120 prev_state=I ==> next_comm=swapper/3 next_pid=0 next_prio=120
          <idle>-0       [003] dnh.. 20056.298536: sched_wakeup: comm=kworker/u16:0 pid=419 prio=120 target_cpu=003
          <idle>-0       [003] d.... 20056.298553: sched_switch: prev_comm=swapper/3 prev_pid=0 prev_prio=120 prev_state=R ==> next_comm=kworker/u16:0 next_pid=419 next_prio=120
   kworker/u16:0-419     [003] d.... 20056.298575: sched_switch: prev_comm=kworker/u16:0 prev_pid=419 prev_prio=120 prev_state=I ==> next_comm=swapper/3 next_pid=0 next_prio=120
            sshd-562     [002] d.... 20056.299196: sched_switch: prev_comm=sshd prev_pid=562 prev_prio=120 prev_state=S ==> next_comm=swapper/2 next_pid=0 next_prio=120
              cp-618     [001] ..... 20056.300198: do_exit+0xc/0xa24 <-do_group_exit+0x40/0x8c
              cp-618     [001] ..... 20056.300220: <stack trace>
 => do_exit+0x10/0xa24
 => do_group_exit+0x40/0x8c
 => pid_child_should_wake+0x0/0x68
              cp-618     [001] ..... 20056.300251: sched_process_exit: comm=cp pid=618 prio=120 group_dead=true
              cp-618     [001] dn... 20056.300762: signal_generate: sig=17 errno=0 code=1 comm=get_trace.sh pid=616 grp=1 res=0
              cp-618     [001] d.... 20056.300806: sched_switch: prev_comm=cp prev_pid=618 prev_prio=120 prev_state=Z ==> next_comm=swapper/1 next_pid=0 next_prio=120
          <idle>-0       [003] dnh.. 20056.300878: sched_wakeup: comm=get_trace.sh pid=616 prio=120 target_cpu=003
          <idle>-0       [003] d.... 20056.300927: sched_switch: prev_comm=swapper/3 prev_pid=0 prev_prio=120 prev_state=R ==> next_comm=get_trace.sh next_pid=616 next_prio=120
    get_trace.sh-616     [003] d.... 20056.301431: signal_deliver: sig=17 errno=0 code=1 sa_handler=4e06fd sa_flags=14000000
          <idle>-0       [002] dns.. 20056.301697: sched_wakeup: comm=rcu_sched pid=15 prio=120 target_cpu=002
          <idle>-0       [002] d.... 20056.301750: sched_switch: prev_comm=swapper/2 prev_pid=0 prev_prio=120 prev_state=R ==> next_comm=rcu_sched next_pid=15 next_prio=120
       rcu_sched-15      [002] d.... 20056.301785: sched_switch: prev_comm=rcu_sched prev_pid=15 prev_prio=120 prev_state=I ==> next_comm=swapper/2 next_pid=0 next_prio=120
          <idle>-0       [002] dnh.. 20056.301835: sched_wakeup: comm=rcu_sched pid=15 prio=120 target_cpu=002
          <idle>-0       [002] d.... 20056.301854: sched_switch: prev_comm=swapper/2 prev_pid=0 prev_prio=120 prev_state=R ==> next_comm=rcu_sched next_pid=15 next_prio=120
       rcu_sched-15      [002] d.... 20056.301883: sched_switch: prev_comm=rcu_sched prev_pid=15 prev_prio=120 prev_state=I ==> next_comm=swapper/2 next_pid=0 next_prio=120
    get_trace.sh-616     [003] ..... 20056.303314: do_exit+0xc/0xa24 <-do_group_exit+0x40/0x8c
    get_trace.sh-616     [003] ..... 20056.303332: <stack trace>
 => do_exit+0x10/0xa24
 => do_group_exit+0x40/0x8c
 => pid_child_should_wake+0x0/0x68
    get_trace.sh-616     [003] ..... 20056.303356: sched_process_exit: comm=get_trace.sh pid=616 prio=120 group_dead=true
    get_trace.sh-616     [003] dn... 20056.303873: signal_generate: sig=17 errno=0 code=1 comm=bash pid=563 grp=1 res=0
    get_trace.sh-616     [003] d.... 20056.303918: sched_switch: prev_comm=get_trace.sh prev_pid=616 prev_prio=120 prev_state=Z ==> next_comm=swapper/3 next_pid=0 next_prio=120
          <idle>-0       [001] dnh.. 20056.303936: sched_wakeup: comm=bash pid=563 prio=120 target_cpu=001
          <idle>-0       [001] d.... 20056.303965: sched_switch: prev_comm=swapper/1 prev_pid=0 prev_prio=120 prev_state=R ==> next_comm=bash next_pid=563 next_prio=120
            bash-563     [001] d.... 20056.304479: signal_deliver: sig=17 errno=0 code=1 sa_handler=51b6fd sa_flags=14000000
          <idle>-0       [003] dnh.. 20056.305668: sched_wakeup: comm=kworker/u16:0 pid=419 prio=120 target_cpu=003
          <idle>-0       [003] d.... 20056.305696: sched_switch: prev_comm=swapper/3 prev_pid=0 prev_prio=120 prev_state=R ==> next_comm=kworker/u16:0 next_pid=419 next_prio=120
   kworker/u16:0-419     [003] d.... 20056.305749: sched_switch: prev_comm=kworker/u16:0 prev_pid=419 prev_prio=120 prev_state=I ==> next_comm=swapper/3 next_pid=0 next_prio=120
          <idle>-0       [002] dnh.. 20056.305766: sched_wakeup: comm=sshd pid=562 prio=120 target_cpu=002
          <idle>-0       [002] d.... 20056.305788: sched_switch: prev_comm=swapper/2 prev_pid=0 prev_prio=120 prev_state=R ==> next_comm=sshd next_pid=562 next_prio=120
          <idle>-0       [003] dnh.. 20056.306144: sched_wakeup: comm=kworker/u16:0 pid=419 prio=120 target_cpu=003
          <idle>-0       [003] d.... 20056.306162: sched_switch: prev_comm=swapper/3 prev_pid=0 prev_prio=120 prev_state=R ==> next_comm=kworker/u16:0 next_pid=419 next_prio=120
            sshd-562     [002] d.... 20056.306202: sched_switch: prev_comm=sshd prev_pid=562 prev_prio=120 prev_state=D ==> next_comm=swapper/2 next_pid=0 next_prio=120
   kworker/u16:0-419     [003] d.... 20056.306233: sched_switch: prev_comm=kworker/u16:0 prev_pid=419 prev_prio=120 prev_state=I ==> next_comm=swapper/3 next_pid=0 next_prio=120
          <idle>-0       [002] dnh.. 20056.306254: sched_wakeup: comm=sshd pid=562 prio=120 target_cpu=002
          <idle>-0       [002] d.... 20056.306276: sched_switch: prev_comm=swapper/2 prev_pid=0 prev_prio=120 prev_state=R ==> next_comm=sshd next_pid=562 next_prio=120
            sshd-562     [002] d.... 20056.306915: sched_switch: prev_comm=sshd prev_pid=562 prev_prio=120 prev_state=S ==> next_comm=swapper/2 next_pid=0 next_prio=120
          <idle>-0       [003] dnh.. 20056.307153: sched_wakeup: comm=kworker/u16:0 pid=419 prio=120 target_cpu=003
          <idle>-0       [003] d.... 20056.307172: sched_switch: prev_comm=swapper/3 prev_pid=0 prev_prio=120 prev_state=R ==> next_comm=kworker/u16:0 next_pid=419 next_prio=120
   kworker/u16:0-419     [003] d.... 20056.307206: sched_switch: prev_comm=kworker/u16:0 prev_pid=419 prev_prio=120 prev_state=I ==> next_comm=swapper/3 next_pid=0 next_prio=120
            bash-563     [001] d.... 20056.307215: sched_switch: prev_comm=bash prev_pid=563 prev_prio=120 prev_state=S ==> next_comm=swapper/1 next_pid=0 next_prio=120
          <idle>-0       [002] dnh.. 20056.307237: sched_wakeup: comm=sshd pid=562 prio=120 target_cpu=002
          <idle>-0       [002] d.... 20056.307259: sched_switch: prev_comm=swapper/2 prev_pid=0 prev_prio=120 prev_state=R ==> next_comm=sshd next_pid=562 next_prio=120
            sshd-562     [002] d.... 20056.308071: sched_switch: prev_comm=sshd prev_pid=562 prev_prio=120 prev_state=S ==> next_comm=swapper/2 next_pid=0 next_prio=120
          <idle>-0       [000] dns.. 20056.311812: sched_wakeup: comm=kworker/0:2 pid=568 prio=120 target_cpu=000
          <idle>-0       [000] d.... 20056.311842: sched_switch: prev_comm=swapper/0 prev_pid=0 prev_prio=120 prev_state=R ==> next_comm=kworker/0:2 next_pid=568 next_prio=120
     kworker/0:2-568     [000] d.... 20056.311893: sched_switch: prev_comm=kworker/0:2 prev_pid=568 prev_prio=120 prev_state=I ==> next_comm=swapper/0 next_pid=0 next_prio=120
          <idle>-0       [002] dns.. 20056.321729: sched_wakeup: comm=rcu_sched pid=15 prio=120 target_cpu=002
          <idle>-0       [002] d.... 20056.321809: sched_switch: prev_comm=swapper/2 prev_pid=0 prev_prio=120 prev_state=R ==> next_comm=rcu_sched next_pid=15 next_prio=120
       rcu_sched-15      [002] d.... 20056.321889: sched_switch: prev_comm=rcu_sched prev_pid=15 prev_prio=120 prev_state=I ==> next_comm=swapper/2 next_pid=0 next_prio=120
          <idle>-0       [001] dns.. 20056.331694: sched_wakeup: comm=kworker/1:0 pid=592 prio=120 target_cpu=001
          <idle>-0       [001] d.... 20056.331749: sched_switch: prev_comm=swapper/1 prev_pid=0 prev_prio=120 prev_state=R ==> next_comm=kworker/1:0 next_pid=592 next_prio=120
     kworker/1:0-592     [001] d.... 20056.331810: sched_switch: prev_comm=kworker/1:0 prev_pid=592 prev_prio=120 prev_state=I ==> next_comm=swapper/1 next_pid=0 next_prio=120
          <idle>-0       [002] dns.. 20056.341690: sched_wakeup: comm=rcu_sched pid=15 prio=120 target_cpu=002
          <idle>-0       [002] d.... 20056.341726: sched_switch: prev_comm=swapper/2 prev_pid=0 prev_prio=120 prev_state=R ==> next_comm=rcu_sched next_pid=15 next_prio=120
       rcu_sched-15      [002] d.... 20056.341758: sched_switch: prev_comm=rcu_sched prev_pid=15 prev_prio=120 prev_state=I ==> next_comm=swapper/2 next_pid=0 next_prio=120
          <idle>-0       [002] dnh.. 20056.349934: sched_wakeup: comm=sshd pid=562 prio=120 target_cpu=002
          <idle>-0       [002] d.... 20056.349982: sched_switch: prev_comm=swapper/2 prev_pid=0 prev_prio=120 prev_state=R ==> next_comm=sshd next_pid=562 next_prio=120
          <idle>-0       [003] dnh.. 20056.350874: sched_wakeup: comm=kworker/u16:0 pid=419 prio=120 target_cpu=003
          <idle>-0       [003] d.... 20056.350919: sched_switch: prev_comm=swapper/3 prev_pid=0 prev_prio=120 prev_state=R ==> next_comm=kworker/u16:0 next_pid=419 next_prio=120
            sshd-562     [002] d.... 20056.350997: sched_switch: prev_comm=sshd prev_pid=562 prev_prio=120 prev_state=S ==> next_comm=swapper/2 next_pid=0 next_prio=120
          <idle>-0       [001] dnh.. 20056.351047: sched_wakeup: comm=bash pid=563 prio=120 target_cpu=001
   kworker/u16:0-419     [003] d.... 20056.351048: sched_switch: prev_comm=kworker/u16:0 prev_pid=419 prev_prio=120 prev_state=I ==> next_comm=swapper/3 next_pid=0 next_prio=120
          <idle>-0       [001] d.... 20056.351124: sched_switch: prev_comm=swapper/1 prev_pid=0 prev_prio=120 prev_state=R ==> next_comm=bash next_pid=563 next_prio=120
          <idle>-0       [003] dnH.. 20056.351805: sched_wakeup: comm=kworker/u16:0 pid=419 prio=120 target_cpu=003
            bash-563     [001] d.... 20056.351878: sched_switch: prev_comm=bash prev_pid=563 prev_prio=120 prev_state=S ==> next_comm=swapper/1 next_pid=0 next_prio=120
          <idle>-0       [002] dnh.. 20056.351906: sched_wakeup: comm=rcu_sched pid=15 prio=120 target_cpu=002
          <idle>-0       [003] d.... 20056.351911: sched_switch: prev_comm=swapper/3 prev_pid=0 prev_prio=120 prev_state=R ==> next_comm=kworker/u16:0 next_pid=419 next_prio=120
          <idle>-0       [002] d.... 20056.351928: sched_switch: prev_comm=swapper/2 prev_pid=0 prev_prio=120 prev_state=R ==> next_comm=rcu_sched next_pid=15 next_prio=120
       rcu_sched-15      [002] d.... 20056.351972: sched_switch: prev_comm=rcu_sched prev_pid=15 prev_prio=120 prev_state=I ==> next_comm=swapper/2 next_pid=0 next_prio=120
   kworker/u16:0-419     [003] d.... 20056.352009: sched_switch: prev_comm=kworker/u16:0 prev_pid=419 prev_prio=120 prev_state=I ==> next_comm=swapper/3 next_pid=0 next_prio=120
          <idle>-0       [000] dnh.. 20056.352111: sched_wakeup: comm=sshd pid=562 prio=120 target_cpu=000
          <idle>-0       [000] d.... 20056.352281: sched_switch: prev_comm=swapper/0 prev_pid=0 prev_prio=120 prev_state=R ==> next_comm=sshd next_pid=562 next_prio=120
            sshd-562     [000] d.... 20056.353338: sched_switch: prev_comm=sshd prev_pid=562 prev_prio=120 prev_state=S ==> next_comm=swapper/0 next_pid=0 next_prio=120
          <idle>-0       [002] dns.. 20056.371740: sched_wakeup: comm=rcu_sched pid=15 prio=120 target_cpu=002
          <idle>-0       [002] d.... 20056.371816: sched_switch: prev_comm=swapper/2 prev_pid=0 prev_prio=120 prev_state=R ==> next_comm=rcu_sched next_pid=15 next_prio=120
       rcu_sched-15      [002] d.... 20056.371875: sched_switch: prev_comm=rcu_sched prev_pid=15 prev_prio=120 prev_state=I ==> next_comm=swapper/2 next_pid=0 next_prio=120
          <idle>-0       [002] dnH.. 20056.381788: sched_wakeup: comm=rcu_sched pid=15 prio=120 target_cpu=002
          <idle>-0       [002] d.... 20056.381859: sched_switch: prev_comm=swapper/2 prev_pid=0 prev_prio=120 prev_state=R ==> next_comm=rcu_sched next_pid=15 next_prio=120
       rcu_sched-15      [002] d.... 20056.381908: sched_switch: prev_comm=rcu_sched prev_pid=15 prev_prio=120 prev_state=I ==> next_comm=swapper/2 next_pid=0 next_prio=120
          <idle>-0       [002] dns.. 20056.401748: sched_wakeup: comm=rcu_sched pid=15 prio=120 target_cpu=002
          <idle>-0       [002] d.... 20056.401826: sched_switch: prev_comm=swapper/2 prev_pid=0 prev_prio=120 prev_state=R ==> next_comm=rcu_sched next_pid=15 next_prio=120
       rcu_sched-15      [002] d.... 20056.401912: sched_switch: prev_comm=rcu_sched prev_pid=15 prev_prio=120 prev_state=I ==> next_comm=swapper/2 next_pid=0 next_prio=120
          <idle>-0       [002] dns.. 20056.421753: sched_wakeup: comm=rcu_sched pid=15 prio=120 target_cpu=002
          <idle>-0       [002] d.... 20056.421828: sched_switch: prev_comm=swapper/2 prev_pid=0 prev_prio=120 prev_state=R ==> next_comm=rcu_sched next_pid=15 next_prio=120
       rcu_sched-15      [002] d.... 20056.421889: sched_switch: prev_comm=rcu_sched prev_pid=15 prev_prio=120 prev_state=I ==> next_comm=swapper/2 next_pid=0 next_prio=120
          <idle>-0       [002] dnH.. 20056.431804: sched_wakeup: comm=rcu_sched pid=15 prio=120 target_cpu=002
          <idle>-0       [002] d.... 20056.431873: sched_switch: prev_comm=swapper/2 prev_pid=0 prev_prio=120 prev_state=R ==> next_comm=rcu_sched next_pid=15 next_prio=120
       rcu_sched-15      [002] d.... 20056.431929: sched_switch: prev_comm=rcu_sched prev_pid=15 prev_prio=120 prev_state=I ==> next_comm=swapper/2 next_pid=0 next_prio=120
          <idle>-0       [002] dns.. 20056.451738: sched_wakeup: comm=rcu_sched pid=15 prio=120 target_cpu=002
          <idle>-0       [002] d.... 20056.451813: sched_switch: prev_comm=swapper/2 prev_pid=0 prev_prio=120 prev_state=R ==> next_comm=rcu_sched next_pid=15 next_prio=120
       rcu_sched-15      [002] d.... 20056.451871: sched_switch: prev_comm=rcu_sched prev_pid=15 prev_prio=120 prev_state=I ==> next_comm=swapper/2 next_pid=0 next_prio=120
          <idle>-0       [001] dns.. 20056.541684: sched_wakeup: comm=kworker/1:0 pid=592 prio=120 target_cpu=001
          <idle>-0       [001] d.... 20056.541750: sched_switch: prev_comm=swapper/1 prev_pid=0 prev_prio=120 prev_state=R ==> next_comm=kworker/1:0 next_pid=592 next_prio=120
     kworker/1:0-592     [001] d.... 20056.541808: sched_switch: prev_comm=kworker/1:0 prev_pid=592 prev_prio=120 prev_state=I ==> next_comm=swapper/1 next_pid=0 next_prio=120
          <idle>-0       [000] dnH.. 20056.651739: sched_wakeup: comm=kcompactd0 pid=44 prio=120 target_cpu=000
          <idle>-0       [000] d.... 20056.651864: sched_switch: prev_comm=swapper/0 prev_pid=0 prev_prio=120 prev_state=R ==> next_comm=kcompactd0 next_pid=44 next_prio=120
      kcompactd0-44      [000] d.... 20056.651939: sched_switch: prev_comm=kcompactd0 prev_pid=44 prev_prio=120 prev_state=S ==> next_comm=swapper/0 next_pid=0 next_prio=120
          <idle>-0       [001] dns.. 20056.731683: sched_wakeup: comm=kworker/1:0 pid=592 prio=120 target_cpu=001
          <idle>-0       [001] d.... 20056.731740: sched_switch: prev_comm=swapper/1 prev_pid=0 prev_prio=120 prev_state=R ==> next_comm=kworker/1:0 next_pid=592 next_prio=120
     kworker/1:0-592     [001] d.... 20056.731831: sched_switch: prev_comm=kworker/1:0 prev_pid=592 prev_prio=120 prev_state=I ==> next_comm=swapper/1 next_pid=0 next_prio=120
          <idle>-0       [001] dns.. 20056.751669: sched_wakeup: comm=kworker/1:0 pid=592 prio=120 target_cpu=001
          <idle>-0       [001] d.... 20056.751711: sched_switch: prev_comm=swapper/1 prev_pid=0 prev_prio=120 prev_state=R ==> next_comm=kworker/1:0 next_pid=592 next_prio=120
     kworker/1:0-592     [001] d.... 20056.751756: sched_switch: prev_comm=kworker/1:0 prev_pid=592 prev_prio=120 prev_state=I ==> next_comm=swapper/1 next_pid=0 next_prio=120
          <idle>-0       [003] dns.. 20056.841699: sched_wakeup: comm=kworker/u16:0 pid=419 prio=120 target_cpu=003
          <idle>-0       [003] d.... 20056.841760: sched_switch: prev_comm=swapper/3 prev_pid=0 prev_prio=120 prev_state=R ==> next_comm=kworker/u16:0 next_pid=419 next_prio=120
   kworker/u16:0-419     [003] d.... 20056.841840: sched_switch: prev_comm=kworker/u16:0 prev_pid=419 prev_prio=120 prev_state=I ==> next_comm=swapper/3 next_pid=0 next_prio=120
          <idle>-0       [000] dnh.. 20056.931100: sched_wakeup: comm=sshd pid=562 prio=120 target_cpu=000
          <idle>-0       [000] d.... 20056.931276: sched_switch: prev_comm=swapper/0 prev_pid=0 prev_prio=120 prev_state=R ==> next_comm=sshd next_pid=562 next_prio=120
          <idle>-0       [003] dnh.. 20056.932361: sched_wakeup: comm=kworker/u16:0 pid=419 prio=120 target_cpu=003
            sshd-562     [000] d.... 20056.932390: sched_switch: prev_comm=sshd prev_pid=562 prev_prio=120 prev_state=S ==> next_comm=swapper/0 next_pid=0 next_prio=120
          <idle>-0       [003] d.... 20056.932454: sched_switch: prev_comm=swapper/3 prev_pid=0 prev_prio=120 prev_state=R ==> next_comm=kworker/u16:0 next_pid=419 next_prio=120
          <idle>-0       [001] dnh.. 20056.932560: sched_wakeup: comm=bash pid=563 prio=120 target_cpu=001
   kworker/u16:0-419     [003] d.... 20056.932568: sched_switch: prev_comm=kworker/u16:0 prev_pid=419 prev_prio=120 prev_state=I ==> next_comm=swapper/3 next_pid=0 next_prio=120
          <idle>-0       [001] d.... 20056.932606: sched_switch: prev_comm=swapper/1 prev_pid=0 prev_prio=120 prev_state=R ==> next_comm=bash next_pid=563 next_prio=120
          <idle>-0       [003] dnh.. 20056.933019: sched_wakeup: comm=kworker/u16:0 pid=419 prio=120 target_cpu=003
          <idle>-0       [003] d.... 20056.933061: sched_switch: prev_comm=swapper/3 prev_pid=0 prev_prio=120 prev_state=R ==> next_comm=kworker/u16:0 next_pid=419 next_prio=120
            bash-563     [001] d.... 20056.933078: sched_switch: prev_comm=bash prev_pid=563 prev_prio=120 prev_state=S ==> next_comm=swapper/1 next_pid=0 next_prio=120
   kworker/u16:0-419     [003] d.... 20056.933134: sched_switch: prev_comm=kworker/u16:0 prev_pid=419 prev_prio=120 prev_state=I ==> next_comm=swapper/3 next_pid=0 next_prio=120
          <idle>-0       [000] dnh.. 20056.933223: sched_wakeup: comm=sshd pid=562 prio=120 target_cpu=000
          <idle>-0       [000] d.... 20056.933281: sched_switch: prev_comm=swapper/0 prev_pid=0 prev_prio=120 prev_state=R ==> next_comm=sshd next_pid=562 next_prio=120
            sshd-562     [000] d.... 20056.934565: sched_switch: prev_comm=sshd prev_pid=562 prev_prio=120 prev_state=S ==> next_comm=swapper/0 next_pid=0 next_prio=120
          <idle>-0       [001] dns.. 20056.961698: sched_wakeup: comm=kworker/1:0 pid=592 prio=120 target_cpu=001
          <idle>-0       [001] d.... 20056.961759: sched_switch: prev_comm=swapper/1 prev_pid=0 prev_prio=120 prev_state=R ==> next_comm=kworker/1:0 next_pid=592 next_prio=120
     kworker/1:0-592     [001] d.... 20056.961813: sched_switch: prev_comm=kworker/1:0 prev_pid=592 prev_prio=120 prev_state=I ==> next_comm=swapper/1 next_pid=0 next_prio=120
          <idle>-0       [002] dns.. 20056.971777: sched_wakeup: comm=kworker/2:0 pid=557 prio=120 target_cpu=002
          <idle>-0       [002] d.... 20056.971884: sched_switch: prev_comm=swapper/2 prev_pid=0 prev_prio=120 prev_state=R ==> next_comm=kworker/2:0 next_pid=557 next_prio=120
     kworker/2:0-557     [002] d.... 20056.971985: sched_switch: prev_comm=kworker/2:0 prev_pid=557 prev_prio=120 prev_state=I ==> next_comm=swapper/2 next_pid=0 next_prio=120
          <idle>-0       [001] dns.. 20057.151678: sched_wakeup: comm=kworker/1:0 pid=592 prio=120 target_cpu=001
          <idle>-0       [001] d.... 20057.151733: sched_switch: prev_comm=swapper/1 prev_pid=0 prev_prio=120 prev_state=R ==> next_comm=kworker/1:0 next_pid=592 next_prio=120
          <idle>-0       [000] dns.. 20057.151771: sched_wakeup: comm=kworker/0:2 pid=568 prio=120 target_cpu=000
     kworker/1:0-592     [001] d.... 20057.151773: sched_switch: prev_comm=kworker/1:0 prev_pid=592 prev_prio=120 prev_state=I ==> next_comm=swapper/1 next_pid=0 next_prio=120
          <idle>-0       [000] d.... 20057.151890: sched_switch: prev_comm=swapper/0 prev_pid=0 prev_prio=120 prev_state=R ==> next_comm=kworker/0:2 next_pid=568 next_prio=120
     kworker/0:2-568     [000] d.... 20057.152038: sched_switch: prev_comm=kworker/0:2 prev_pid=568 prev_prio=120 prev_state=I ==> next_comm=swapper/0 next_pid=0 next_prio=120
          <idle>-0       [003] dnh.. 20057.152057: sched_wakeup: comm=kworker/3:1 pid=570 prio=120 target_cpu=003
          <idle>-0       [003] d.... 20057.152208: sched_switch: prev_comm=swapper/3 prev_pid=0 prev_prio=120 prev_state=R ==> next_comm=kworker/3:1 next_pid=570 next_prio=120
     kworker/3:1-570     [003] d.... 20057.152302: sched_switch: prev_comm=kworker/3:1 prev_pid=570 prev_prio=120 prev_state=I ==> next_comm=swapper/3 next_pid=0 next_prio=120
          <idle>-0       [000] dns.. 20057.161750: sched_wakeup: comm=kcompactd0 pid=44 prio=120 target_cpu=000
          <idle>-0       [000] d.... 20057.161834: sched_switch: prev_comm=swapper/0 prev_pid=0 prev_prio=120 prev_state=R ==> next_comm=kcompactd0 next_pid=44 next_prio=120
      kcompactd0-44      [000] d.... 20057.161897: sched_switch: prev_comm=kcompactd0 prev_pid=44 prev_prio=120 prev_state=S ==> next_comm=swapper/0 next_pid=0 next_prio=120
          <idle>-0       [001] dns.. 20057.171685: sched_wakeup: comm=kworker/1:0 pid=592 prio=120 target_cpu=001
          <idle>-0       [001] d.... 20057.171726: sched_switch: prev_comm=swapper/1 prev_pid=0 prev_prio=120 prev_state=R ==> next_comm=kworker/1:0 next_pid=592 next_prio=120
     kworker/1:0-592     [001] d.... 20057.171770: sched_switch: prev_comm=kworker/1:0 prev_pid=592 prev_prio=120 prev_state=I ==> next_comm=swapper/1 next_pid=0 next_prio=120
          <idle>-0       [000] dnh.. 20057.265422: sched_wakeup: comm=sshd pid=562 prio=120 target_cpu=000
          <idle>-0       [000] d.... 20057.265504: sched_switch: prev_comm=swapper/0 prev_pid=0 prev_prio=120 prev_state=R ==> next_comm=sshd next_pid=562 next_prio=120
          <idle>-0       [003] dnh.. 20057.266098: sched_wakeup: comm=kworker/u16:0 pid=419 prio=120 target_cpu=003
            sshd-562     [000] d.... 20057.266159: sched_switch: prev_comm=sshd prev_pid=562 prev_prio=120 prev_state=S ==> next_comm=swapper/0 next_pid=0 next_prio=120
          <idle>-0       [003] d.... 20057.266168: sched_switch: prev_comm=swapper/3 prev_pid=0 prev_prio=120 prev_state=R ==> next_comm=kworker/u16:0 next_pid=419 next_prio=120
          <idle>-0       [001] dnh.. 20057.266265: sched_wakeup: comm=bash pid=563 prio=120 target_cpu=001
   kworker/u16:0-419     [003] d.... 20057.266267: sched_switch: prev_comm=kworker/u16:0 prev_pid=419 prev_prio=120 prev_state=I ==> next_comm=swapper/3 next_pid=0 next_prio=120
          <idle>-0       [001] d.... 20057.266311: sched_switch: prev_comm=swapper/1 prev_pid=0 prev_prio=120 prev_state=R ==> next_comm=bash next_pid=563 next_prio=120
          <idle>-0       [003] dnh.. 20057.267005: sched_wakeup: comm=kworker/u16:0 pid=419 prio=120 target_cpu=003
          <idle>-0       [003] d.... 20057.267047: sched_switch: prev_comm=swapper/3 prev_pid=0 prev_prio=120 prev_state=R ==> next_comm=kworker/u16:0 next_pid=419 next_prio=120
   kworker/u16:0-419     [003] d.... 20057.267126: sched_switch: prev_comm=kworker/u16:0 prev_pid=419 prev_prio=120 prev_state=I ==> next_comm=swapper/3 next_pid=0 next_prio=120
          <idle>-0       [000] dnh.. 20057.267215: sched_wakeup: comm=sshd pid=562 prio=120 target_cpu=000
            bash-563     [001] d.... 20057.267245: sched_switch: prev_comm=bash prev_pid=563 prev_prio=120 prev_state=S ==> next_comm=swapper/1 next_pid=0 next_prio=120
          <idle>-0       [000] d.... 20057.267268: sched_switch: prev_comm=swapper/0 prev_pid=0 prev_prio=120 prev_state=R ==> next_comm=sshd next_pid=562 next_prio=120
            sshd-562     [000] d.... 20057.268254: sched_switch: prev_comm=sshd prev_pid=562 prev_prio=120 prev_state=S ==> next_comm=swapper/0 next_pid=0 next_prio=120
          <idle>-0       [001] dns.. 20057.371692: sched_wakeup: comm=kworker/1:0 pid=592 prio=120 target_cpu=001
          <idle>-0       [001] d.... 20057.371761: sched_switch: prev_comm=swapper/1 prev_pid=0 prev_prio=120 prev_state=R ==> next_comm=kworker/1:0 next_pid=592 next_prio=120
     kworker/1:0-592     [001] d.h.. 20057.371830: sched_wakeup: comm=kworker/1:0 pid=592 prio=120 target_cpu=001
     kworker/1:0-592     [001] d.... 20057.371904: sched_switch: prev_comm=kworker/1:0 prev_pid=592 prev_prio=120 prev_state=I ==> next_comm=swapper/1 next_pid=0 next_prio=120
          <idle>-0       [001] dns.. 20057.381676: sched_wakeup: comm=kworker/1:0 pid=592 prio=120 target_cpu=001
          <idle>-0       [001] d.... 20057.381702: sched_switch: prev_comm=swapper/1 prev_pid=0 prev_prio=120 prev_state=R ==> next_comm=kworker/1:0 next_pid=592 next_prio=120
     kworker/1:0-592     [001] d.... 20057.381750: sched_switch: prev_comm=kworker/1:0 prev_pid=592 prev_prio=120 prev_state=I ==> next_comm=swapper/1 next_pid=0 next_prio=120
          <idle>-0       [000] dnh.. 20057.446527: sched_wakeup: comm=sshd pid=562 prio=120 target_cpu=000
          <idle>-0       [000] d.... 20057.446617: sched_switch: prev_comm=swapper/0 prev_pid=0 prev_prio=120 prev_state=R ==> next_comm=sshd next_pid=562 next_prio=120
          <idle>-0       [003] dnh.. 20057.447404: sched_wakeup: comm=kworker/u16:0 pid=419 prio=120 target_cpu=003
            sshd-562     [000] d.... 20057.447454: sched_switch: prev_comm=sshd prev_pid=562 prev_prio=120 prev_state=S ==> next_comm=swapper/0 next_pid=0 next_prio=120
          <idle>-0       [003] d.... 20057.447471: sched_switch: prev_comm=swapper/3 prev_pid=0 prev_prio=120 prev_state=R ==> next_comm=kworker/u16:0 next_pid=419 next_prio=120
          <idle>-0       [001] dnh.. 20057.447561: sched_wakeup: comm=bash pid=563 prio=120 target_cpu=001
   kworker/u16:0-419     [003] d.... 20057.447566: sched_switch: prev_comm=kworker/u16:0 prev_pid=419 prev_prio=120 prev_state=I ==> next_comm=swapper/3 next_pid=0 next_prio=120
          <idle>-0       [001] d.... 20057.447603: sched_switch: prev_comm=swapper/1 prev_pid=0 prev_prio=120 prev_state=R ==> next_comm=bash next_pid=563 next_prio=120
          <idle>-0       [003] dnh.. 20057.447972: sched_wakeup: comm=kworker/u16:0 pid=419 prio=120 target_cpu=003
          <idle>-0       [003] d.... 20057.448021: sched_switch: prev_comm=swapper/3 prev_pid=0 prev_prio=120 prev_state=R ==> next_comm=kworker/u16:0 next_pid=419 next_prio=120
            bash-563     [001] d.... 20057.448030: sched_switch: prev_comm=bash prev_pid=563 prev_prio=120 prev_state=S ==> next_comm=swapper/1 next_pid=0 next_prio=120
   kworker/u16:0-419     [003] d.... 20057.448102: sched_switch: prev_comm=kworker/u16:0 prev_pid=419 prev_prio=120 prev_state=I ==> next_comm=swapper/3 next_pid=0 next_prio=120
          <idle>-0       [000] dnh.. 20057.448174: sched_wakeup: comm=sshd pid=562 prio=120 target_cpu=000
          <idle>-0       [000] d.... 20057.448228: sched_switch: prev_comm=swapper/0 prev_pid=0 prev_prio=120 prev_state=R ==> next_comm=sshd next_pid=562 next_prio=120
            sshd-562     [000] d.... 20057.449282: sched_switch: prev_comm=sshd prev_pid=562 prev_prio=120 prev_state=S ==> next_comm=swapper/0 next_pid=0 next_prio=120
          <idle>-0       [001] dns.. 20057.591704: sched_wakeup: comm=kworker/1:0 pid=592 prio=120 target_cpu=001
          <idle>-0       [001] d.... 20057.591772: sched_switch: prev_comm=swapper/1 prev_pid=0 prev_prio=120 prev_state=R ==> next_comm=kworker/1:0 next_pid=592 next_prio=120
     kworker/1:0-592     [001] d.... 20057.591830: sched_switch: prev_comm=kworker/1:0 prev_pid=592 prev_prio=120 prev_state=I ==> next_comm=swapper/1 next_pid=0 next_prio=120
          <idle>-0       [000] dnh.. 20057.646176: sched_wakeup: comm=sshd pid=562 prio=120 target_cpu=000
          <idle>-0       [000] d.... 20057.646276: sched_switch: prev_comm=swapper/0 prev_pid=0 prev_prio=120 prev_state=R ==> next_comm=sshd next_pid=562 next_prio=120
          <idle>-0       [003] dnh.. 20057.647091: sched_wakeup: comm=kworker/u16:0 pid=419 prio=120 target_cpu=003
          <idle>-0       [003] d.... 20057.647127: sched_switch: prev_comm=swapper/3 prev_pid=0 prev_prio=120 prev_state=R ==> next_comm=kworker/u16:0 next_pid=419 next_prio=120
   kworker/u16:0-419     [003] d.... 20057.647181: sched_switch: prev_comm=kworker/u16:0 prev_pid=419 prev_prio=120 prev_state=I ==> next_comm=swapper/3 next_pid=0 next_prio=120
          <idle>-0       [001] dnh.. 20057.647195: sched_wakeup: comm=bash pid=563 prio=120 target_cpu=001
          <idle>-0       [001] d.... 20057.647232: sched_switch: prev_comm=swapper/1 prev_pid=0 prev_prio=120 prev_state=R ==> next_comm=bash next_pid=563 next_prio=120
            sshd-562     [000] d.... 20057.647326: sched_switch: prev_comm=sshd prev_pid=562 prev_prio=120 prev_state=S ==> next_comm=swapper/0 next_pid=0 next_prio=120
          <idle>-0       [003] dnh.. 20057.647532: sched_wakeup: comm=kworker/u16:0 pid=419 prio=120 target_cpu=003
          <idle>-0       [003] d.... 20057.647554: sched_switch: prev_comm=swapper/3 prev_pid=0 prev_prio=120 prev_state=R ==> next_comm=kworker/u16:0 next_pid=419 next_prio=120
   kworker/u16:0-419     [003] d.... 20057.647595: sched_switch: prev_comm=kworker/u16:0 prev_pid=419 prev_prio=120 prev_state=I ==> next_comm=swapper/3 next_pid=0 next_prio=120
            bash-563     [001] d.... 20057.647609: sched_switch: prev_comm=bash prev_pid=563 prev_prio=120 prev_state=S ==> next_comm=swapper/1 next_pid=0 next_prio=120
          <idle>-0       [000] dnh.. 20057.647643: sched_wakeup: comm=sshd pid=562 prio=120 target_cpu=000
          <idle>-0       [000] d.... 20057.647675: sched_switch: prev_comm=swapper/0 prev_pid=0 prev_prio=120 prev_state=R ==> next_comm=sshd next_pid=562 next_prio=120
            sshd-562     [000] d.... 20057.648265: sched_switch: prev_comm=sshd prev_pid=562 prev_prio=120 prev_state=S ==> next_comm=swapper/0 next_pid=0 next_prio=120
          <idle>-0       [000] dns.. 20057.671724: sched_wakeup: comm=kcompactd0 pid=44 prio=120 target_cpu=000
          <idle>-0       [000] d.... 20057.671791: sched_switch: prev_comm=swapper/0 prev_pid=0 prev_prio=120 prev_state=R ==> next_comm=kcompactd0 next_pid=44 next_prio=120
      kcompactd0-44      [000] d.... 20057.671825: sched_switch: prev_comm=kcompactd0 prev_pid=44 prev_prio=120 prev_state=S ==> next_comm=swapper/0 next_pid=0 next_prio=120
          <idle>-0       [001] dns.. 20057.771704: sched_wakeup: comm=kworker/1:0 pid=592 prio=120 target_cpu=001
          <idle>-0       [001] d.... 20057.771784: sched_switch: prev_comm=swapper/1 prev_pid=0 prev_prio=120 prev_state=R ==> next_comm=kworker/1:0 next_pid=592 next_prio=120
     kworker/1:0-592     [001] d.... 20057.771890: sched_switch: prev_comm=kworker/1:0 prev_pid=592 prev_prio=120 prev_state=I ==> next_comm=swapper/1 next_pid=0 next_prio=120
          <idle>-0       [000] dns.. 20057.801721: sched_wakeup: comm=kworker/0:2 pid=568 prio=120 target_cpu=000
          <idle>-0       [000] d.... 20057.801789: sched_switch: prev_comm=swapper/0 prev_pid=0 prev_prio=120 prev_state=R ==> next_comm=kworker/0:2 next_pid=568 next_prio=120
     kworker/0:2-568     [000] d.... 20057.801847: sched_switch: prev_comm=kworker/0:2 prev_pid=568 prev_prio=120 prev_state=I ==> next_comm=swapper/0 next_pid=0 next_prio=120
          <idle>-0       [000] dnh.. 20057.849516: sched_wakeup: comm=sshd pid=562 prio=120 target_cpu=000
          <idle>-0       [000] d.... 20057.849568: sched_switch: prev_comm=swapper/0 prev_pid=0 prev_prio=120 prev_state=R ==> next_comm=sshd next_pid=562 next_prio=120
          <idle>-0       [003] dnh.. 20057.850089: sched_wakeup: comm=kworker/u16:0 pid=419 prio=120 target_cpu=003
            sshd-562     [000] d.... 20057.850136: sched_switch: prev_comm=sshd prev_pid=562 prev_prio=120 prev_state=S ==> next_comm=swapper/0 next_pid=0 next_prio=120
          <idle>-0       [003] d.... 20057.850260: sched_switch: prev_comm=swapper/3 prev_pid=0 prev_prio=120 prev_state=R ==> next_comm=kworker/u16:0 next_pid=419 next_prio=120
          <idle>-0       [001] dnh.. 20057.850352: sched_wakeup: comm=bash pid=563 prio=120 target_cpu=001
   kworker/u16:0-419     [003] d.... 20057.850357: sched_switch: prev_comm=kworker/u16:0 prev_pid=419 prev_prio=120 prev_state=I ==> next_comm=swapper/3 next_pid=0 next_prio=120
          <idle>-0       [001] d.... 20057.850398: sched_switch: prev_comm=swapper/1 prev_pid=0 prev_prio=120 prev_state=R ==> next_comm=bash next_pid=563 next_prio=120
          <idle>-0       [003] dnh.. 20057.850743: sched_wakeup: comm=kworker/u16:0 pid=419 prio=120 target_cpu=003
          <idle>-0       [003] d.... 20057.850784: sched_switch: prev_comm=swapper/3 prev_pid=0 prev_prio=120 prev_state=R ==> next_comm=kworker/u16:0 next_pid=419 next_prio=120
            bash-563     [001] d.... 20057.850802: sched_switch: prev_comm=bash prev_pid=563 prev_prio=120 prev_state=S ==> next_comm=swapper/1 next_pid=0 next_prio=120
   kworker/u16:0-419     [003] d.... 20057.850860: sched_switch: prev_comm=kworker/u16:0 prev_pid=419 prev_prio=120 prev_state=I ==> next_comm=swapper/3 next_pid=0 next_prio=120
          <idle>-0       [000] dnh.. 20057.850873: sched_wakeup: comm=sshd pid=562 prio=120 target_cpu=000
          <idle>-0       [000] d.... 20057.850897: sched_switch: prev_comm=swapper/0 prev_pid=0 prev_prio=120 prev_state=R ==> next_comm=sshd next_pid=562 next_prio=120
            sshd-562     [000] d.... 20057.851510: sched_switch: prev_comm=sshd prev_pid=562 prev_prio=120 prev_state=S ==> next_comm=swapper/0 next_pid=0 next_prio=120
          <idle>-0       [000] dns.. 20058.011703: sched_wakeup: comm=kworker/0:2 pid=568 prio=120 target_cpu=000
          <idle>-0       [003] dns.. 20058.011768: sched_wakeup: comm=kworker/3:1 pid=570 prio=120 target_cpu=003
          <idle>-0       [000] d.... 20058.011786: sched_switch: prev_comm=swapper/0 prev_pid=0 prev_prio=120 prev_state=R ==> next_comm=kworker/0:2 next_pid=568 next_prio=120
     kworker/0:2-568     [000] d.... 20058.011846: sched_switch: prev_comm=kworker/0:2 prev_pid=568 prev_prio=120 prev_state=I ==> next_comm=swapper/0 next_pid=0 next_prio=120
          <idle>-0       [003] d.... 20058.011871: sched_switch: prev_comm=swapper/3 prev_pid=0 prev_prio=120 prev_state=R ==> next_comm=kworker/3:1 next_pid=570 next_prio=120
     kworker/3:1-570     [003] d.... 20058.011948: sched_switch: prev_comm=kworker/3:1 prev_pid=570 prev_prio=120 prev_state=I ==> next_comm=swapper/3 next_pid=0 next_prio=120
          <idle>-0       [000] dnh.. 20058.068247: sched_wakeup: comm=sshd pid=562 prio=120 target_cpu=000
          <idle>-0       [000] d.... 20058.068324: sched_switch: prev_comm=swapper/0 prev_pid=0 prev_prio=120 prev_state=R ==> next_comm=sshd next_pid=562 next_prio=120
          <idle>-0       [003] dnh.. 20058.069350: sched_wakeup: comm=kworker/u16:0 pid=419 prio=120 target_cpu=003
            sshd-562     [000] d.... 20058.069410: sched_switch: prev_comm=sshd prev_pid=562 prev_prio=120 prev_state=S ==> next_comm=swapper/0 next_pid=0 next_prio=120
          <idle>-0       [003] d.... 20058.069479: sched_switch: prev_comm=swapper/3 prev_pid=0 prev_prio=120 prev_state=R ==> next_comm=kworker/u16:0 next_pid=419 next_prio=120
          <idle>-0       [001] dnh.. 20058.069598: sched_wakeup: comm=bash pid=563 prio=120 target_cpu=001
   kworker/u16:0-419     [003] d.... 20058.069607: sched_switch: prev_comm=kworker/u16:0 prev_pid=419 prev_prio=120 prev_state=I ==> next_comm=swapper/3 next_pid=0 next_prio=120
          <idle>-0       [001] d.... 20058.069636: sched_switch: prev_comm=swapper/1 prev_pid=0 prev_prio=120 prev_state=R ==> next_comm=bash next_pid=563 next_prio=120
            bash-563     [001] d.... 20058.069934: sched_switch: prev_comm=bash prev_pid=563 prev_prio=120 prev_state=S ==> next_comm=swapper/1 next_pid=0 next_prio=120
          <idle>-0       [000] dns.. 20058.111778: sched_wakeup: comm=kworker/0:2 pid=568 prio=120 target_cpu=000
          <idle>-0       [000] dns.. 20058.112115: sched_wakeup: comm=ksoftirqd/0 pid=14 prio=120 target_cpu=000
          <idle>-0       [000] d.... 20058.112158: sched_switch: prev_comm=swapper/0 prev_pid=0 prev_prio=120 prev_state=R ==> next_comm=ksoftirqd/0 next_pid=14 next_prio=120
     ksoftirqd/0-14      [000] d.... 20058.112252: sched_switch: prev_comm=ksoftirqd/0 prev_pid=14 prev_prio=120 prev_state=S ==> next_comm=kworker/0:2 next_pid=568 next_prio=120
     kworker/0:2-568     [000] d.... 20058.112342: sched_switch: prev_comm=kworker/0:2 prev_pid=568 prev_prio=120 prev_state=I ==> next_comm=swapper/0 next_pid=0 next_prio=120
          <idle>-0       [000] dns.. 20058.181764: sched_wakeup: comm=kcompactd0 pid=44 prio=120 target_cpu=000
          <idle>-0       [000] d.... 20058.181887: sched_switch: prev_comm=swapper/0 prev_pid=0 prev_prio=120 prev_state=R ==> next_comm=kcompactd0 next_pid=44 next_prio=120
      kcompactd0-44      [000] d.... 20058.181954: sched_switch: prev_comm=kcompactd0 prev_pid=44 prev_prio=120 prev_state=S ==> next_comm=swapper/0 next_pid=0 next_prio=120
          <idle>-0       [000] dns.. 20058.221760: sched_wakeup: comm=kworker/0:2 pid=568 prio=120 target_cpu=000
          <idle>-0       [000] d.... 20058.221876: sched_switch: prev_comm=swapper/0 prev_pid=0 prev_prio=120 prev_state=R ==> next_comm=kworker/0:2 next_pid=568 next_prio=120
     kworker/0:2-568     [000] d.... 20058.221975: sched_switch: prev_comm=kworker/0:2 prev_pid=568 prev_prio=120 prev_state=I ==> next_comm=swapper/0 next_pid=0 next_prio=120
          <idle>-0       [003] dns.. 20058.251782: sched_wakeup: comm=kworker/u16:0 pid=419 prio=120 target_cpu=003
          <idle>-0       [003] d.... 20058.251900: sched_switch: prev_comm=swapper/3 prev_pid=0 prev_prio=120 prev_state=R ==> next_comm=kworker/u16:0 next_pid=419 next_prio=120
   kworker/u16:0-419     [003] d.... 20058.252022: sched_switch: prev_comm=kworker/u16:0 prev_pid=419 prev_prio=120 prev_state=I ==> next_comm=swapper/3 next_pid=0 next_prio=120
          <idle>-0       [000] dns.. 20058.431778: sched_wakeup: comm=kworker/0:2 pid=568 prio=120 target_cpu=000
          <idle>-0       [000] d.... 20058.431902: sched_switch: prev_comm=swapper/0 prev_pid=0 prev_prio=120 prev_state=R ==> next_comm=kworker/0:2 next_pid=568 next_prio=120
     kworker/0:2-568     [000] d.... 20058.431976: sched_switch: prev_comm=kworker/0:2 prev_pid=568 prev_prio=120 prev_state=I ==> next_comm=swapper/0 next_pid=0 next_prio=120
          <idle>-0       [000] dnh.. 20058.567823: sched_wakeup: comm=sshd pid=562 prio=120 target_cpu=000
          <idle>-0       [000] dns.. 20058.568026: sched_wakeup: comm=ksoftirqd/0 pid=14 prio=120 target_cpu=000
          <idle>-0       [000] d.... 20058.568103: sched_switch: prev_comm=swapper/0 prev_pid=0 prev_prio=120 prev_state=R ==> next_comm=ksoftirqd/0 next_pid=14 next_prio=120
     ksoftirqd/0-14      [000] d.... 20058.568209: sched_switch: prev_comm=ksoftirqd/0 prev_pid=14 prev_prio=120 prev_state=S ==> next_comm=sshd next_pid=562 next_prio=120
          <idle>-0       [003] dnh.. 20058.569012: sched_wakeup: comm=kworker/u16:0 pid=419 prio=120 target_cpu=003
          <idle>-0       [003] d.... 20058.569099: sched_switch: prev_comm=swapper/3 prev_pid=0 prev_prio=120 prev_state=R ==> next_comm=kworker/u16:0 next_pid=419 next_prio=120
            sshd-562     [000] d.... 20058.569217: sched_switch: prev_comm=sshd prev_pid=562 prev_prio=120 prev_state=S ==> next_comm=swapper/0 next_pid=0 next_prio=120
          <idle>-0       [001] dnh.. 20058.569232: sched_wakeup: comm=bash pid=563 prio=120 target_cpu=001
          <idle>-0       [001] d.... 20058.569269: sched_switch: prev_comm=swapper/1 prev_pid=0 prev_prio=120 prev_state=R ==> next_comm=bash next_pid=563 next_prio=120
   kworker/u16:0-419     [003] d.... 20058.569282: sched_switch: prev_comm=kworker/u16:0 prev_pid=419 prev_prio=120 prev_state=I ==> next_comm=swapper/3 next_pid=0 next_prio=120
          <idle>-0       [003] dnh.. 20058.571088: sched_wakeup: comm=kworker/u16:0 pid=419 prio=120 target_cpu=003
          <idle>-0       [003] d.... 20058.571130: sched_switch: prev_comm=swapper/3 prev_pid=0 prev_prio=120 prev_state=R ==> next_comm=kworker/u16:0 next_pid=419 next_prio=120
   kworker/u16:0-419     [003] d.... 20058.571218: sched_switch: prev_comm=kworker/u16:0 prev_pid=419 prev_prio=120 prev_state=I ==> next_comm=swapper/3 next_pid=0 next_prio=120
            bash-563     [001] d.... 20058.571247: sched_switch: prev_comm=bash prev_pid=563 prev_prio=120 prev_state=S ==> next_comm=swapper/1 next_pid=0 next_prio=120
          <idle>-0       [000] dnh.. 20058.571291: sched_wakeup: comm=sshd pid=562 prio=120 target_cpu=000
          <idle>-0       [000] d.... 20058.571348: sched_switch: prev_comm=swapper/0 prev_pid=0 prev_prio=120 prev_state=R ==> next_comm=sshd next_pid=562 next_prio=120
            sshd-562     [000] d.... 20058.572572: sched_switch: prev_comm=sshd prev_pid=562 prev_prio=120 prev_state=S ==> next_comm=swapper/0 next_pid=0 next_prio=120
          <idle>-0       [000] dnh.. 20058.607393: sched_wakeup: comm=sshd pid=562 prio=120 target_cpu=000
          <idle>-0       [000] d.... 20058.607479: sched_switch: prev_comm=swapper/0 prev_pid=0 prev_prio=120 prev_state=R ==> next_comm=sshd next_pid=562 next_prio=120
          <idle>-0       [003] dnh.. 20058.608305: sched_wakeup: comm=kworker/u16:0 pid=419 prio=120 target_cpu=003
          <idle>-0       [003] d.... 20058.608342: sched_switch: prev_comm=swapper/3 prev_pid=0 prev_prio=120 prev_state=R ==> next_comm=kworker/u16:0 next_pid=419 next_prio=120
   kworker/u16:0-419     [003] d.... 20058.608392: sched_switch: prev_comm=kworker/u16:0 prev_pid=419 prev_prio=120 prev_state=I ==> next_comm=swapper/3 next_pid=0 next_prio=120
            sshd-562     [000] d.... 20058.608413: sched_switch: prev_comm=sshd prev_pid=562 prev_prio=120 prev_state=S ==> next_comm=swapper/0 next_pid=0 next_prio=120
          <idle>-0       [001] dnh.. 20058.608415: sched_wakeup: comm=bash pid=563 prio=120 target_cpu=001
          <idle>-0       [001] d.... 20058.608455: sched_switch: prev_comm=swapper/1 prev_pid=0 prev_prio=120 prev_state=R ==> next_comm=bash next_pid=563 next_prio=120
          <idle>-0       [003] dnh.. 20058.608904: sched_wakeup: comm=kworker/u16:0 pid=419 prio=120 target_cpu=003
          <idle>-0       [003] d.... 20058.608931: sched_switch: prev_comm=swapper/3 prev_pid=0 prev_prio=120 prev_state=R ==> next_comm=kworker/u16:0 next_pid=419 next_prio=120
            bash-563     [001] d.... 20058.608952: sched_switch: prev_comm=bash prev_pid=563 prev_prio=120 prev_state=S ==> next_comm=swapper/1 next_pid=0 next_prio=120
   kworker/u16:0-419     [003] d.... 20058.608984: sched_switch: prev_comm=kworker/u16:0 prev_pid=419 prev_prio=120 prev_state=I ==> next_comm=swapper/3 next_pid=0 next_prio=120
          <idle>-0       [000] dnh.. 20058.609042: sched_wakeup: comm=sshd pid=562 prio=120 target_cpu=000
          <idle>-0       [000] d.... 20058.609069: sched_switch: prev_comm=swapper/0 prev_pid=0 prev_prio=120 prev_state=R ==> next_comm=sshd next_pid=562 next_prio=120
            sshd-562     [000] d.... 20058.609697: sched_switch: prev_comm=sshd prev_pid=562 prev_prio=120 prev_state=S ==> next_comm=swapper/0 next_pid=0 next_prio=120
          <idle>-0       [002] dns.. 20058.641715: sched_wakeup: comm=kworker/2:0 pid=557 prio=120 target_cpu=002
          <idle>-0       [002] d.... 20058.641776: sched_switch: prev_comm=swapper/2 prev_pid=0 prev_prio=120 prev_state=R ==> next_comm=kworker/2:0 next_pid=557 next_prio=120
     kworker/2:0-557     [002] d.... 20058.641838: sched_switch: prev_comm=kworker/2:0 prev_pid=557 prev_prio=120 prev_state=I ==> next_comm=swapper/2 next_pid=0 next_prio=120
          <idle>-0       [000] dns.. 20058.691762: sched_wakeup: comm=kcompactd0 pid=44 prio=120 target_cpu=000
          <idle>-0       [000] d.... 20058.691901: sched_switch: prev_comm=swapper/0 prev_pid=0 prev_prio=120 prev_state=R ==> next_comm=kcompactd0 next_pid=44 next_prio=120
      kcompactd0-44      [000] d.... 20058.691976: sched_switch: prev_comm=kcompactd0 prev_pid=44 prev_prio=120 prev_state=S ==> next_comm=swapper/0 next_pid=0 next_prio=120
          <idle>-0       [000] dnh.. 20058.743623: sched_wakeup: comm=sshd pid=562 prio=120 target_cpu=000
          <idle>-0       [000] d.... 20058.743706: sched_switch: prev_comm=swapper/0 prev_pid=0 prev_prio=120 prev_state=R ==> next_comm=sshd next_pid=562 next_prio=120
          <idle>-0       [003] dnh.. 20058.744699: sched_wakeup: comm=kworker/u16:0 pid=419 prio=120 target_cpu=003
            sshd-562     [000] d.... 20058.744748: sched_switch: prev_comm=sshd prev_pid=562 prev_prio=120 prev_state=S ==> next_comm=swapper/0 next_pid=0 next_prio=120
          <idle>-0       [003] d.... 20058.744779: sched_switch: prev_comm=swapper/3 prev_pid=0 prev_prio=120 prev_state=R ==> next_comm=kworker/u16:0 next_pid=419 next_prio=120
   kworker/u16:0-419     [003] d.... 20058.744885: sched_switch: prev_comm=kworker/u16:0 prev_pid=419 prev_prio=120 prev_state=I ==> next_comm=swapper/3 next_pid=0 next_prio=120
          <idle>-0       [001] dnh.. 20058.744890: sched_wakeup: comm=bash pid=563 prio=120 target_cpu=001
          <idle>-0       [001] d.... 20058.744929: sched_switch: prev_comm=swapper/1 prev_pid=0 prev_prio=120 prev_state=R ==> next_comm=bash next_pid=563 next_prio=120
          <idle>-0       [003] dnh.. 20058.745298: sched_wakeup: comm=kworker/u16:0 pid=419 prio=120 target_cpu=003
            bash-563     [001] d.... 20058.745317: sched_switch: prev_comm=bash prev_pid=563 prev_prio=120 prev_state=S ==> next_comm=swapper/1 next_pid=0 next_prio=120
          <idle>-0       [003] d.... 20058.745339: sched_switch: prev_comm=swapper/3 prev_pid=0 prev_prio=120 prev_state=R ==> next_comm=kworker/u16:0 next_pid=419 next_prio=120
   kworker/u16:0-419     [003] d.... 20058.745419: sched_switch: prev_comm=kworker/u16:0 prev_pid=419 prev_prio=120 prev_state=I ==> next_comm=swapper/3 next_pid=0 next_prio=120
          <idle>-0       [000] dnh.. 20058.745441: sched_wakeup: comm=sshd pid=562 prio=120 target_cpu=000
          <idle>-0       [000] d.... 20058.745468: sched_switch: prev_comm=swapper/0 prev_pid=0 prev_prio=120 prev_state=R ==> next_comm=sshd next_pid=562 next_prio=120
            sshd-562     [000] d.... 20058.746617: sched_switch: prev_comm=sshd prev_pid=562 prev_prio=120 prev_state=S ==> next_comm=swapper/0 next_pid=0 next_prio=120
          <idle>-0       [000] dnh.. 20058.782709: sched_wakeup: comm=sshd pid=562 prio=120 target_cpu=000
          <idle>-0       [000] d.... 20058.782751: sched_switch: prev_comm=swapper/0 prev_pid=0 prev_prio=120 prev_state=R ==> next_comm=sshd next_pid=562 next_prio=120
          <idle>-0       [003] dnh.. 20058.783226: sched_wakeup: comm=kworker/u16:0 pid=419 prio=120 target_cpu=003
            sshd-562     [000] d.... 20058.783308: sched_switch: prev_comm=sshd prev_pid=562 prev_prio=120 prev_state=S ==> next_comm=swapper/0 next_pid=0 next_prio=120
          <idle>-0       [003] d.... 20058.783379: sched_switch: prev_comm=swapper/3 prev_pid=0 prev_prio=120 prev_state=R ==> next_comm=kworker/u16:0 next_pid=419 next_prio=120
   kworker/u16:0-419     [003] d.... 20058.783485: sched_switch: prev_comm=kworker/u16:0 prev_pid=419 prev_prio=120 prev_state=I ==> next_comm=swapper/3 next_pid=0 next_prio=120
          <idle>-0       [001] dnh.. 20058.783488: sched_wakeup: comm=bash pid=563 prio=120 target_cpu=001
          <idle>-0       [001] d.... 20058.783527: sched_switch: prev_comm=swapper/1 prev_pid=0 prev_prio=120 prev_state=R ==> next_comm=bash next_pid=563 next_prio=120
          <idle>-0       [003] dnh.. 20058.783839: sched_wakeup: comm=kworker/u16:0 pid=419 prio=120 target_cpu=003
          <idle>-0       [003] d.... 20058.783860: sched_switch: prev_comm=swapper/3 prev_pid=0 prev_prio=120 prev_state=R ==> next_comm=kworker/u16:0 next_pid=419 next_prio=120
            bash-563     [001] d.... 20058.783882: sched_switch: prev_comm=bash prev_pid=563 prev_prio=120 prev_state=S ==> next_comm=swapper/1 next_pid=0 next_prio=120
   kworker/u16:0-419     [003] d.... 20058.783902: sched_switch: prev_comm=kworker/u16:0 prev_pid=419 prev_prio=120 prev_state=I ==> next_comm=swapper/3 next_pid=0 next_prio=120
          <idle>-0       [000] dnh.. 20058.783928: sched_wakeup: comm=sshd pid=562 prio=120 target_cpu=000
          <idle>-0       [000] d.... 20058.783953: sched_switch: prev_comm=swapper/0 prev_pid=0 prev_prio=120 prev_state=R ==> next_comm=sshd next_pid=562 next_prio=120
            sshd-562     [000] d.... 20058.784590: sched_switch: prev_comm=sshd prev_pid=562 prev_prio=120 prev_state=S ==> next_comm=swapper/0 next_pid=0 next_prio=120
          <idle>-0       [001] dns.. 20058.811698: sched_wakeup: comm=kworker/1:0 pid=592 prio=120 target_cpu=001
          <idle>-0       [001] d.... 20058.811766: sched_switch: prev_comm=swapper/1 prev_pid=0 prev_prio=120 prev_state=R ==> next_comm=kworker/1:0 next_pid=592 next_prio=120
     kworker/1:0-592     [001] d.... 20058.811867: sched_switch: prev_comm=kworker/1:0 prev_pid=592 prev_prio=120 prev_state=I ==> next_comm=swapper/1 next_pid=0 next_prio=120
          <idle>-0       [001] dns.. 20058.851699: sched_wakeup: comm=kworker/1:0 pid=592 prio=120 target_cpu=001
          <idle>-0       [001] d.... 20058.851752: sched_switch: prev_comm=swapper/1 prev_pid=0 prev_prio=120 prev_state=R ==> next_comm=kworker/1:0 next_pid=592 next_prio=120
     kworker/1:0-592     [001] d.... 20058.851798: sched_switch: prev_comm=kworker/1:0 prev_pid=592 prev_prio=120 prev_state=I ==> next_comm=swapper/1 next_pid=0 next_prio=120
          <idle>-0       [000] dnh.. 20058.941991: sched_wakeup: comm=sshd pid=562 prio=120 target_cpu=000
          <idle>-0       [000] d.... 20058.942073: sched_switch: prev_comm=swapper/0 prev_pid=0 prev_prio=120 prev_state=R ==> next_comm=sshd next_pid=562 next_prio=120
          <idle>-0       [003] dnh.. 20058.943126: sched_wakeup: comm=kworker/u16:0 pid=419 prio=120 target_cpu=003
            sshd-562     [000] d.... 20058.943193: sched_switch: prev_comm=sshd prev_pid=562 prev_prio=120 prev_state=S ==> next_comm=swapper/0 next_pid=0 next_prio=120
          <idle>-0       [003] d.... 20058.943209: sched_switch: prev_comm=swapper/3 prev_pid=0 prev_prio=120 prev_state=R ==> next_comm=kworker/u16:0 next_pid=419 next_prio=120
          <idle>-0       [001] dnh.. 20058.943320: sched_wakeup: comm=bash pid=563 prio=120 target_cpu=001
   kworker/u16:0-419     [003] d.... 20058.943323: sched_switch: prev_comm=kworker/u16:0 prev_pid=419 prev_prio=120 prev_state=I ==> next_comm=swapper/3 next_pid=0 next_prio=120
          <idle>-0       [001] d.... 20058.943358: sched_switch: prev_comm=swapper/1 prev_pid=0 prev_prio=120 prev_state=R ==> next_comm=bash next_pid=563 next_prio=120
          <idle>-0       [003] dnh.. 20058.943721: sched_wakeup: comm=kworker/u16:0 pid=419 prio=120 target_cpu=003
            bash-563     [001] d.... 20058.943743: sched_switch: prev_comm=bash prev_pid=563 prev_prio=120 prev_state=S ==> next_comm=swapper/1 next_pid=0 next_prio=120
          <idle>-0       [003] d.... 20058.943762: sched_switch: prev_comm=swapper/3 prev_pid=0 prev_prio=120 prev_state=R ==> next_comm=kworker/u16:0 next_pid=419 next_prio=120
   kworker/u16:0-419     [003] d.... 20058.943836: sched_switch: prev_comm=kworker/u16:0 prev_pid=419 prev_prio=120 prev_state=I ==> next_comm=swapper/3 next_pid=0 next_prio=120
          <idle>-0       [000] dnh.. 20058.943870: sched_wakeup: comm=sshd pid=562 prio=120 target_cpu=000
          <idle>-0       [000] d.... 20058.943899: sched_switch: prev_comm=swapper/0 prev_pid=0 prev_prio=120 prev_state=R ==> next_comm=sshd next_pid=562 next_prio=120
            sshd-562     [000] d.... 20058.945111: sched_switch: prev_comm=sshd prev_pid=562 prev_prio=120 prev_state=S ==> next_comm=swapper/0 next_pid=0 next_prio=120
          <idle>-0       [003] dns.. 20058.951751: sched_wakeup: comm=kworker/u16:0 pid=419 prio=120 target_cpu=003
          <idle>-0       [003] d.... 20058.951832: sched_switch: prev_comm=swapper/3 prev_pid=0 prev_prio=120 prev_state=R ==> next_comm=kworker/u16:0 next_pid=419 next_prio=120
   kworker/u16:0-419     [003] d.... 20058.951950: sched_switch: prev_comm=kworker/u16:0 prev_pid=419 prev_prio=120 prev_state=I ==> next_comm=swapper/3 next_pid=0 next_prio=120
          <idle>-0       [001] dns.. 20059.061698: sched_wakeup: comm=kworker/1:0 pid=592 prio=120 target_cpu=001
          <idle>-0       [001] d.... 20059.061755: sched_switch: prev_comm=swapper/1 prev_pid=0 prev_prio=120 prev_state=R ==> next_comm=kworker/1:0 next_pid=592 next_prio=120
     kworker/1:0-592     [001] d.... 20059.061816: sched_switch: prev_comm=kworker/1:0 prev_pid=592 prev_prio=120 prev_state=I ==> next_comm=swapper/1 next_pid=0 next_prio=120
          <idle>-0       [000] dns.. 20059.141886: sched_wakeup: comm=sshd pid=562 prio=120 target_cpu=000
          <idle>-0       [000] d.... 20059.142002: sched_switch: prev_comm=swapper/0 prev_pid=0 prev_prio=120 prev_state=R ==> next_comm=sshd next_pid=562 next_prio=120
          <idle>-0       [003] dnh.. 20059.142935: sched_wakeup: comm=kworker/u16:0 pid=419 prio=120 target_cpu=003
          <idle>-0       [003] d.... 20059.143019: sched_switch: prev_comm=swapper/3 prev_pid=0 prev_prio=120 prev_state=R ==> next_comm=kworker/u16:0 next_pid=419 next_prio=120
            sshd-562     [000] d.... 20059.143079: sched_switch: prev_comm=sshd prev_pid=562 prev_prio=120 prev_state=S ==> next_comm=swapper/0 next_pid=0 next_prio=120
          <idle>-0       [001] dnh.. 20059.143234: sched_wakeup: comm=bash pid=563 prio=120 target_cpu=001
   kworker/u16:0-419     [003] d.... 20059.143235: sched_switch: prev_comm=kworker/u16:0 prev_pid=419 prev_prio=120 prev_state=I ==> next_comm=swapper/3 next_pid=0 next_prio=120
          <idle>-0       [001] d.... 20059.143291: sched_switch: prev_comm=swapper/1 prev_pid=0 prev_prio=120 prev_state=R ==> next_comm=bash next_pid=563 next_prio=120
          <idle>-0       [003] dnh.. 20059.143498: sched_wakeup: comm=kworker/u16:0 pid=419 prio=120 target_cpu=003
          <idle>-0       [003] d.... 20059.143521: sched_switch: prev_comm=swapper/3 prev_pid=0 prev_prio=120 prev_state=R ==> next_comm=kworker/u16:0 next_pid=419 next_prio=120
   kworker/u16:0-419     [003] d.... 20059.143564: sched_switch: prev_comm=kworker/u16:0 prev_pid=419 prev_prio=120 prev_state=I ==> next_comm=swapper/3 next_pid=0 next_prio=120
          <idle>-0       [000] dnh.. 20059.143619: sched_wakeup: comm=sshd pid=562 prio=120 target_cpu=000
          <idle>-0       [000] d.... 20059.143651: sched_switch: prev_comm=swapper/0 prev_pid=0 prev_prio=120 prev_state=R ==> next_comm=sshd next_pid=562 next_prio=120
          <idle>-0       [003] dnh.. 20059.143781: sched_wakeup: comm=kworker/u16:0 pid=419 prio=120 target_cpu=003
          <idle>-0       [003] d.... 20059.143803: sched_switch: prev_comm=swapper/3 prev_pid=0 prev_prio=120 prev_state=R ==> next_comm=kworker/u16:0 next_pid=419 next_prio=120
   kworker/u16:0-419     [003] d.... 20059.143834: sched_switch: prev_comm=kworker/u16:0 prev_pid=419 prev_prio=120 prev_state=I ==> next_comm=swapper/3 next_pid=0 next_prio=120
            sshd-562     [000] d.... 20059.144708: sched_switch: prev_comm=sshd prev_pid=562 prev_prio=120 prev_state=S ==> next_comm=swapper/0 next_pid=0 next_prio=120
            bash-563     [001] ..... 20059.144863: sys_clone+0xc/0x9c <-ret_fast_syscall+0x0/0x54
            bash-563     [001] ..... 20059.144882: <stack trace>
 => sys_clone+0x10/0x9c
 => ret_fast_syscall+0x0/0x54
            bash-563     [001] ..... 20059.144886: kernel_clone+0xc/0x388 <-sys_clone+0x78/0x9c
            bash-563     [001] ..... 20059.144892: <stack trace>
 => kernel_clone+0x10/0x388
 => sys_clone+0x78/0x9c
 => ret_fast_syscall+0x0/0x54
            bash-563     [001] ..... 20059.144895: copy_process+0xc/0x16a8 <-kernel_clone+0xac/0x388
            bash-563     [001] ..... 20059.144900: <stack trace>
 => copy_process+0x10/0x16a8
 => kernel_clone+0xac/0x388
 => sys_clone+0x78/0x9c
 => ret_fast_syscall+0x0/0x54
            bash-563     [001] ..... 20059.145413: sched_process_fork: comm=bash pid=563 child_comm=bash child_pid=619
          <idle>-0       [002] d.... 20059.145529: sched_switch: prev_comm=swapper/2 prev_pid=0 prev_prio=120 prev_state=R ==> next_comm=bash next_pid=619 next_prio=120
            bash-563     [001] d.... 20059.146392: sched_switch: prev_comm=bash prev_pid=563 prev_prio=120 prev_state=S ==> next_comm=swapper/1 next_pid=0 next_prio=120
          <idle>-0       [000] dns.. 20059.151700: sched_wakeup: comm=kworker/0:2 pid=568 prio=120 target_cpu=000
          <idle>-0       [001] dnh.. 20059.151775: sched_wakeup: comm=rcu_sched pid=15 prio=120 target_cpu=001
          <idle>-0       [000] d.... 20059.151792: sched_switch: prev_comm=swapper/0 prev_pid=0 prev_prio=120 prev_state=R ==> next_comm=kworker/0:2 next_pid=568 next_prio=120
          <idle>-0       [001] d.... 20059.151810: sched_switch: prev_comm=swapper/1 prev_pid=0 prev_prio=120 prev_state=R ==> next_comm=rcu_sched next_pid=15 next_prio=120
     kworker/0:2-568     [000] d.... 20059.151831: sched_wakeup: comm=kworker/1:0 pid=592 prio=120 target_cpu=001
     kworker/0:2-568     [000] d.... 20059.151853: sched_wakeup: comm=kworker/2:0 pid=557 prio=120 target_cpu=002
       rcu_sched-15      [001] d.... 20059.151854: sched_switch: prev_comm=rcu_sched prev_pid=15 prev_prio=120 prev_state=I ==> next_comm=kworker/1:0 next_pid=592 next_prio=120
     kworker/0:2-568     [000] d.... 20059.151883: sched_switch: prev_comm=kworker/0:2 prev_pid=568 prev_prio=120 prev_state=I ==> next_comm=swapper/0 next_pid=0 next_prio=120
     kworker/1:0-592     [001] d.... 20059.151903: sched_switch: prev_comm=kworker/1:0 prev_pid=592 prev_prio=120 prev_state=I ==> next_comm=swapper/1 next_pid=0 next_prio=120
            sudo-619     [002] d.... 20059.153211: sched_switch: prev_comm=sudo prev_pid=619 prev_prio=120 prev_state=R+ ==> next_comm=kworker/2:0 next_pid=557 next_prio=120
     kworker/2:0-557     [002] d.... 20059.153264: sched_switch: prev_comm=kworker/2:0 prev_pid=557 prev_prio=120 prev_state=I ==> next_comm=sudo next_pid=619 next_prio=120
          <idle>-0       [001] dns.. 20059.171697: sched_wakeup: comm=rcu_sched pid=15 prio=120 target_cpu=001
          <idle>-0       [001] d.... 20059.171755: sched_switch: prev_comm=swapper/1 prev_pid=0 prev_prio=120 prev_state=R ==> next_comm=rcu_sched next_pid=15 next_prio=120
       rcu_sched-15      [001] d.... 20059.171800: sched_switch: prev_comm=rcu_sched prev_pid=15 prev_prio=120 prev_state=I ==> next_comm=swapper/1 next_pid=0 next_prio=120
          <idle>-0       [001] dns.. 20059.201672: sched_wakeup: comm=rcu_sched pid=15 prio=120 target_cpu=001
          <idle>-0       [000] dns.. 20059.201680: sched_wakeup: comm=kcompactd0 pid=44 prio=120 target_cpu=000
          <idle>-0       [001] d.... 20059.201727: sched_switch: prev_comm=swapper/1 prev_pid=0 prev_prio=120 prev_state=R ==> next_comm=rcu_sched next_pid=15 next_prio=120
          <idle>-0       [000] d.... 20059.201738: sched_switch: prev_comm=swapper/0 prev_pid=0 prev_prio=120 prev_state=R ==> next_comm=kcompactd0 next_pid=44 next_prio=120
       rcu_sched-15      [001] d.... 20059.201765: sched_switch: prev_comm=rcu_sched prev_pid=15 prev_prio=120 prev_state=I ==> next_comm=swapper/1 next_pid=0 next_prio=120
      kcompactd0-44      [000] d.... 20059.201777: sched_switch: prev_comm=kcompactd0 prev_pid=44 prev_prio=120 prev_state=S ==> next_comm=swapper/0 next_pid=0 next_prio=120
          <idle>-0       [001] dnh.. 20059.211773: sched_wakeup: comm=rcu_sched pid=15 prio=120 target_cpu=001
          <idle>-0       [001] d.... 20059.211794: sched_switch: prev_comm=swapper/1 prev_pid=0 prev_prio=120 prev_state=R ==> next_comm=rcu_sched next_pid=15 next_prio=120
       rcu_sched-15      [001] d.... 20059.211825: sched_switch: prev_comm=rcu_sched prev_pid=15 prev_prio=120 prev_state=I ==> next_comm=swapper/1 next_pid=0 next_prio=120
          <idle>-0       [001] dns.. 20059.241674: sched_wakeup: comm=rcu_sched pid=15 prio=120 target_cpu=001
          <idle>-0       [001] d.... 20059.241722: sched_switch: prev_comm=swapper/1 prev_pid=0 prev_prio=120 prev_state=R ==> next_comm=rcu_sched next_pid=15 next_prio=120
       rcu_sched-15      [001] d.... 20059.241758: sched_switch: prev_comm=rcu_sched prev_pid=15 prev_prio=120 prev_state=I ==> next_comm=swapper/1 next_pid=0 next_prio=120
          <idle>-0       [003] dnh.. 20059.252208: sched_wakeup: comm=kworker/u16:0 pid=419 prio=120 target_cpu=003
            sudo-619     [002] d.... 20059.252239: sched_switch: prev_comm=sudo prev_pid=619 prev_prio=120 prev_state=S ==> next_comm=swapper/2 next_pid=0 next_prio=120
          <idle>-0       [003] d.... 20059.252286: sched_switch: prev_comm=swapper/3 prev_pid=0 prev_prio=120 prev_state=R ==> next_comm=kworker/u16:0 next_pid=419 next_prio=120
   kworker/u16:0-419     [003] d.... 20059.252425: sched_switch: prev_comm=kworker/u16:0 prev_pid=419 prev_prio=120 prev_state=I ==> next_comm=swapper/3 next_pid=0 next_prio=120
          <idle>-0       [000] dnh.. 20059.252435: sched_wakeup: comm=sshd pid=562 prio=120 target_cpu=000
          <idle>-0       [000] d.... 20059.252503: sched_switch: prev_comm=swapper/0 prev_pid=0 prev_prio=120 prev_state=R ==> next_comm=sshd next_pid=562 next_prio=120
            sshd-562     [000] d.... 20059.253158: sched_switch: prev_comm=sshd prev_pid=562 prev_prio=120 prev_state=S ==> next_comm=swapper/0 next_pid=0 next_prio=120
          <idle>-0       [001] dns.. 20059.261688: sched_wakeup: comm=rcu_sched pid=15 prio=120 target_cpu=001
          <idle>-0       [001] d.... 20059.261737: sched_switch: prev_comm=swapper/1 prev_pid=0 prev_prio=120 prev_state=R ==> next_comm=rcu_sched next_pid=15 next_prio=120
       rcu_sched-15      [001] d.... 20059.261773: sched_switch: prev_comm=rcu_sched prev_pid=15 prev_prio=120 prev_state=I ==> next_comm=swapper/1 next_pid=0 next_prio=120
          <idle>-0       [001] dns.. 20059.281669: sched_wakeup: comm=kworker/1:0 pid=592 prio=120 target_cpu=001
          <idle>-0       [002] dnh.. 20059.281727: sched_wakeup: comm=rcu_sched pid=15 prio=120 target_cpu=002
          <idle>-0       [001] d.... 20059.281733: sched_switch: prev_comm=swapper/1 prev_pid=0 prev_prio=120 prev_state=R ==> next_comm=kworker/1:0 next_pid=592 next_prio=120
          <idle>-0       [002] d.... 20059.281752: sched_switch: prev_comm=swapper/2 prev_pid=0 prev_prio=120 prev_state=R ==> next_comm=rcu_sched next_pid=15 next_prio=120
     kworker/1:0-592     [001] d.... 20059.281780: sched_switch: prev_comm=kworker/1:0 prev_pid=592 prev_prio=120 prev_state=I ==> next_comm=swapper/1 next_pid=0 next_prio=120
       rcu_sched-15      [002] d.... 20059.281807: sched_switch: prev_comm=rcu_sched prev_pid=15 prev_prio=120 prev_state=I ==> next_comm=swapper/2 next_pid=0 next_prio=120
          <idle>-0       [002] dns.. 20059.291766: sched_wakeup: comm=kworker/2:0 pid=557 prio=120 target_cpu=002
          <idle>-0       [002] dns.. 20059.291938: sched_wakeup: comm=ksoftirqd/2 pid=27 prio=120 target_cpu=002
          <idle>-0       [002] d.... 20059.291979: sched_switch: prev_comm=swapper/2 prev_pid=0 prev_prio=120 prev_state=R ==> next_comm=kworker/2:0 next_pid=557 next_prio=120
     kworker/2:0-557     [002] d.... 20059.292115: sched_switch: prev_comm=kworker/2:0 prev_pid=557 prev_prio=120 prev_state=I ==> next_comm=ksoftirqd/2 next_pid=27 next_prio=120
     ksoftirqd/2-27      [002] d.... 20059.292169: sched_switch: prev_comm=ksoftirqd/2 prev_pid=27 prev_prio=120 prev_state=S ==> next_comm=swapper/2 next_pid=0 next_prio=120
          <idle>-0       [002] dns.. 20059.301754: sched_wakeup: comm=rcu_sched pid=15 prio=120 target_cpu=002
          <idle>-0       [002] d.... 20059.301840: sched_switch: prev_comm=swapper/2 prev_pid=0 prev_prio=120 prev_state=R ==> next_comm=rcu_sched next_pid=15 next_prio=120
       rcu_sched-15      [002] d.... 20059.301905: sched_switch: prev_comm=rcu_sched prev_pid=15 prev_prio=120 prev_state=I ==> next_comm=swapper/2 next_pid=0 next_prio=120
          <idle>-0       [001] dns.. 20059.451712: sched_wakeup: comm=kworker/1:0 pid=592 prio=120 target_cpu=001
          <idle>-0       [001] d.... 20059.451788: sched_switch: prev_comm=swapper/1 prev_pid=0 prev_prio=120 prev_state=R ==> next_comm=kworker/1:0 next_pid=592 next_prio=120
     kworker/1:0-592     [001] d.h.. 20059.451851: sched_wakeup: comm=kworker/1:0 pid=592 prio=120 target_cpu=001
     kworker/1:0-592     [001] d.... 20059.451915: sched_switch: prev_comm=kworker/1:0 prev_pid=592 prev_prio=120 prev_state=I ==> next_comm=swapper/1 next_pid=0 next_prio=120
          <idle>-0       [000] dns.. 20059.491688: sched_wakeup: comm=kworker/0:2 pid=568 prio=120 target_cpu=000
          <idle>-0       [000] d.... 20059.491752: sched_switch: prev_comm=swapper/0 prev_pid=0 prev_prio=120 prev_state=R ==> next_comm=kworker/0:2 next_pid=568 next_prio=120
     kworker/0:2-568     [000] d.... 20059.491812: sched_switch: prev_comm=kworker/0:2 prev_pid=568 prev_prio=120 prev_state=I ==> next_comm=swapper/0 next_pid=0 next_prio=120
          <idle>-0       [003] dnH.. 20059.691777: sched_wakeup: comm=kworker/u16:0 pid=419 prio=120 target_cpu=003
          <idle>-0       [003] d.... 20059.691928: sched_switch: prev_comm=swapper/3 prev_pid=0 prev_prio=120 prev_state=R ==> next_comm=kworker/u16:0 next_pid=419 next_prio=120
   kworker/u16:0-419     [003] d.... 20059.692055: sched_switch: prev_comm=kworker/u16:0 prev_pid=419 prev_prio=120 prev_state=I ==> next_comm=swapper/3 next_pid=0 next_prio=120
          <idle>-0       [000] dns.. 20059.701771: sched_wakeup: comm=kworker/0:2 pid=568 prio=120 target_cpu=000
          <idle>-0       [000] d.... 20059.701886: sched_switch: prev_comm=swapper/0 prev_pid=0 prev_prio=120 prev_state=R ==> next_comm=kworker/0:2 next_pid=568 next_prio=120
     kworker/0:2-568     [000] d.... 20059.701997: sched_switch: prev_comm=kworker/0:2 prev_pid=568 prev_prio=120 prev_state=I ==> next_comm=swapper/0 next_pid=0 next_prio=120
          <idle>-0       [000] dns.. 20059.721703: sched_wakeup: comm=kcompactd0 pid=44 prio=120 target_cpu=000
          <idle>-0       [000] d.... 20059.721749: sched_switch: prev_comm=swapper/0 prev_pid=0 prev_prio=120 prev_state=R ==> next_comm=kcompactd0 next_pid=44 next_prio=120
      kcompactd0-44      [000] d.... 20059.721780: sched_switch: prev_comm=kcompactd0 prev_pid=44 prev_prio=120 prev_state=S ==> next_comm=swapper/0 next_pid=0 next_prio=120
          <idle>-0       [001] dns.. 20059.851715: sched_wakeup: comm=kworker/1:0 pid=592 prio=120 target_cpu=001
          <idle>-0       [001] d.... 20059.851782: sched_switch: prev_comm=swapper/1 prev_pid=0 prev_prio=120 prev_state=R ==> next_comm=kworker/1:0 next_pid=592 next_prio=120
          <idle>-0       [003] dns.. 20059.851793: sched_wakeup: comm=kworker/u16:0 pid=419 prio=120 target_cpu=003
     kworker/1:0-592     [001] d.... 20059.851876: sched_switch: prev_comm=kworker/1:0 prev_pid=592 prev_prio=120 prev_state=I ==> next_comm=swapper/1 next_pid=0 next_prio=120
          <idle>-0       [003] d.... 20059.851893: sched_switch: prev_comm=swapper/3 prev_pid=0 prev_prio=120 prev_state=R ==> next_comm=kworker/u16:0 next_pid=419 next_prio=120
   kworker/u16:0-419     [003] d.... 20059.851996: sched_switch: prev_comm=kworker/u16:0 prev_pid=419 prev_prio=120 prev_state=I ==> next_comm=swapper/3 next_pid=0 next_prio=120
          <idle>-0       [001] dns.. 20059.911695: sched_wakeup: comm=kworker/1:0 pid=592 prio=120 target_cpu=001
          <idle>-0       [001] d.... 20059.911734: sched_switch: prev_comm=swapper/1 prev_pid=0 prev_prio=120 prev_state=R ==> next_comm=kworker/1:0 next_pid=592 next_prio=120
     kworker/1:0-592     [001] d.... 20059.911784: sched_switch: prev_comm=kworker/1:0 prev_pid=592 prev_prio=120 prev_state=I ==> next_comm=swapper/1 next_pid=0 next_prio=120
          <idle>-0       [001] dns.. 20060.011677: sched_wakeup: comm=kworker/1:0 pid=592 prio=120 target_cpu=001
          <idle>-0       [001] d.... 20060.011726: sched_switch: prev_comm=swapper/1 prev_pid=0 prev_prio=120 prev_state=R ==> next_comm=kworker/1:0 next_pid=592 next_prio=120
     kworker/1:0-592     [001] d.... 20060.011762: sched_switch: prev_comm=kworker/1:0 prev_pid=592 prev_prio=120 prev_state=I ==> next_comm=swapper/1 next_pid=0 next_prio=120
          <idle>-0       [002] dns.. 20060.021770: sched_wakeup: comm=kworker/2:0 pid=557 prio=120 target_cpu=002
          <idle>-0       [002] d.... 20060.021894: sched_switch: prev_comm=swapper/2 prev_pid=0 prev_prio=120 prev_state=R ==> next_comm=kworker/2:0 next_pid=557 next_prio=120
     kworker/2:0-557     [002] d.... 20060.022004: sched_switch: prev_comm=kworker/2:0 prev_pid=557 prev_prio=120 prev_state=I ==> next_comm=swapper/2 next_pid=0 next_prio=120
          <idle>-0       [000] dnh.. 20060.116269: sched_wakeup: comm=sshd pid=562 prio=120 target_cpu=000
          <idle>-0       [000] d.... 20060.116348: sched_switch: prev_comm=swapper/0 prev_pid=0 prev_prio=120 prev_state=R ==> next_comm=sshd next_pid=562 next_prio=120
          <idle>-0       [003] dnh.. 20060.117391: sched_wakeup: comm=kworker/u16:0 pid=419 prio=120 target_cpu=003
          <idle>-0       [003] d.... 20060.117465: sched_switch: prev_comm=swapper/3 prev_pid=0 prev_prio=120 prev_state=R ==> next_comm=kworker/u16:0 next_pid=419 next_prio=120
   kworker/u16:0-419     [003] d.... 20060.117543: sched_switch: prev_comm=kworker/u16:0 prev_pid=419 prev_prio=120 prev_state=I ==> next_comm=swapper/3 next_pid=0 next_prio=120
            sshd-562     [000] d.... 20060.118031: sched_switch: prev_comm=sshd prev_pid=562 prev_prio=120 prev_state=S ==> next_comm=swapper/0 next_pid=0 next_prio=120
          <idle>-0       [001] dns.. 20060.121685: sched_wakeup: comm=kworker/1:0 pid=592 prio=120 target_cpu=001
          <idle>-0       [001] d.... 20060.121743: sched_switch: prev_comm=swapper/1 prev_pid=0 prev_prio=120 prev_state=R ==> next_comm=kworker/1:0 next_pid=592 next_prio=120
     kworker/1:0-592     [001] d.... 20060.121792: sched_switch: prev_comm=kworker/1:0 prev_pid=592 prev_prio=120 prev_state=I ==> next_comm=swapper/1 next_pid=0 next_prio=120
          <idle>-0       [000] dns.. 20060.121815: sched_wakeup: comm=kworker/0:2 pid=568 prio=120 target_cpu=000
          <idle>-0       [000] d.... 20060.121931: sched_switch: prev_comm=swapper/0 prev_pid=0 prev_prio=120 prev_state=R ==> next_comm=kworker/0:2 next_pid=568 next_prio=120
     kworker/0:2-568     [000] d.... 20060.122015: sched_switch: prev_comm=kworker/0:2 prev_pid=568 prev_prio=120 prev_state=I ==> next_comm=swapper/0 next_pid=0 next_prio=120
          <idle>-0       [000] dnh.. 20060.176643: sched_wakeup: comm=sshd pid=562 prio=120 target_cpu=000
          <idle>-0       [000] d.... 20060.176689: sched_switch: prev_comm=swapper/0 prev_pid=0 prev_prio=120 prev_state=R ==> next_comm=sshd next_pid=562 next_prio=120
          <idle>-0       [003] dnh.. 20060.177200: sched_wakeup: comm=kworker/u16:0 pid=419 prio=120 target_cpu=003
          <idle>-0       [003] d.... 20060.177356: sched_switch: prev_comm=swapper/3 prev_pid=0 prev_prio=120 prev_state=R ==> next_comm=kworker/u16:0 next_pid=419 next_prio=120
   kworker/u16:0-419     [003] d.... 20060.177484: sched_switch: prev_comm=kworker/u16:0 prev_pid=419 prev_prio=120 prev_state=I ==> next_comm=swapper/3 next_pid=0 next_prio=120
            sshd-562     [000] d.... 20060.177832: sched_switch: prev_comm=sshd prev_pid=562 prev_prio=120 prev_state=S ==> next_comm=swapper/0 next_pid=0 next_prio=120
          <idle>-0       [000] dnH.. 20060.231800: sched_wakeup: comm=kcompactd0 pid=44 prio=120 target_cpu=000
          <idle>-0       [000] d.... 20060.231932: sched_switch: prev_comm=swapper/0 prev_pid=0 prev_prio=120 prev_state=R ==> next_comm=kcompactd0 next_pid=44 next_prio=120
      kcompactd0-44      [000] d.... 20060.232012: sched_switch: prev_comm=kcompactd0 prev_pid=44 prev_prio=120 prev_state=S ==> next_comm=swapper/0 next_pid=0 next_prio=120
          <idle>-0       [000] dnh.. 20060.256781: sched_wakeup: comm=sshd pid=562 prio=120 target_cpu=000
          <idle>-0       [000] d.... 20060.256858: sched_switch: prev_comm=swapper/0 prev_pid=0 prev_prio=120 prev_state=R ==> next_comm=sshd next_pid=562 next_prio=120
          <idle>-0       [003] dnh.. 20060.257755: sched_wakeup: comm=kworker/u16:0 pid=419 prio=120 target_cpu=003
          <idle>-0       [003] d.... 20060.257836: sched_switch: prev_comm=swapper/3 prev_pid=0 prev_prio=120 prev_state=R ==> next_comm=kworker/u16:0 next_pid=419 next_prio=120
   kworker/u16:0-419     [003] d.... 20060.257915: sched_switch: prev_comm=kworker/u16:0 prev_pid=419 prev_prio=120 prev_state=I ==> next_comm=swapper/3 next_pid=0 next_prio=120
            sshd-562     [000] d.... 20060.258193: sched_switch: prev_comm=sshd prev_pid=562 prev_prio=120 prev_state=S ==> next_comm=swapper/0 next_pid=0 next_prio=120
          <idle>-0       [001] dns.. 20060.331691: sched_wakeup: comm=kworker/1:0 pid=592 prio=120 target_cpu=001
          <idle>-0       [001] d.... 20060.331748: sched_switch: prev_comm=swapper/1 prev_pid=0 prev_prio=120 prev_state=R ==> next_comm=kworker/1:0 next_pid=592 next_prio=120
     kworker/1:0-592     [001] d.... 20060.331800: sched_switch: prev_comm=kworker/1:0 prev_pid=592 prev_prio=120 prev_state=I ==> next_comm=swapper/1 next_pid=0 next_prio=120
          <idle>-0       [000] dnh.. 20060.517835: sched_wakeup: comm=sshd pid=562 prio=120 target_cpu=000
          <idle>-0       [000] d.... 20060.517922: sched_switch: prev_comm=swapper/0 prev_pid=0 prev_prio=120 prev_state=R ==> next_comm=sshd next_pid=562 next_prio=120
          <idle>-0       [003] dnh.. 20060.518530: sched_wakeup: comm=kworker/u16:0 pid=419 prio=120 target_cpu=003
          <idle>-0       [003] d.... 20060.518608: sched_switch: prev_comm=swapper/3 prev_pid=0 prev_prio=120 prev_state=R ==> next_comm=kworker/u16:0 next_pid=419 next_prio=120
   kworker/u16:0-419     [003] d.... 20060.518683: sched_switch: prev_comm=kworker/u16:0 prev_pid=419 prev_prio=120 prev_state=I ==> next_comm=swapper/3 next_pid=0 next_prio=120
            sshd-562     [000] d.... 20060.518974: sched_switch: prev_comm=sshd prev_pid=562 prev_prio=120 prev_state=S ==> next_comm=swapper/0 next_pid=0 next_prio=120
          <idle>-0       [001] dns.. 20060.541684: sched_wakeup: comm=kworker/1:0 pid=592 prio=120 target_cpu=001
          <idle>-0       [001] d.... 20060.541742: sched_switch: prev_comm=swapper/1 prev_pid=0 prev_prio=120 prev_state=R ==> next_comm=kworker/1:0 next_pid=592 next_prio=120
     kworker/1:0-592     [001] d.... 20060.541793: sched_switch: prev_comm=kworker/1:0 prev_pid=592 prev_prio=120 prev_state=I ==> next_comm=swapper/1 next_pid=0 next_prio=120
          <idle>-0       [000] dns.. 20060.678553: sched_wakeup: comm=sshd pid=562 prio=120 target_cpu=000
          <idle>-0       [000] d.... 20060.678652: sched_switch: prev_comm=swapper/0 prev_pid=0 prev_prio=120 prev_state=R ==> next_comm=sshd next_pid=562 next_prio=120
          <idle>-0       [003] dnh.. 20060.679488: sched_wakeup: comm=kworker/u16:0 pid=419 prio=120 target_cpu=003
          <idle>-0       [003] d.... 20060.679560: sched_switch: prev_comm=swapper/3 prev_pid=0 prev_prio=120 prev_state=R ==> next_comm=kworker/u16:0 next_pid=419 next_prio=120
   kworker/u16:0-419     [003] d.... 20060.679633: sched_switch: prev_comm=kworker/u16:0 prev_pid=419 prev_prio=120 prev_state=I ==> next_comm=swapper/3 next_pid=0 next_prio=120
            sshd-562     [000] d.... 20060.679934: sched_switch: prev_comm=sshd prev_pid=562 prev_prio=120 prev_state=S ==> next_comm=swapper/0 next_pid=0 next_prio=120
          <idle>-0       [000] dns.. 20060.717764: sched_wakeup: comm=sshd pid=562 prio=120 target_cpu=000
          <idle>-0       [000] d.... 20060.717866: sched_switch: prev_comm=swapper/0 prev_pid=0 prev_prio=120 prev_state=R ==> next_comm=sshd next_pid=562 next_prio=120
          <idle>-0       [003] dnh.. 20060.718627: sched_wakeup: comm=kworker/u16:0 pid=419 prio=120 target_cpu=003
          <idle>-0       [003] d.... 20060.718707: sched_switch: prev_comm=swapper/3 prev_pid=0 prev_prio=120 prev_state=R ==> next_comm=kworker/u16:0 next_pid=419 next_prio=120
   kworker/u16:0-419     [003] d.... 20060.718771: sched_switch: prev_comm=kworker/u16:0 prev_pid=419 prev_prio=120 prev_state=I ==> next_comm=swapper/3 next_pid=0 next_prio=120
            sshd-562     [000] d.... 20060.719056: sched_switch: prev_comm=sshd prev_pid=562 prev_prio=120 prev_state=S ==> next_comm=swapper/0 next_pid=0 next_prio=120
          <idle>-0       [000] dns.. 20060.741690: sched_wakeup: comm=kworker/0:2 pid=568 prio=120 target_cpu=000
          <idle>-0       [000] dnH.. 20060.741721: sched_wakeup: comm=kcompactd0 pid=44 prio=120 target_cpu=000
          <idle>-0       [000] d.... 20060.741789: sched_switch: prev_comm=swapper/0 prev_pid=0 prev_prio=120 prev_state=R ==> next_comm=kworker/0:2 next_pid=568 next_prio=120
     kworker/0:2-568     [000] d.... 20060.741828: sched_switch: prev_comm=kworker/0:2 prev_pid=568 prev_prio=120 prev_state=I ==> next_comm=kcompactd0 next_pid=44 next_prio=120
      kcompactd0-44      [000] d.... 20060.741864: sched_switch: prev_comm=kcompactd0 prev_pid=44 prev_prio=120 prev_state=S ==> next_comm=swapper/0 next_pid=0 next_prio=120
          <idle>-0       [000] dns.. 20060.751687: sched_wakeup: comm=kworker/0:2 pid=568 prio=120 target_cpu=000
          <idle>-0       [000] d.... 20060.751734: sched_switch: prev_comm=swapper/0 prev_pid=0 prev_prio=120 prev_state=R ==> next_comm=kworker/0:2 next_pid=568 next_prio=120
     kworker/0:2-568     [000] d.... 20060.751778: sched_switch: prev_comm=kworker/0:2 prev_pid=568 prev_prio=120 prev_state=I ==> next_comm=swapper/0 next_pid=0 next_prio=120
          <idle>-0       [000] dnh.. 20060.835104: sched_wakeup: comm=sshd pid=562 prio=120 target_cpu=000
          <idle>-0       [000] d.... 20060.835279: sched_switch: prev_comm=swapper/0 prev_pid=0 prev_prio=120 prev_state=R ==> next_comm=sshd next_pid=562 next_prio=120
          <idle>-0       [003] dnh.. 20060.835907: sched_wakeup: comm=kworker/u16:0 pid=419 prio=120 target_cpu=003
          <idle>-0       [003] d.... 20060.835949: sched_switch: prev_comm=swapper/3 prev_pid=0 prev_prio=120 prev_state=R ==> next_comm=kworker/u16:0 next_pid=419 next_prio=120
   kworker/u16:0-419     [003] d.... 20060.835992: sched_switch: prev_comm=kworker/u16:0 prev_pid=419 prev_prio=120 prev_state=I ==> next_comm=swapper/3 next_pid=0 next_prio=120
            sshd-562     [000] d.... 20060.836370: sched_switch: prev_comm=sshd prev_pid=562 prev_prio=120 prev_state=S ==> next_comm=swapper/0 next_pid=0 next_prio=120
          <idle>-0       [001] dns.. 20060.891706: sched_wakeup: comm=kworker/1:0 pid=592 prio=120 target_cpu=001
          <idle>-0       [001] d.... 20060.891773: sched_switch: prev_comm=swapper/1 prev_pid=0 prev_prio=120 prev_state=R ==> next_comm=kworker/1:0 next_pid=592 next_prio=120
     kworker/1:0-592     [001] d.... 20060.891864: sched_switch: prev_comm=kworker/1:0 prev_pid=592 prev_prio=120 prev_state=I ==> next_comm=swapper/1 next_pid=0 next_prio=120
          <idle>-0       [001] dns.. 20060.961716: sched_wakeup: comm=kworker/1:0 pid=592 prio=120 target_cpu=001
          <idle>-0       [001] d.... 20060.961771: sched_switch: prev_comm=swapper/1 prev_pid=0 prev_prio=120 prev_state=R ==> next_comm=kworker/1:0 next_pid=592 next_prio=120
     kworker/1:0-592     [001] d.... 20060.961827: sched_switch: prev_comm=kworker/1:0 prev_pid=592 prev_prio=120 prev_state=I ==> next_comm=swapper/1 next_pid=0 next_prio=120
          <idle>-0       [003] dns.. 20061.021771: sched_wakeup: comm=kworker/u16:0 pid=419 prio=120 target_cpu=003
          <idle>-0       [003] d.... 20061.021880: sched_switch: prev_comm=swapper/3 prev_pid=0 prev_prio=120 prev_state=R ==> next_comm=kworker/u16:0 next_pid=419 next_prio=120
   kworker/u16:0-419     [003] d.... 20061.022012: sched_switch: prev_comm=kworker/u16:0 prev_pid=419 prev_prio=120 prev_state=I ==> next_comm=swapper/3 next_pid=0 next_prio=120
          <idle>-0       [000] dns.. 20061.051765: sched_wakeup: comm=kworker/0:2 pid=568 prio=120 target_cpu=000
          <idle>-0       [000] d.... 20061.051887: sched_switch: prev_comm=swapper/0 prev_pid=0 prev_prio=120 prev_state=R ==> next_comm=kworker/0:2 next_pid=568 next_prio=120
     kworker/0:2-568     [000] d.... 20061.052036: sched_switch: prev_comm=kworker/0:2 prev_pid=568 prev_prio=120 prev_state=I ==> next_comm=swapper/0 next_pid=0 next_prio=120
          <idle>-0       [003] dnh.. 20061.052051: sched_wakeup: comm=kworker/3:1 pid=570 prio=120 target_cpu=003
          <idle>-0       [003] d.... 20061.052088: sched_switch: prev_comm=swapper/3 prev_pid=0 prev_prio=120 prev_state=R ==> next_comm=kworker/3:1 next_pid=570 next_prio=120
     kworker/3:1-570     [003] d.... 20061.052131: sched_switch: prev_comm=kworker/3:1 prev_pid=570 prev_prio=120 prev_state=I ==> next_comm=swapper/3 next_pid=0 next_prio=120
          <idle>-0       [000] dns.. 20061.090429: sched_wakeup: comm=sshd pid=562 prio=120 target_cpu=000
          <idle>-0       [000] d.... 20061.090534: sched_switch: prev_comm=swapper/0 prev_pid=0 prev_prio=120 prev_state=R ==> next_comm=sshd next_pid=562 next_prio=120
          <idle>-0       [003] dnh.. 20061.091308: sched_wakeup: comm=kworker/u16:0 pid=419 prio=120 target_cpu=003
          <idle>-0       [003] d.... 20061.091374: sched_switch: prev_comm=swapper/3 prev_pid=0 prev_prio=120 prev_state=R ==> next_comm=kworker/u16:0 next_pid=419 next_prio=120
   kworker/u16:0-419     [003] d.... 20061.091447: sched_switch: prev_comm=kworker/u16:0 prev_pid=419 prev_prio=120 prev_state=I ==> next_comm=swapper/3 next_pid=0 next_prio=120
            sshd-562     [000] d.... 20061.092030: sched_switch: prev_comm=sshd prev_pid=562 prev_prio=120 prev_state=S ==> next_comm=swapper/0 next_pid=0 next_prio=120
          <idle>-0       [001] dns.. 20061.171677: sched_wakeup: comm=kworker/1:0 pid=592 prio=120 target_cpu=001
          <idle>-0       [001] d.... 20061.171727: sched_switch: prev_comm=swapper/1 prev_pid=0 prev_prio=120 prev_state=R ==> next_comm=kworker/1:0 next_pid=592 next_prio=120
     kworker/1:0-592     [001] d.... 20061.171774: sched_switch: prev_comm=kworker/1:0 prev_pid=592 prev_prio=120 prev_state=I ==> next_comm=swapper/1 next_pid=0 next_prio=120
          <idle>-0       [000] dnh.. 20061.209185: sched_wakeup: comm=sshd pid=562 prio=120 target_cpu=000
          <idle>-0       [000] d.... 20061.209276: sched_switch: prev_comm=swapper/0 prev_pid=0 prev_prio=120 prev_state=R ==> next_comm=sshd next_pid=562 next_prio=120
          <idle>-0       [003] dnh.. 20061.209786: sched_wakeup: comm=kworker/u16:0 pid=419 prio=120 target_cpu=003
          <idle>-0       [003] d.... 20061.209822: sched_switch: prev_comm=swapper/3 prev_pid=0 prev_prio=120 prev_state=R ==> next_comm=kworker/u16:0 next_pid=419 next_prio=120
            sshd-562     [000] d.... 20061.209859: sched_switch: prev_comm=sshd prev_pid=562 prev_prio=120 prev_state=S ==> next_comm=swapper/0 next_pid=0 next_prio=120
   kworker/u16:0-419     [003] d.... 20061.209886: sched_switch: prev_comm=kworker/u16:0 prev_pid=419 prev_prio=120 prev_state=I ==> next_comm=swapper/3 next_pid=0 next_prio=120
          <idle>-0       [002] dnh.. 20061.209932: sched_wakeup: comm=sudo pid=619 prio=120 target_cpu=002
          <idle>-0       [002] d.... 20061.209980: sched_switch: prev_comm=swapper/2 prev_pid=0 prev_prio=120 prev_state=R ==> next_comm=sudo next_pid=619 next_prio=120
          <idle>-0       [003] dnh.. 20061.210892: sched_wakeup: comm=kworker/u16:0 pid=419 prio=120 target_cpu=003
          <idle>-0       [003] d.... 20061.210931: sched_switch: prev_comm=swapper/3 prev_pid=0 prev_prio=120 prev_state=R ==> next_comm=kworker/u16:0 next_pid=419 next_prio=120
   kworker/u16:0-419     [003] d.... 20061.211002: sched_switch: prev_comm=kworker/u16:0 prev_pid=419 prev_prio=120 prev_state=I ==> next_comm=swapper/3 next_pid=0 next_prio=120
          <idle>-0       [000] dnh.. 20061.211038: sched_wakeup: comm=sshd pid=562 prio=120 target_cpu=000
          <idle>-0       [000] d.... 20061.211063: sched_switch: prev_comm=swapper/0 prev_pid=0 prev_prio=120 prev_state=R ==> next_comm=sshd next_pid=562 next_prio=120
            sshd-562     [000] d.... 20061.211787: sched_switch: prev_comm=sshd prev_pid=562 prev_prio=120 prev_state=S ==> next_comm=swapper/0 next_pid=0 next_prio=120
            sudo-619     [002] dns.. 20061.211812: sched_wakeup: comm=ksoftirqd/2 pid=27 prio=120 target_cpu=002
            sudo-619     [002] d.... 20061.211857: sched_switch: prev_comm=sudo prev_pid=619 prev_prio=120 prev_state=R+ ==> next_comm=ksoftirqd/2 next_pid=27 next_prio=120
     ksoftirqd/2-27      [002] d.... 20061.211940: sched_switch: prev_comm=ksoftirqd/2 prev_pid=27 prev_prio=120 prev_state=S ==> next_comm=sudo next_pid=619 next_prio=120
          <idle>-0       [000] dnH.. 20061.251772: sched_wakeup: comm=kcompactd0 pid=44 prio=120 target_cpu=000
          <idle>-0       [000] d.... 20061.251906: sched_switch: prev_comm=swapper/0 prev_pid=0 prev_prio=120 prev_state=R ==> next_comm=kcompactd0 next_pid=44 next_prio=120
      kcompactd0-44      [000] d.... 20061.251969: sched_switch: prev_comm=kcompactd0 prev_pid=44 prev_prio=120 prev_state=S ==> next_comm=swapper/0 next_pid=0 next_prio=120
          <idle>-0       [003] dnh.. 20061.291765: sched_wakeup: comm=kworker/u16:0 pid=419 prio=120 target_cpu=003
          <idle>-0       [003] d.... 20061.291844: sched_switch: prev_comm=swapper/3 prev_pid=0 prev_prio=120 prev_state=R ==> next_comm=kworker/u16:0 next_pid=419 next_prio=120
   kworker/u16:0-419     [003] d.... 20061.291966: sched_switch: prev_comm=kworker/u16:0 prev_pid=419 prev_prio=120 prev_state=I ==> next_comm=swapper/3 next_pid=0 next_prio=120
          <idle>-0       [001] dns.. 20061.381676: sched_wakeup: comm=kworker/1:0 pid=592 prio=120 target_cpu=001
          <idle>-0       [001] d.... 20061.381715: sched_switch: prev_comm=swapper/1 prev_pid=0 prev_prio=120 prev_state=R ==> next_comm=kworker/1:0 next_pid=592 next_prio=120
     kworker/1:0-592     [001] d.... 20061.381755: sched_switch: prev_comm=kworker/1:0 prev_pid=592 prev_prio=120 prev_state=I ==> next_comm=swapper/1 next_pid=0 next_prio=120
          <idle>-0       [001] dns.. 20061.531676: sched_wakeup: comm=kworker/1:0 pid=592 prio=120 target_cpu=001
          <idle>-0       [001] d.... 20061.531712: sched_switch: prev_comm=swapper/1 prev_pid=0 prev_prio=120 prev_state=R ==> next_comm=kworker/1:0 next_pid=592 next_prio=120
     kworker/1:0-592     [001] d.h.. 20061.531761: sched_wakeup: comm=kworker/1:0 pid=592 prio=120 target_cpu=001
     kworker/1:0-592     [001] d.... 20061.531798: sched_switch: prev_comm=kworker/1:0 prev_pid=592 prev_prio=120 prev_state=D ==> next_comm=swapper/1 next_pid=0 next_prio=120
          <idle>-0       [001] dnh.. 20061.531840: sched_wakeup: comm=kworker/1:0 pid=592 prio=120 target_cpu=001
          <idle>-0       [001] d.... 20061.531855: sched_switch: prev_comm=swapper/1 prev_pid=0 prev_prio=120 prev_state=R ==> next_comm=kworker/1:0 next_pid=592 next_prio=120
     kworker/1:0-592     [001] d.... 20061.531881: sched_switch: prev_comm=kworker/1:0 prev_pid=592 prev_prio=120 prev_state=I ==> next_comm=swapper/1 next_pid=0 next_prio=120
          <idle>-0       [001] dns.. 20061.591674: sched_wakeup: comm=kworker/1:0 pid=592 prio=120 target_cpu=001
          <idle>-0       [001] d.... 20061.591721: sched_switch: prev_comm=swapper/1 prev_pid=0 prev_prio=120 prev_state=R ==> next_comm=kworker/1:0 next_pid=592 next_prio=120
     kworker/1:0-592     [001] d.... 20061.591767: sched_switch: prev_comm=kworker/1:0 prev_pid=592 prev_prio=120 prev_state=I ==> next_comm=swapper/1 next_pid=0 next_prio=120
          <idle>-0       [000] dnH.. 20061.761740: sched_wakeup: comm=kcompactd0 pid=44 prio=120 target_cpu=000
          <idle>-0       [000] d.... 20061.761858: sched_switch: prev_comm=swapper/0 prev_pid=0 prev_prio=120 prev_state=R ==> next_comm=kcompactd0 next_pid=44 next_prio=120
      kcompactd0-44      [000] d.... 20061.761921: sched_switch: prev_comm=kcompactd0 prev_pid=44 prev_prio=120 prev_state=S ==> next_comm=swapper/0 next_pid=0 next_prio=120
          <idle>-0       [001] dns.. 20061.801673: sched_wakeup: comm=kworker/1:0 pid=592 prio=120 target_cpu=001
          <idle>-0       [001] d.... 20061.801720: sched_switch: prev_comm=swapper/1 prev_pid=0 prev_prio=120 prev_state=R ==> next_comm=kworker/1:0 next_pid=592 next_prio=120
     kworker/1:0-592     [001] d.... 20061.801766: sched_switch: prev_comm=kworker/1:0 prev_pid=592 prev_prio=120 prev_state=I ==> next_comm=swapper/1 next_pid=0 next_prio=120
          <idle>-0       [001] dns.. 20061.931684: sched_wakeup: comm=kworker/1:0 pid=592 prio=120 target_cpu=001
            sudo-619     [002] dns.. 20061.931705: sched_wakeup: comm=kworker/2:1H pid=72 prio=100 target_cpu=002
          <idle>-0       [001] d.... 20061.931739: sched_switch: prev_comm=swapper/1 prev_pid=0 prev_prio=120 prev_state=R ==> next_comm=kworker/1:0 next_pid=592 next_prio=120
            sudo-619     [002] d.... 20061.931816: sched_switch: prev_comm=sudo prev_pid=619 prev_prio=120 prev_state=R ==> next_comm=kworker/2:1H next_pid=72 next_prio=100
     kworker/1:0-592     [001] d.... 20061.931827: sched_switch: prev_comm=kworker/1:0 prev_pid=592 prev_prio=120 prev_state=I ==> next_comm=swapper/1 next_pid=0 next_prio=120
          <idle>-0       [003] dnh.. 20061.931837: sched_wakeup: comm=rcu_sched pid=15 prio=120 target_cpu=003
    kworker/2:1H-72      [002] d.... 20061.931867: sched_switch: prev_comm=kworker/2:1H prev_pid=72 prev_prio=100 prev_state=I ==> next_comm=sudo next_pid=619 next_prio=120
          <idle>-0       [003] d.... 20061.931894: sched_switch: prev_comm=swapper/3 prev_pid=0 prev_prio=120 prev_state=R ==> next_comm=rcu_sched next_pid=15 next_prio=120
       rcu_sched-15      [003] d.... 20061.931966: sched_switch: prev_comm=rcu_sched prev_pid=15 prev_prio=120 prev_state=I ==> next_comm=swapper/3 next_pid=0 next_prio=120
          <idle>-0       [003] dnh.. 20061.932322: sched_wakeup: comm=jbd2/mmcblk0-8 pid=79 prio=120 target_cpu=003
          <idle>-0       [003] d.... 20061.932351: sched_switch: prev_comm=swapper/3 prev_pid=0 prev_prio=120 prev_state=R ==> next_comm=jbd2/mmcblk0-8 next_pid=79 next_prio=120
  jbd2/mmcblk0-8-79      [003] d.s.. 20061.943999: sched_wakeup: comm=kworker/3:1 pid=570 prio=120 target_cpu=003
  jbd2/mmcblk0-8-79      [003] dns.. 20061.944019: sched_wakeup: comm=ksoftirqd/3 pid=32 prio=120 target_cpu=003
  jbd2/mmcblk0-8-79      [003] d.... 20061.944041: sched_switch: prev_comm=jbd2/mmcblk0-8 prev_pid=79 prev_prio=120 prev_state=R+ ==> next_comm=kworker/3:1 next_pid=570 next_prio=120
     kworker/3:1-570     [003] d.... 20061.944070: sched_switch: prev_comm=kworker/3:1 prev_pid=570 prev_prio=120 prev_state=D ==> next_comm=jbd2/mmcblk0-8 next_pid=79 next_prio=120
  jbd2/mmcblk0-8-79      [003] d.... 20061.944090: sched_wakeup: comm=kworker/3:1 pid=570 prio=120 target_cpu=003
  jbd2/mmcblk0-8-79      [003] d.... 20061.944107: sched_switch: prev_comm=jbd2/mmcblk0-8 prev_pid=79 prev_prio=120 prev_state=D ==> next_comm=ksoftirqd/3 next_pid=32 next_prio=120
     ksoftirqd/3-32      [003] d.s.. 20061.944130: sched_wakeup: comm=kworker/3:2 pid=476 prio=120 target_cpu=003
     ksoftirqd/3-32      [003] d.... 20061.944264: sched_switch: prev_comm=ksoftirqd/3 prev_pid=32 prev_prio=120 prev_state=S ==> next_comm=kworker/3:1 next_pid=570 next_prio=120
     kworker/3:1-570     [003] d.... 20061.944312: sched_switch: prev_comm=kworker/3:1 prev_pid=570 prev_prio=120 prev_state=I ==> next_comm=kworker/3:2 next_pid=476 next_prio=120
          <idle>-0       [000] d.h.. 20061.944330: sched_wakeup: comm=irq/113-mmc0 pid=73 prio=49 target_cpu=003
     kworker/3:2-476     [003] d.... 20061.944345: sched_switch: prev_comm=kworker/3:2 prev_pid=476 prev_prio=120 prev_state=I ==> next_comm=irq/113-mmc0 next_pid=73 next_prio=49
    irq/113-mmc0-73      [003] d.... 20061.944395: sched_wakeup: comm=kworker/3:1H pid=77 prio=100 target_cpu=003
    irq/113-mmc0-73      [003] d.... 20061.944421: sched_switch: prev_comm=irq/113-mmc0 prev_pid=73 prev_prio=49 prev_state=S ==> next_comm=kworker/3:1H next_pid=77 next_prio=100
          <idle>-0       [000] dnh.. 20061.944511: sched_wakeup: comm=jbd2/mmcblk0-8 pid=79 prio=120 target_cpu=000
    kworker/3:1H-77      [003] d.... 20061.944522: sched_switch: prev_comm=kworker/3:1H prev_pid=77 prev_prio=100 prev_state=I ==> next_comm=swapper/3 next_pid=0 next_prio=120
          <idle>-0       [000] d.... 20061.944541: sched_switch: prev_comm=swapper/0 prev_pid=0 prev_prio=120 prev_state=R ==> next_comm=jbd2/mmcblk0-8 next_pid=79 next_prio=120
  jbd2/mmcblk0-8-79      [000] d.... 20061.945390: sched_switch: prev_comm=jbd2/mmcblk0-8 prev_pid=79 prev_prio=120 prev_state=D ==> next_comm=swapper/0 next_pid=0 next_prio=120
          <idle>-0       [001] dns.. 20061.945437: sched_wakeup: comm=kworker/1:0 pid=592 prio=120 target_cpu=001
          <idle>-0       [001] d.... 20061.945493: sched_switch: prev_comm=swapper/1 prev_pid=0 prev_prio=120 prev_state=R ==> next_comm=kworker/1:0 next_pid=592 next_prio=120
     kworker/1:0-592     [001] d.... 20061.945556: sched_switch: prev_comm=kworker/1:0 prev_pid=592 prev_prio=120 prev_state=I ==> next_comm=swapper/1 next_pid=0 next_prio=120
          <idle>-0       [003] dnh.. 20061.945585: sched_wakeup: comm=irq/113-mmc0 pid=73 prio=49 target_cpu=003
          <idle>-0       [003] d.... 20061.945603: sched_switch: prev_comm=swapper/3 prev_pid=0 prev_prio=120 prev_state=R ==> next_comm=irq/113-mmc0 next_pid=73 next_prio=49
    irq/113-mmc0-73      [003] d.... 20061.945629: sched_wakeup: comm=kworker/3:1H pid=77 prio=100 target_cpu=003
    irq/113-mmc0-73      [003] d.... 20061.945640: sched_switch: prev_comm=irq/113-mmc0 prev_pid=73 prev_prio=49 prev_state=S ==> next_comm=kworker/3:1H next_pid=77 next_prio=100
    kworker/3:1H-77      [003] d.... 20061.945694: sched_switch: prev_comm=kworker/3:1H prev_pid=77 prev_prio=100 prev_state=I ==> next_comm=swapper/3 next_pid=0 next_prio=120
          <idle>-0       [000] dnh.. 20061.945695: sched_wakeup: comm=jbd2/mmcblk0-8 pid=79 prio=120 target_cpu=000
          <idle>-0       [000] d.... 20061.945712: sched_switch: prev_comm=swapper/0 prev_pid=0 prev_prio=120 prev_state=R ==> next_comm=jbd2/mmcblk0-8 next_pid=79 next_prio=120
  jbd2/mmcblk0-8-79      [000] d.... 20061.945796: sched_switch: prev_comm=jbd2/mmcblk0-8 prev_pid=79 prev_prio=120 prev_state=S ==> next_comm=swapper/0 next_pid=0 next_prio=120
          <idle>-0       [003] dns.. 20061.951712: sched_wakeup: comm=rcu_sched pid=15 prio=120 target_cpu=003
          <idle>-0       [003] d.... 20061.951768: sched_switch: prev_comm=swapper/3 prev_pid=0 prev_prio=120 prev_state=R ==> next_comm=rcu_sched next_pid=15 next_prio=120
       rcu_sched-15      [003] d.... 20061.951808: sched_switch: prev_comm=rcu_sched prev_pid=15 prev_prio=120 prev_state=I ==> next_comm=swapper/3 next_pid=0 next_prio=120
          <idle>-0       [000] dnh.. 20061.951888: sched_wakeup: comm=systemd-journal pid=114 prio=120 target_cpu=000
          <idle>-0       [000] d.... 20061.951933: sched_switch: prev_comm=swapper/0 prev_pid=0 prev_prio=120 prev_state=R ==> next_comm=systemd-journal next_pid=114 next_prio=120
          <idle>-0       [001] dnh.. 20061.955699: sched_wakeup: comm=systemd-logind pid=152 prio=120 target_cpu=001
          <idle>-0       [001] d.... 20061.955725: sched_switch: prev_comm=swapper/1 prev_pid=0 prev_prio=120 prev_state=R ==> next_comm=systemd-logind next_pid=152 next_prio=120
          <idle>-0       [003] dnh.. 20061.956208: sched_wakeup: comm=systemd pid=1 prio=120 target_cpu=003
          <idle>-0       [003] d.... 20061.956238: sched_switch: prev_comm=swapper/3 prev_pid=0 prev_prio=120 prev_state=R ==> next_comm=systemd next_pid=1 next_prio=120
         systemd-1       [003] d.... 20061.957434: sched_switch: prev_comm=systemd prev_pid=1 prev_prio=120 prev_state=S ==> next_comm=swapper/3 next_pid=0 next_prio=120
 systemd-journal-114     [000] d.... 20061.957540: sched_switch: prev_comm=systemd-journal prev_pid=114 prev_prio=120 prev_state=S ==> next_comm=swapper/0 next_pid=0 next_prio=120
  systemd-logind-152     [001] d.... 20061.957943: sched_switch: prev_comm=systemd-logind prev_pid=152 prev_prio=120 prev_state=S ==> next_comm=swapper/1 next_pid=0 next_prio=120
          <idle>-0       [000] dnh.. 20061.960360: sched_wakeup: comm=systemd-journal pid=114 prio=120 target_cpu=000
          <idle>-0       [000] d.... 20061.960383: sched_switch: prev_comm=swapper/0 prev_pid=0 prev_prio=120 prev_state=R ==> next_comm=systemd-journal next_pid=114 next_prio=120
 systemd-journal-114     [000] d.... 20061.960977: sched_switch: prev_comm=systemd-journal prev_pid=114 prev_prio=120 prev_state=D ==> next_comm=swapper/0 next_pid=0 next_prio=120
          <idle>-0       [000] dnh.. 20061.961025: sched_wakeup: comm=systemd-journal pid=114 prio=120 target_cpu=000
          <idle>-0       [000] d.... 20061.961043: sched_switch: prev_comm=swapper/0 prev_pid=0 prev_prio=120 prev_state=R ==> next_comm=systemd-journal next_pid=114 next_prio=120
          <idle>-0       [003] dnH.. 20061.961768: sched_wakeup: comm=rcu_sched pid=15 prio=120 target_cpu=003
          <idle>-0       [003] d.... 20061.961837: sched_switch: prev_comm=swapper/3 prev_pid=0 prev_prio=120 prev_state=R ==> next_comm=rcu_sched next_pid=15 next_prio=120
       rcu_sched-15      [003] d.... 20061.961898: sched_switch: prev_comm=rcu_sched prev_pid=15 prev_prio=120 prev_state=I ==> next_comm=swapper/3 next_pid=0 next_prio=120
            sudo-619     [002] ..... 20061.961999: sys_clone+0xc/0x9c <-ret_fast_syscall+0x0/0x54
            sudo-619     [002] ..... 20061.962020: <stack trace>
 => sys_clone+0x10/0x9c
 => ret_fast_syscall+0x0/0x54
            sudo-619     [002] ..... 20061.962024: kernel_clone+0xc/0x388 <-sys_clone+0x78/0x9c
            sudo-619     [002] ..... 20061.962029: <stack trace>
 => kernel_clone+0x10/0x388
 => sys_clone+0x78/0x9c
 => ret_fast_syscall+0x0/0x54
            sudo-619     [002] ..... 20061.962032: copy_process+0xc/0x16a8 <-kernel_clone+0xac/0x388
            sudo-619     [002] ..... 20061.962036: <stack trace>
 => copy_process+0x10/0x16a8
 => kernel_clone+0xac/0x388
 => sys_clone+0x78/0x9c
 => ret_fast_syscall+0x0/0x54
            sudo-619     [002] ..... 20061.962688: sched_process_fork: comm=sudo pid=619 child_comm=sudo child_pid=620
          <idle>-0       [003] d.... 20061.962788: sched_switch: prev_comm=swapper/3 prev_pid=0 prev_prio=120 prev_state=R ==> next_comm=sudo next_pid=620 next_prio=120
 systemd-journal-114     [000] d.... 20061.963262: sched_switch: prev_comm=systemd-journal prev_pid=114 prev_prio=120 prev_state=S ==> next_comm=swapper/0 next_pid=0 next_prio=120
            sudo-619     [002] d.... 20061.964374: sched_switch: prev_comm=sudo prev_pid=619 prev_prio=120 prev_state=S ==> next_comm=swapper/2 next_pid=0 next_prio=120
            sudo-620     [003] ..... 20061.965218: sys_clone+0xc/0x9c <-ret_fast_syscall+0x0/0x54
            sudo-620     [003] ..... 20061.965233: <stack trace>
 => sys_clone+0x10/0x9c
 => ret_fast_syscall+0x0/0x54
            sudo-620     [003] ..... 20061.965236: kernel_clone+0xc/0x388 <-sys_clone+0x78/0x9c
            sudo-620     [003] ..... 20061.965241: <stack trace>
 => kernel_clone+0x10/0x388
 => sys_clone+0x78/0x9c
 => ret_fast_syscall+0x0/0x54
            sudo-620     [003] ..... 20061.965243: copy_process+0xc/0x16a8 <-kernel_clone+0xac/0x388
            sudo-620     [003] ..... 20061.965247: <stack trace>
 => copy_process+0x10/0x16a8
 => kernel_clone+0xac/0x388
 => sys_clone+0x78/0x9c
 => ret_fast_syscall+0x0/0x54
            sudo-620     [003] ..... 20061.965890: sched_process_fork: comm=sudo pid=620 child_comm=sudo child_pid=621
          <idle>-0       [001] d.... 20061.965982: sched_switch: prev_comm=swapper/1 prev_pid=0 prev_prio=120 prev_state=R ==> next_comm=sudo next_pid=621 next_prio=120
          <idle>-0       [002] dnh.. 20061.966208: sched_wakeup: comm=sudo pid=619 prio=120 target_cpu=002
          <idle>-0       [002] d.... 20061.966247: sched_switch: prev_comm=swapper/2 prev_pid=0 prev_prio=120 prev_state=R ==> next_comm=sudo next_pid=619 next_prio=120
            sudo-619     [002] d.... 20061.966797: sched_switch: prev_comm=sudo prev_pid=619 prev_prio=120 prev_state=S ==> next_comm=swapper/2 next_pid=0 next_prio=120
            sudo-620     [003] d.... 20061.967135: sched_switch: prev_comm=sudo prev_pid=620 prev_prio=120 prev_state=S ==> next_comm=swapper/3 next_pid=0 next_prio=120
          <idle>-0       [003] dnh.. 20061.972204: sched_wakeup: comm=sudo pid=620 prio=120 target_cpu=003
          <idle>-0       [003] d.... 20061.972226: sched_switch: prev_comm=swapper/3 prev_pid=0 prev_prio=120 prev_state=R ==> next_comm=sudo next_pid=620 next_prio=120
            sudo-620     [003] d.... 20061.972580: sched_switch: prev_comm=sudo prev_pid=620 prev_prio=120 prev_state=S ==> next_comm=swapper/3 next_pid=0 next_prio=120
          <idle>-0       [003] dns.. 20061.991753: sched_wakeup: comm=rcu_sched pid=15 prio=120 target_cpu=003
          <idle>-0       [003] d.... 20061.991832: sched_switch: prev_comm=swapper/3 prev_pid=0 prev_prio=120 prev_state=R ==> next_comm=rcu_sched next_pid=15 next_prio=120
       rcu_sched-15      [003] d.... 20061.991903: sched_switch: prev_comm=rcu_sched prev_pid=15 prev_prio=120 prev_state=I ==> next_comm=swapper/3 next_pid=0 next_prio=120
